timestamp,tower_id,users,available_bandwidth_mbps,latency_ms,packet_loss_pct,power_usage_pct,temperature_c,tower_load,bandwidth_usage,traffic_density,latency_ratio,packet_loss_ratio,power_efficiency,thermal_stress,utilization_score,congested
2026-01-01 00:00:00,T5,719,58.86,23.74,3.14,91.93,60.74,719,41.14,12.215426435609922,23.74,3.14,0.6402697704775372,60.74,305.124,0
2026-01-01 00:05:00,T2,449,74.76,17.72,1.68,49.52,63.14,449,25.239999999999995,6.005885500267523,17.72,1.68,1.5096930533117932,63.14,196.10800000000006,0
2026-01-01 00:10:00,T6,86,94.26,14.5,2.77,85.73,56.31,86,5.739999999999995,0.912370040314025,14.5,2.77,1.099498425288697,56.31,49.116,0
2026-01-01 00:15:00,T4,122,83.93,12.5,0.53,41.46,60.39,122,16.069999999999993,1.4535922792803526,12.5,0.53,2.0243608297153886,60.39,63.48400000000001,0
2026-01-01 00:20:00,T3,1491,24.88,32.37,4.0,37.75,37.94,1491,75.12,59.927652733118975,32.37,4.0,0.6590728476821192,37.94,611.262,1
2026-01-01 00:25:00,T7,999,59.72,25.28,3.7,42.23,42.46,999,40.28,16.72806430006698,25.28,3.7,1.414160549372484,42.46,413.88800000000003,1
2026-01-01 00:30:00,T1,1367,22.31,31.73,3.71,65.38,33.39,1367,77.69,61.27297176154191,31.73,3.71,0.34123585194249006,33.39,560.566,1
2026-01-01 00:35:00,T9,1150,35.02,31.7,3.37,45.9,21.35,1150,64.97999999999999,32.83837806967447,31.7,3.37,0.7629629629629631,21.35,471.28399999999993,1
2026-01-01 00:40:00,T4,1320,40.3,30.7,2.33,31.59,37.15,1320,59.7,32.75434243176179,30.7,2.33,1.2757201646090535,37.15,542.036,1
2026-01-01 00:45:00,T10,537,63.64,23.54,3.22,80.13,23.21,537,36.36,8.43808925204274,23.54,3.22,0.7942094097092226,23.21,224.794,0
2026-01-01 00:50:00,T2,736,55.33,26.1,2.54,83.39,63.13,736,44.67,13.302006144948491,26.1,2.54,0.6635088140064755,63.13,312.754,0
2026-01-01 00:55:00,T1,1302,31.99,26.88,3.6,60.46,53.18,1302,68.01,40.70021881838075,26.88,3.6,0.529110155474694,53.18,537.532,1
2026-01-01 01:00:00,T4,375,80.2,21.87,2.91,46.63,62.36,375,19.799999999999997,4.675810473815461,21.87,2.91,1.7199227964829509,62.36,167.428,0
2026-01-01 01:05:00,T8,98,100.45,15.44,0.55,85.37,51.97,98,-0.45000000000000284,0.975609756097561,15.44,0.55,1.1766428487759166,51.97,52.792,0
2026-01-01 01:10:00,T3,1461,21.78,29.25,3.93,50.85,53.31,1461,78.22,67.07988980716253,29.25,3.93,0.4283185840707965,53.31,601.698,1
2026-01-01 01:15:00,T2,670,74.65,19.05,1.18,77.99,23.25,670,25.349999999999994,8.97521768251842,19.05,1.18,0.9571739966662394,23.25,276.69599999999997,0
2026-01-01 01:20:00,T7,365,76.49,16.22,2.04,39.42,21.77,365,23.510000000000005,4.771865603346843,16.22,2.04,1.9403855910705223,21.77,154.006,0
2026-01-01 01:25:00,T3,1228,32.98,23.4,2.24,34.89,48.06,1228,67.02000000000001,37.234687689508796,23.4,2.24,0.9452565204929778,48.06,505.94000000000005,1
2026-01-01 01:30:00,T5,1443,23.44,29.47,1.72,72.32,28.54,1443,76.56,61.56143344709897,29.47,1.72,0.32411504424778764,28.54,589.1460000000001,1
2026-01-01 01:35:00,T4,163,98.26,13.81,0.38,36.01,54.68,163,1.7399999999999949,1.658864237736617,13.81,0.38,2.728686475978895,54.68,78.97399999999999,0
2026-01-01 01:40:00,T2,1312,33.15,32.9,2.7,78.12,55.81,1312,66.85,39.57767722473605,32.9,2.7,0.4243471582181259,55.81,543.0820000000001,1
2026-01-01 01:45:00,T6,109,90.6,17.67,0.33,82.56,34.04,109,9.400000000000006,1.2030905077262695,17.67,0.33,1.0973837209302324,34.04,54.008,0
2026-01-01 01:50:00,T2,1366,36.83,28.7,4.01,30.87,23.95,1366,63.17,37.0893293510725,28.7,4.01,1.193067703271785,23.95,557.732,1
2026-01-01 01:55:00,T10,387,72.12,17.57,2.75,45.62,28.2,387,27.879999999999995,5.366056572379367,17.57,2.75,1.5808855765015346,28.2,164.50400000000002,0
2026-01-01 02:00:00,T7,827,60.69,18.53,1.96,21.77,49.96,827,39.31,13.62662712143681,18.53,1.96,2.787781350482315,49.96,344.89000000000004,0
2026-01-01 02:05:00,T7,1286,41.82,27.28,3.88,85.24,35.33,1286,58.18,30.750836920133906,27.28,3.88,0.49061473486626,35.33,527.698,1
2026-01-01 02:10:00,T5,206,91.11,20.13,2.24,47.9,54.07,206,8.89,2.261003182965646,20.13,2.24,1.902087682672234,54.07,97.68799999999999,0
2026-01-01 02:15:00,T9,1298,37.93,25.57,2.32,79.32,62.84,1298,62.07,34.22093329818086,25.57,2.32,0.47818961169944535,62.84,537.3460000000001,1
2026-01-01 02:20:00,T8,352,78.39,17.43,2.51,71.24,21.42,352,21.61,4.490368669473147,17.43,2.51,1.1003649635036497,21.42,149.072,0
2026-01-01 02:25:00,T4,1003,40.27,26.47,1.56,92.84,21.43,1003,59.73,24.90687856965483,26.47,1.56,0.43375700129254635,21.43,411.09200000000004,1
2026-01-01 02:30:00,T5,1253,39.99,32.97,2.76,86.96,24.07,1253,60.01,31.332833208302073,32.97,2.76,0.4598666053357866,24.07,513.1600000000001,1
2026-01-01 02:35:00,T5,1259,32.67,25.72,1.65,24.28,52.96,1259,67.33,38.53688399142944,25.72,1.65,1.3455518945634266,52.96,519.666,1
2026-01-01 02:40:00,T9,171,88.17,12.82,0.45,92.54,44.18,171,11.829999999999998,1.9394351820347056,12.82,0.45,0.952777177436784,44.18,79.89,0
2026-01-01 02:45:00,T10,959,45.51,28.36,1.89,67.67,43.68,959,54.49,21.07229180399912,28.36,1.89,0.6725284468745382,43.68,398.386,1
2026-01-01 02:50:00,T4,1446,26.48,29.26,3.82,54.57,32.99,1446,73.52,54.607250755287005,29.26,3.82,0.4852483049294484,32.99,591.6139999999999,1
2026-01-01 02:55:00,T4,828,56.28,26.3,2.87,29.04,32.71,828,43.72,14.712153518123667,26.3,2.87,1.93801652892562,32.71,343.576,0
2026-01-01 03:00:00,T1,1097,38.47,28.32,2.05,84.4,27.96,1097,61.53,28.515726540161165,28.32,2.05,0.45580568720379144,27.96,450.466,1
2026-01-01 03:05:00,T5,350,86.85,18.44,0.92,71.23,62.74,350,13.150000000000006,4.02993667242372,18.44,0.92,1.2192896251579388,62.74,156.42,0
2026-01-01 03:10:00,T2,971,47.9,26.63,1.84,54.92,26.6,971,52.1,20.271398747390396,26.63,1.84,0.8721777130371449,26.6,399.41400000000004,1
2026-01-01 03:15:00,T10,1229,32.75,28.32,3.17,26.51,54.49,1229,67.25,37.52671755725191,28.32,3.17,1.2353828743870237,54.49,508.79600000000005,1
2026-01-01 03:20:00,T1,862,50.78,26.57,1.27,38.28,55.19,862,49.22,16.975187081528162,26.57,1.27,1.3265412748171368,55.19,361.40600000000006,0
2026-01-01 03:25:00,T6,558,78.3,20.92,1.77,72.31,26.55,558,21.700000000000003,7.126436781609196,20.92,1.77,1.082837781772922,26.55,233.04800000000003,0
2026-01-01 03:30:00,T5,1146,48.74,24.97,2.56,40.05,31.84,1146,51.26,23.51251538777185,24.97,2.56,1.2169787765293385,31.84,470.274,1
2026-01-01 03:35:00,T8,1262,46.86,32.36,3.57,25.1,64.68,1262,53.14,26.93128467776355,32.36,3.57,1.8669322709163345,64.68,524.922,1
2026-01-01 03:40:00,T8,1299,36.36,31.57,3.6,79.42,50.5,1299,63.64,35.726072607260726,31.57,3.6,0.4578191891211282,50.5,536.734,1
2026-01-01 03:45:00,T7,313,87.8,14.84,2.88,77.49,64.69,313,12.200000000000003,3.5649202733485197,14.84,2.88,1.1330494257323527,64.69,141.682,0
2026-01-01 03:50:00,T5,1111,38.16,30.2,2.18,88.09,29.2,1111,61.84,29.114255765199164,30.2,2.18,0.433193325008514,29.2,456.716,1
2026-01-01 03:55:00,T3,517,64.67,21.59,3.19,72.49,51.45,517,35.33,7.994433276635225,21.59,3.19,0.8921230514553733,51.45,222.04600000000002,0
2026-01-01 04:00:00,T1,51,106.51,17.33,1.75,86.57,34.92,51,-6.510000000000005,0.4788282790348324,17.33,1.75,1.2303338338916485,34.92,31.200000000000006,0
2026-01-01 04:05:00,T9,926,59.4,25.07,3.42,58.97,30.93,926,40.6,15.58922558922559,25.07,3.42,1.0072918433101576,30.93,382.28400000000005,1
2026-01-01 04:10:00,T2,979,42.03,30.04,2.56,30.85,53.44,979,57.97,23.29288603378539,30.04,2.56,1.3623987034035656,53.44,408.808,1
2026-01-01 04:15:00,T6,1278,30.91,24.48,3.34,43.87,41.19,1278,69.09,41.34584276933031,24.48,3.34,0.7045817187143835,41.19,525.002,1
2026-01-01 04:20:00,T8,242,85.35,13.29,3.09,75.81,27.98,242,14.650000000000006,2.8353837141183367,13.29,3.09,1.1258409180846853,27.98,105.67200000000001,0
2026-01-01 04:25:00,T4,1352,29.49,27.35,3.54,23.6,60.05,1352,70.51,45.84604950830791,27.35,3.54,1.2495762711864404,60.05,558.988,1
2026-01-01 04:30:00,T6,795,61.84,19.81,1.12,59.64,60.28,795,38.16,12.855756791720568,19.81,1.12,1.0368879946344736,60.28,334.24199999999996,0
2026-01-01 04:35:00,T1,866,65.34,21.18,2.79,21.72,52.52,866,34.66,13.25374961738598,21.18,2.79,3.00828729281768,52.52,361.69800000000004,0
2026-01-01 04:40:00,T10,591,68.68,20.54,0.61,51.18,51.37,591,31.319999999999993,8.605125218404192,20.54,0.61,1.3419304415787419,51.37,250.90400000000002,0
2026-01-01 04:45:00,T5,966,56.06,28.97,2.48,86.93,23.81,966,43.94,17.23153763824474,28.97,2.48,0.6448866904405843,23.81,397.452,1
2026-01-01 04:50:00,T6,1160,44.87,28.77,1.81,69.98,25.34,1160,55.13,25.85246266993537,28.77,1.81,0.6411831951986281,25.34,475.184,1
2026-01-01 04:55:00,T9,171,91.09,15.89,1.69,37.01,57.13,171,8.909999999999997,1.8772642441541332,15.89,1.69,2.4612266954877065,57.13,83.342,0
2026-01-01 05:00:00,T9,1089,53.53,31.56,2.17,87.73,30.31,1089,46.47,20.343732486456194,31.56,2.17,0.6101675595577339,30.31,448.4080000000001,1
2026-01-01 05:05:00,T10,1480,27.77,29.69,3.43,37.44,56.74,1480,72.23,53.29492257832193,29.69,3.43,0.7417200854700855,56.74,609.972,1
2026-01-01 05:10:00,T7,1420,36.24,29.65,1.42,38.02,54.03,1420,63.76,39.18322295805739,29.65,1.42,0.9531825355076275,54.03,585.02,1
2026-01-01 05:15:00,T10,431,74.6,14.21,0.67,68.86,22.4,431,25.400000000000006,5.777479892761394,14.21,0.67,1.0833575370316584,22.4,179.856,0
2026-01-01 05:20:00,T5,310,87.32,12.78,0.38,80.36,40.51,310,12.680000000000007,3.550160329821347,12.78,0.38,1.0866102538576405,40.51,134.73399999999998,0
2026-01-01 05:25:00,T10,330,91.82,13.84,1.57,49.17,53.12,330,8.180000000000007,3.5939882378566765,13.84,1.57,1.8673988204189544,53.12,145.706,0
2026-01-01 05:30:00,T1,1321,43.26,28.24,3.46,75.64,62.97,1321,56.74,30.536292186777626,28.24,3.46,0.5719196192490745,62.97,547.3340000000001,1
2026-01-01 05:35:00,T4,637,67.41,19.3,3.38,58.86,44.03,637,32.59,9.44963655244029,19.3,3.38,1.1452599388379205,44.03,268.142,0
2026-01-01 05:40:00,T7,1301,26.05,32.22,2.17,85.01,20.04,1301,73.95,49.94241842610364,32.22,2.17,0.3064345371132808,20.04,531.286,1
2026-01-01 05:45:00,T2,954,44.4,25.2,1.01,77.08,28.96,954,55.6,21.486486486486488,25.2,1.01,0.5760249091852621,28.96,392.634,1
2026-01-01 05:50:00,T5,1347,41.99,28.65,2.63,36.72,20.36,1347,58.01,32.07906644439152,28.65,2.63,1.1435185185185186,20.36,549.128,1
2026-01-01 05:55:00,T1,809,49.73,24.12,1.85,84.52,47.95,809,50.27,16.26784637040016,24.12,1.85,0.588381448177946,47.95,338.384,0
2026-01-01 06:00:00,T1,847,62.49,20.57,1.92,37.03,24.06,847,37.51,13.554168666986717,20.57,1.92,1.687550634620578,24.06,348.11,0
2026-01-01 06:05:00,T6,151,90.71,18.72,0.97,24.82,46.53,151,9.290000000000006,1.6646455738066366,18.72,0.97,3.6547139403706685,46.53,73.644,0
2026-01-01 06:10:00,T9,374,71.33,13.44,2.18,92.65,33.95,374,28.67,5.243235665218001,13.44,2.18,0.769886670264436,33.95,159.51399999999998,0
2026-01-01 06:15:00,T2,523,71.11,24.38,2.08,63.75,22.73,523,28.89,7.354802418787794,24.38,2.08,1.1154509803921568,22.73,219.038,0
2026-01-01 06:20:00,T10,753,57.12,25.08,3.59,23.35,37.11,753,42.88,13.182773109243698,25.08,3.59,2.4462526766595287,37.11,314.35600000000005,0
2026-01-01 06:25:00,T4,1219,38.59,28.42,3.02,59.84,52.82,1219,61.41,31.588494428608445,28.42,3.02,0.6448863636363636,52.82,504.45200000000006,1
2026-01-01 06:30:00,T3,625,63.51,24.86,2.76,29.47,50.39,625,36.49,9.840969925995907,24.86,2.76,2.155072955548015,50.39,265.602,0
2026-01-01 06:35:00,T6,1053,49.78,30.41,1.54,45.77,46.83,1053,50.22,21.153073523503416,30.41,1.54,1.0876119729080183,46.83,436.956,1
2026-01-01 06:40:00,T9,914,55.7,24.09,3.33,53.43,31.67,914,44.3,16.409335727109514,24.09,3.33,1.0424854950402396,31.67,377.418,1
2026-01-01 06:45:00,T9,491,74.18,19.04,2.99,84.94,41.2,491,25.819999999999993,6.619034780264221,19.04,2.99,0.8733223451848364,41.2,209.04600000000002,0
2026-01-01 06:50:00,T3,471,66.55,22.87,1.28,84.19,48.71,471,33.45,7.077385424492863,22.87,1.28,0.7904739280199549,48.71,202.972,0
2026-01-01 06:55:00,T10,270,80.28,17.18,0.73,28.72,47.85,270,19.72,3.3632286995515694,17.18,0.73,2.7952646239554317,47.85,121.15200000000002,0
2026-01-01 07:00:00,T3,957,56.31,22.55,2.06,48.97,59.89,957,43.69,16.995205114544486,22.55,2.06,1.1498876863385747,59.89,399.7,1
2026-01-01 07:05:00,T5,738,66.9,18.26,3.32,78.48,57.27,738,33.099999999999994,11.031390134529147,18.26,3.32,0.8524464831804281,57.27,310.96999999999997,0
2026-01-01 07:10:00,T3,279,95.79,13.02,0.6,25.09,35.81,279,4.209999999999994,2.9126213592233006,13.02,0.6,3.8178557194101237,35.81,121.48600000000002,0
2026-01-01 07:15:00,T7,382,79.73,16.47,1.13,30.12,45.12,382,20.269999999999996,4.7911701994230524,16.47,1.13,2.647078353253652,45.12,165.34400000000002,0
2026-01-01 07:20:00,T5,1389,40.09,31.81,3.89,70.57,46.76,1389,59.91,34.64704415066101,31.81,3.89,0.5680884228425678,46.76,572.092,1
2026-01-01 07:25:00,T7,581,78.55,22.66,1.91,46.94,55.32,581,21.450000000000003,7.3965626989178865,22.66,1.91,1.6734128674904134,55.32,248.37800000000001,0
2026-01-01 07:30:00,T7,762,70.18,26.45,1.03,54.58,58.09,762,29.819999999999993,10.85779424337418,26.45,1.03,1.285818981311836,58.09,321.91400000000004,0
2026-01-01 07:35:00,T5,1056,43.44,23.38,3.78,56.12,41.53,1056,56.56,24.30939226519337,23.38,3.78,0.7740555951532431,41.53,436.138,1
2026-01-01 07:40:00,T2,74,89.07,13.85,0.91,74.95,45.35,74,10.930000000000007,0.8308072302683284,13.85,0.91,1.1883922615076716,45.35,41.62200000000001,0
2026-01-01 07:45:00,T5,823,62.43,25.37,2.72,90.88,30.15,823,37.57,13.182764696460035,25.37,2.72,0.686949823943662,30.15,340.848,0
2026-01-01 07:50:00,T5,184,85.34,13.29,2.44,35.39,43.17,184,14.659999999999997,2.1560815561284272,13.29,2.44,2.4114156541395877,43.17,85.38000000000001,0
2026-01-01 07:55:00,T7,124,94.26,9.74,0.24,57.16,22.29,124,5.739999999999995,1.3155102906853384,9.74,0.24,1.6490552834149756,22.29,56.054,0
2026-01-01 08:00:00,T4,1455,28.81,30.92,2.71,44.66,26.21,1455,71.19,50.50329746615758,30.92,2.71,0.6450962830273176,26.21,593.968,1
2026-01-01 08:05:00,T2,925,50.42,27.01,2.18,21.07,55.23,925,49.58,18.345894486314954,27.01,2.18,2.3929757949691504,55.23,386.88399999999996,1
2026-01-01 08:10:00,T7,667,69.53,17.08,1.72,77.24,34.26,667,30.47,9.592981446857472,17.08,1.72,0.900181253236665,34.26,277.412,0
2026-01-01 08:15:00,T6,1408,25.63,31.21,1.18,92.73,50.3,1408,74.37,54.93562231759657,31.21,1.18,0.2763938315539739,50.3,579.7379999999999,1
2026-01-01 08:20:00,T6,218,89.48,16.79,1.21,55.37,29.79,218,10.519999999999996,2.4362986142154672,16.79,1.21,1.6160375654686654,29.79,96.75800000000001,0
2026-01-01 08:25:00,T8,578,68.9,15.41,1.56,22.63,41.68,578,31.099999999999994,8.388969521044991,15.41,1.56,3.0446310207688914,41.68,242.93000000000004,0
2026-01-01 08:30:00,T8,239,88.6,13.51,0.77,81.08,34.65,239,11.400000000000006,2.6975169300225734,13.51,0.77,1.0927479033053773,34.65,105.386,0
2026-01-01 08:35:00,T4,466,79.01,18.43,2.72,27.82,41.79,466,20.989999999999995,5.897987596506771,18.43,2.72,2.840043134435658,41.79,198.98800000000003,0
2026-01-01 08:40:00,T2,708,62.01,16.95,1.35,86.87,63.83,708,37.99,11.417513304305757,16.95,1.35,0.7138252561298492,63.83,299.626,0
2026-01-01 08:45:00,T4,808,68.74,27.28,3.13,59.8,44.54,808,31.260000000000005,11.754437009019494,27.28,3.13,1.1494983277591972,44.54,338.19000000000005,0
2026-01-01 08:50:00,T10,384,77.27,16.93,0.88,71.44,63.74,384,22.730000000000004,4.969587161899832,16.93,0.88,1.0816069428891377,63.74,169.91,0
2026-01-01 08:55:00,T6,992,55.96,30.18,3.19,25.87,34.39,992,44.04,17.726947819871338,30.18,3.19,2.163123308851952,34.39,410.352,1
2026-01-01 09:00:00,T4,1325,41.73,25.07,4.04,83.28,44.42,1325,58.27,31.751737359213998,25.07,4.04,0.5010806916426512,44.42,544.706,1
2026-01-01 09:05:00,T4,175,91.1,10.72,0.49,45.96,51.54,175,8.900000000000006,1.9209659714599343,10.72,0.49,1.9821583986074847,51.54,82.55000000000001,0
2026-01-01 09:10:00,T8,1427,30.41,30.08,4.15,71.65,36.62,1427,69.59,46.925353502137455,30.08,4.15,0.4244242847173761,36.62,584.97,1
2026-01-01 09:15:00,T1,1220,35.25,27.29,1.24,70.31,40.83,1220,64.75,34.60992907801418,27.29,1.24,0.5013511591523254,40.83,501.872,1
2026-01-01 09:20:00,T2,977,48.35,20.33,3.07,88.04,53.19,977,51.65,20.206825232678387,20.33,3.07,0.5491821899136756,53.19,406.11799999999994,1
2026-01-01 09:25:00,T8,318,76.61,20.38,2.07,43.73,26.45,318,23.39,4.150894139146326,20.38,2.07,1.7518865767207867,26.45,136.98,0
2026-01-01 09:30:00,T7,477,73.33,19.75,2.43,54.77,47.88,477,26.67,6.504841129142234,19.75,2.43,1.3388716450611649,47.88,204.81199999999998,0
2026-01-01 09:35:00,T6,412,76.75,22.67,1.62,57.33,63.41,412,23.25,5.368078175895765,22.67,1.62,1.3387406244549103,63.41,182.34,0
2026-01-01 09:40:00,T4,1155,45.97,23.39,2.53,42.47,61.13,1155,54.03,25.12508157494018,23.39,2.53,1.082411113727337,61.13,479.40999999999997,1
2026-01-01 09:45:00,T3,291,80.6,17.22,2.82,89.68,31.07,291,19.400000000000006,3.610421836228288,17.22,2.82,0.8987511150758251,31.07,126.622,0
2026-01-01 09:50:00,T9,963,54.12,23.33,2.9,57.98,38.04,963,45.88,17.79379157427938,23.33,2.9,0.9334253190755433,38.04,398.05400000000003,1
2026-01-01 09:55:00,T1,287,90.97,14.4,1.6,87.21,55.75,287,9.030000000000001,3.154886226228427,14.4,1.6,1.0431143217520926,55.75,129.15,0
2026-01-01 10:00:00,T3,1366,23.18,33.69,2.05,72.3,61.18,1366,76.82,58.930112165660056,33.69,2.05,0.32060857538035964,61.18,565.7839999999999,1
2026-01-01 10:05:00,T1,121,93.41,17.41,2.3,71.19,37.32,121,6.590000000000003,1.295364521999786,17.41,2.3,1.3121224891136396,37.32,59.806000000000004,0
2026-01-01 10:10:00,T8,855,57.84,26.79,1.55,38.68,38.23,855,42.16,14.782157676348547,26.79,1.55,1.4953464322647363,38.23,355.314,0
2026-01-01 10:15:00,T3,210,97.39,13.14,0.72,31.06,64.81,210,2.6099999999999994,2.156278878734983,13.14,0.72,3.135544108177721,64.81,99.73400000000001,0
2026-01-01 10:20:00,T9,901,60.21,29.0,1.84,22.52,51.09,901,39.79,14.964291645905995,29.0,1.84,2.6736234458259327,51.09,376.78600000000006,1
2026-01-01 10:25:00,T7,267,81.97,15.9,1.37,81.78,20.06,267,18.03,3.2572892521654264,15.9,1.37,1.0023233064318904,20.06,114.26600000000002,0
2026-01-01 10:30:00,T3,1024,49.94,25.41,2.6,20.33,52.26,1024,50.06,20.50460552663196,25.41,2.6,2.456468273487457,52.26,425.654,1
2026-01-01 10:35:00,T3,506,78.03,21.86,1.55,76.62,41.35,506,21.97,6.484685377418941,21.86,1.55,1.01840250587314,41.35,215.352,0
2026-01-01 10:40:00,T9,657,60.29,25.22,2.67,58.59,37.86,657,39.71,10.897329573726987,25.22,2.67,1.029015190305513,37.86,275.95,0
2026-01-01 10:45:00,T10,769,60.48,20.23,2.23,48.42,50.87,769,39.52,12.71494708994709,20.23,2.23,1.24907063197026,50.87,322.266,0
2026-01-01 10:50:00,T10,311,91.37,18.29,2.51,38.11,29.04,311,8.629999999999995,3.4037430228740284,18.29,2.51,2.397533455785883,29.04,134.368,0
2026-01-01 10:55:00,T4,1078,50.93,29.95,2.37,50.61,54.36,1078,49.07,21.166306695464364,29.95,2.37,1.0063228610946453,54.36,448.53600000000006,1
2026-01-01 11:00:00,T4,882,59.58,27.02,3.26,42.93,20.19,882,40.42,14.803625377643504,27.02,3.26,1.3878406708595388,20.19,362.894,0
2026-01-01 11:05:00,T9,1065,41.0,22.06,1.94,81.65,39.59,1065,59.0,25.975609756097562,22.06,1.94,0.5021432945499081,39.59,438.71799999999996,0
2026-01-01 11:10:00,T10,1121,48.3,23.14,2.65,30.01,49.07,1121,51.7,23.209109730848862,23.14,2.65,1.6094635121626122,49.07,463.372,1
2026-01-01 11:15:00,T6,1280,30.9,30.99,1.39,56.94,30.3,1280,69.1,41.42394822006473,30.99,1.39,0.5426765015806112,30.3,524.536,1
2026-01-01 11:20:00,T7,169,92.91,11.99,1.04,69.97,58.36,169,7.090000000000003,1.8189645893875794,11.99,1.04,1.3278547949121051,58.36,81.878,0
2026-01-01 11:25:00,T3,506,80.53,22.73,2.01,52.94,62.44,506,19.47,6.283372656152986,22.73,2.01,1.5211560256894598,62.44,219.83599999999998,0
2026-01-01 11:30:00,T8,394,82.35,22.74,2.26,55.52,23.5,394,17.650000000000006,4.784456587735277,22.74,2.26,1.4832492795389047,23.5,167.3,0
2026-01-01 11:35:00,T10,1397,24.75,25.78,2.05,63.56,56.15,1397,75.25,56.44444444444444,25.78,2.05,0.3893958464443046,56.15,575.596,1
2026-01-01 11:40:00,T8,921,48.38,27.77,2.7,61.41,22.5,921,51.62,19.036792062835882,27.77,2.7,0.7878195733593878,22.5,378.994,1
2026-01-01 11:45:00,T9,129,98.31,10.78,0.81,43.44,49.93,129,1.6899999999999977,1.3121757705218187,10.78,0.81,2.263121546961326,49.93,63.903999999999996,0
2026-01-01 11:50:00,T3,750,66.15,19.31,2.71,73.75,41.57,750,33.849999999999994,11.337868480725623,19.31,2.71,0.896949152542373,41.57,312.718,0
2026-01-01 11:55:00,T2,929,57.62,26.78,2.99,23.53,59.3,929,42.38,16.12287400208261,26.78,2.99,2.4487887802804926,59.3,389.41400000000004,1
2026-01-01 12:00:00,T8,1152,37.9,31.94,2.36,39.67,47.71,1152,62.1,30.395778364116097,31.94,2.36,0.955381900680615,47.71,477.20199999999994,1
2026-01-01 12:05:00,T6,737,70.3,22.09,2.77,94.67,25.9,737,29.700000000000003,10.483641536273115,22.09,2.77,0.7425794866377944,25.9,304.952,0
2026-01-01 12:10:00,T10,822,57.42,24.81,2.34,33.86,56.06,822,42.58,14.31556948798328,24.81,2.34,1.6958062610750149,56.06,345.442,0
2026-01-01 12:15:00,T9,1101,54.32,25.21,0.97,48.44,22.25,1101,45.68,20.26877761413844,25.21,0.97,1.1213872832369942,22.25,450.086,1
2026-01-01 12:20:00,T9,803,57.7,26.34,2.08,76.68,25.11,803,42.3,13.916811091854418,26.34,2.08,0.7524778299426187,25.11,331.90600000000006,0
2026-01-01 12:25:00,T8,1138,41.16,30.68,1.46,57.67,42.82,1138,58.84,27.64820213799806,30.68,1.46,0.7137159701751343,42.82,470.19200000000006,1
2026-01-01 12:30:00,T2,219,93.52,12.76,1.44,47.05,30.04,219,6.480000000000004,2.3417450812660396,12.76,1.44,1.987672688629118,30.04,96.44800000000001,0
2026-01-01 12:35:00,T5,369,88.72,15.52,0.95,52.68,25.0,369,11.280000000000001,4.159152389540126,15.52,0.95,1.6841305998481397,25.0,155.894,0
2026-01-01 12:40:00,T5,1275,27.08,31.67,2.63,30.05,24.28,1275,72.92,47.082717872968985,31.67,2.63,0.9011647254575706,24.28,521.7159999999999,1
2026-01-01 12:45:00,T7,259,89.04,14.96,0.82,74.8,34.53,259,10.959999999999994,2.9088050314465406,14.96,0.82,1.1903743315508022,34.53,113.66200000000002,0
2026-01-01 12:50:00,T9,199,95.85,14.99,2.08,39.02,33.34,199,4.150000000000006,2.0761606677099635,14.99,2.08,2.45643259866735,33.34,89.68200000000002,0
2026-01-01 12:55:00,T5,931,49.7,26.42,1.47,73.87,34.75,931,50.3,18.73239436619718,26.42,1.47,0.6728035738459456,34.75,384.928,1
2026-01-01 13:00:00,T7,1489,24.49,27.77,1.85,23.68,40.33,1489,75.51,60.80032666394447,27.77,1.85,1.034206081081081,40.33,609.59,1
2026-01-01 13:05:00,T9,1152,36.09,24.04,3.55,23.67,52.26,1152,63.91,31.92019950124688,24.04,3.55,1.5247148288973384,52.26,476.77,1
2026-01-01 13:10:00,T4,177,86.77,16.96,0.41,31.36,51.76,177,13.230000000000004,2.0398755330183245,16.96,0.41,2.7669005102040813,51.76,84.62599999999999,0
2026-01-01 13:15:00,T2,1347,24.9,27.9,1.49,84.22,51.5,1347,75.1,54.096385542168676,27.9,1.49,0.2956542388981239,51.5,554.9780000000001,1
2026-01-01 13:20:00,T8,1403,36.33,27.75,1.65,75.31,38.95,1403,63.67,38.61822185521608,27.75,1.65,0.48240605497277916,38.95,574.87,1
2026-01-01 13:25:00,T1,592,69.7,16.8,1.33,22.65,48.76,592,30.299999999999997,8.493543758967,16.8,1.33,3.077262693156733,48.76,250.17800000000003,0
2026-01-01 13:30:00,T1,528,80.89,18.05,2.45,69.99,43.82,528,19.11,6.527382865619978,18.05,2.45,1.1557365337905416,43.82,224.06400000000005,0
2026-01-01 13:35:00,T4,1067,51.76,24.47,0.91,31.21,34.25,1067,48.24,20.61437403400309,24.47,0.91,1.6584428067926946,34.25,438.72600000000006,0
2026-01-01 13:40:00,T6,1262,41.2,32.52,3.69,32.49,33.21,1262,58.8,30.631067961165048,32.52,3.69,1.2680824869190521,33.21,518.6840000000001,1
2026-01-01 13:45:00,T8,1078,46.44,29.69,3.86,64.65,47.89,1078,53.56,23.212747631352283,29.69,3.86,0.7183294663573084,47.89,447.488,1
2026-01-01 13:50:00,T9,1289,27.77,24.93,3.76,93.49,49.17,1289,72.23,46.41699675909255,24.93,3.76,0.2970371162691197,49.17,531.1719999999999,1
2026-01-01 13:55:00,T9,455,80.98,21.84,3.03,50.29,35.58,455,19.019999999999996,5.618671276858484,21.84,3.03,1.6102604891628556,35.58,194.08999999999997,0
2026-01-01 14:00:00,T6,109,97.37,15.36,0.74,92.21,34.66,109,2.6299999999999955,1.1194413063571942,15.36,0.74,1.0559592235115498,34.66,53.75200000000001,0
2026-01-01 14:05:00,T6,493,67.74,18.29,1.7,82.72,29.99,493,32.260000000000005,7.27782698553292,18.29,1.7,0.8189071566731141,29.99,207.196,0
2026-01-01 14:10:00,T2,1458,34.85,30.36,2.02,84.9,34.45,1458,65.15,41.8364418938307,30.36,2.02,0.41048292108362777,34.45,596.566,1
2026-01-01 14:15:00,T7,719,56.17,23.78,1.65,78.53,34.9,719,43.83,12.800427274345736,23.78,1.65,0.7152680504265886,34.9,299.666,0
2026-01-01 14:20:00,T9,983,42.31,25.16,2.01,87.08,58.1,983,57.69,23.233278184826283,25.16,2.01,0.4858750574184658,58.1,410.254,1
2026-01-01 14:25:00,T5,236,86.16,14.29,2.93,71.82,43.84,236,13.840000000000003,2.7390900649953576,14.29,2.93,1.1996658312447788,43.84,106.61200000000001,0
2026-01-01 14:30:00,T1,904,62.16,19.77,2.82,48.52,54.98,904,37.84,14.543114543114545,19.77,2.82,1.2811211871393238,54.98,377.11400000000003,1
2026-01-01 14:35:00,T2,444,82.24,21.89,0.37,64.79,22.28,444,17.760000000000005,5.398832684824903,21.89,0.37,1.2693316869887326,22.28,186.508,0
2026-01-01 14:40:00,T6,1190,36.87,30.02,3.07,90.89,27.74,1190,63.13,32.27556278817467,30.02,3.07,0.40565518758939373,27.74,488.166,1
2026-01-01 14:45:00,T4,629,66.77,19.63,3.14,38.01,52.36,629,33.230000000000004,9.420398382507114,19.63,3.14,1.7566429886871875,52.36,266.626,0
2026-01-01 14:50:00,T8,529,65.4,17.98,2.82,27.06,24.68,529,34.599999999999994,8.088685015290519,17.98,2.82,2.4168514412416853,24.68,220.69600000000003,0
2026-01-01 14:55:00,T5,1191,41.85,29.6,1.96,82.37,43.39,1191,58.15,28.45878136200717,29.6,1.96,0.5080733276678402,43.39,491.39000000000004,1
2026-01-01 15:00:00,T6,1458,36.11,29.29,3.36,52.15,59.34,1458,63.89,40.37662697313763,29.29,3.36,0.6924256951102589,59.34,601.5980000000001,1
2026-01-01 15:05:00,T3,511,72.65,15.0,2.62,49.52,37.64,511,27.349999999999994,7.033723331039228,15.0,2.62,1.4670840064620356,37.64,215.452,0
2026-01-01 15:10:00,T9,102,92.0,15.28,0.32,83.12,34.0,102,8.0,1.108695652173913,15.28,0.32,1.1068334937439845,34.0,50.72,0
2026-01-01 15:15:00,T9,293,84.12,15.29,3.19,91.79,45.73,293,15.879999999999995,3.4831193533048026,15.29,3.19,0.9164396993136507,45.73,130.042,0
2026-01-01 15:20:00,T1,686,73.23,25.34,3.46,80.25,48.71,686,26.769999999999996,9.367745459511129,25.34,3.46,0.9125233644859814,48.71,289.90200000000004,0
2026-01-01 15:25:00,T9,593,76.63,24.59,3.41,58.72,50.24,593,23.370000000000005,7.738483622602114,24.59,3.41,1.3050068119891007,50.24,252.848,0
2026-01-01 15:30:00,T6,61,89.71,18.31,1.5,50.08,61.75,61,10.290000000000006,0.6799687883179133,18.31,1.5,1.7913338658146964,61.75,40.712,0
2026-01-01 15:35:00,T8,454,68.57,15.28,2.67,34.44,24.3,454,31.430000000000007,6.620971270234797,15.28,2.67,1.990998838559814,24.3,190.05000000000004,0
2026-01-01 15:40:00,T1,172,88.4,10.83,2.57,56.29,34.09,172,11.599999999999994,1.9457013574660633,10.83,2.57,1.5704387990762125,34.09,78.29799999999999,0
2026-01-01 15:45:00,T10,208,90.64,18.85,1.75,28.13,55.7,208,9.36,2.294792586054722,18.85,1.75,3.222182723071454,55.7,98.46,0
2026-01-01 15:50:00,T2,167,85.21,12.86,1.33,54.75,63.92,167,14.790000000000006,1.9598638657434575,12.86,1.33,1.5563470319634702,63.92,82.42200000000001,0
2026-01-01 15:55:00,T2,1363,40.82,30.49,2.89,65.19,42.24,1363,59.18,33.39049485546301,30.49,2.89,0.6261696579229944,42.24,560.324,1
2026-01-01 16:00:00,T10,215,81.22,17.58,1.13,42.7,59.78,215,18.78,2.6471312484609704,17.58,1.13,1.9021077283372363,59.78,101.69800000000001,0
2026-01-01 16:05:00,T6,333,83.67,17.35,0.68,74.36,60.7,333,16.33,3.979921118680531,17.35,0.68,1.1252017213555676,60.7,148.94600000000003,0
2026-01-01 16:10:00,T10,1051,45.94,29.55,1.01,94.61,36.99,1051,54.06,22.87766652154985,29.55,1.01,0.4855723496459148,36.99,433.9100000000001,1
2026-01-01 16:15:00,T8,814,63.11,23.33,2.07,36.78,57.61,814,36.89,12.898114403422596,23.33,2.07,1.7158781946710169,57.61,342.202,0
2026-01-01 16:20:00,T4,241,83.45,13.93,1.51,89.48,29.03,241,16.549999999999997,2.8879568603954464,13.93,1.51,0.9326106392489942,29.03,105.29400000000001,0
2026-01-01 16:25:00,T10,720,57.83,24.27,1.47,31.8,41.13,720,42.17,12.450285319038562,24.27,1.47,1.8185534591194967,41.13,301.37399999999997,0
2026-01-01 16:30:00,T10,957,53.07,20.95,2.19,51.82,27.19,957,46.93,18.0327868852459,20.95,2.19,1.0241219606329603,27.19,392.866,1
2026-01-01 16:35:00,T7,178,97.08,14.48,0.86,30.16,43.62,178,2.9200000000000017,1.8335393489905234,14.48,0.86,3.2188328912466844,43.62,82.992,0
2026-01-01 16:40:00,T8,1346,25.25,34.24,3.52,40.16,45.36,1346,74.75,53.306930693069305,34.24,3.52,0.6287350597609562,45.36,555.0239999999999,1
2026-01-01 16:45:00,T4,1219,47.97,27.35,3.0,88.72,64.17,1219,52.03,25.411715655618096,27.35,3.0,0.5406898106402164,64.17,506.5040000000001,1
2026-01-01 16:50:00,T1,152,87.79,13.45,1.1,41.28,42.1,152,12.209999999999994,1.7314044879826858,13.45,1.1,2.1266957364341086,42.1,72.13,0
2026-01-01 16:55:00,T10,770,71.33,23.94,2.66,22.13,41.76,770,28.67,10.794896957801766,23.94,2.66,3.2232263895164937,41.76,321.67199999999997,0
2026-01-01 17:00:00,T8,620,63.83,24.46,1.25,32.61,42.79,620,36.17,9.713300955663481,24.46,1.25,1.9573750383318,42.79,261.7,0
2026-01-01 17:05:00,T7,686,64.74,23.92,3.52,53.58,43.41,686,35.260000000000005,10.59623107815879,23.92,3.52,1.2082866741321387,43.41,288.57000000000005,0
2026-01-01 17:10:00,T7,589,67.49,20.95,2.53,43.07,23.93,589,32.510000000000005,8.727218847236628,20.95,2.53,1.5669839795681448,23.93,245.08200000000002,0
2026-01-01 17:15:00,T2,1289,43.63,31.0,3.95,76.1,37.77,1289,56.37,29.543891817556727,31.0,3.95,0.5733245729303549,37.77,530.144,1
2026-01-01 17:20:00,T9,188,88.23,16.46,2.45,39.7,50.59,188,11.769999999999996,2.1307945143375266,16.46,2.45,2.222418136020151,50.59,89.1,0
2026-01-01 17:25:00,T2,336,82.76,14.7,0.47,42.96,56.74,336,17.239999999999995,4.0599323344610925,14.7,0.47,1.926443202979516,56.74,148.782,0
2026-01-01 17:30:00,T10,989,51.28,28.47,0.93,42.24,53.01,989,48.72,19.286271450858035,28.47,0.93,1.2140151515151514,53.01,412.082,1
2026-01-01 17:35:00,T10,1025,53.04,28.56,2.03,32.26,49.53,1025,46.96,19.32503770739065,28.56,2.03,1.644141351518909,49.53,426.024,1
2026-01-01 17:40:00,T3,968,56.77,21.1,2.24,65.75,59.12,968,43.23,17.05125946802889,21.1,2.24,0.8634220532319392,59.12,403.69200000000006,1
2026-01-01 17:45:00,T6,1280,35.38,25.65,2.95,53.15,45.41,1280,64.62,36.178631995477666,25.65,2.95,0.6656632173095015,45.41,526.802,1
2026-01-01 17:50:00,T4,319,85.74,20.75,0.6,48.09,47.11,319,14.260000000000005,3.720550501516212,20.75,0.6,1.782907049282595,47.11,141.292,0
2026-01-01 17:55:00,T3,362,85.88,17.86,0.48,35.73,46.96,362,14.120000000000005,4.215183977643223,17.86,0.48,2.4035824237335572,46.96,157.86,0
2026-01-01 18:00:00,T3,966,57.73,27.66,1.52,21.25,52.93,966,42.27,16.733067729083665,27.66,1.52,2.716705882352941,52.93,402.822,1
2026-01-01 18:05:00,T10,869,51.13,25.22,1.84,92.67,47.05,869,48.87,16.995892822217876,25.22,1.84,0.5517427430667962,47.05,362.422,0
2026-01-01 18:10:00,T5,793,63.31,22.34,2.91,76.44,26.66,793,36.69,12.525667351129362,22.34,2.91,0.8282312925170069,26.66,327.58200000000005,0
2026-01-01 18:15:00,T9,758,67.52,19.04,1.27,27.23,55.76,758,32.480000000000004,11.226303317535546,19.04,1.27,2.479618068307014,55.76,318.414,0
2026-01-01 18:20:00,T1,370,80.8,17.48,0.49,76.44,47.9,370,19.200000000000003,4.579207920792079,17.48,0.49,1.0570381998953426,47.9,161.17400000000004,0
2026-01-01 18:25:00,T5,1074,53.59,26.51,3.7,77.79,43.74,1074,46.41,20.041052435155812,26.51,3.7,0.6889060290525775,43.74,444.39000000000004,1
2026-01-01 18:30:00,T8,636,61.71,17.56,2.38,65.65,25.3,636,38.29,10.306271268838113,17.56,2.38,0.9399847677075399,25.3,263.448,0
2026-01-01 18:35:00,T3,1245,27.91,29.8,3.59,29.84,24.1,1245,72.09,44.60766750268721,29.8,3.59,0.9353217158176944,24.1,509.498,1
2026-01-01 18:40:00,T4,398,75.55,22.26,0.64,23.31,24.81,398,24.450000000000003,5.268034414295169,22.26,0.64,3.241098241098241,24.81,168.742,0
2026-01-01 18:45:00,T2,1484,33.96,29.97,2.5,94.66,64.3,1484,66.03999999999999,43.69846878680801,29.97,2.5,0.3587576589900697,64.3,612.9540000000001,1
2026-01-01 18:50:00,T5,694,70.6,21.6,2.41,65.73,63.37,694,29.400000000000006,9.830028328611899,21.6,2.41,1.0740909782443326,63.37,295.076,0
2026-01-01 18:55:00,T1,922,56.44,22.85,2.16,87.36,52.7,922,43.56,16.335931963146706,22.85,2.16,0.646062271062271,52.7,384.34200000000004,1
2026-01-01 19:00:00,T9,1016,42.0,25.57,0.89,63.84,53.64,1016,58.0,24.19047619047619,25.57,0.89,0.6578947368421052,53.64,422.42,1
2026-01-01 19:05:00,T8,472,70.89,18.6,1.74,60.4,22.09,472,29.11,6.658202849485118,18.6,1.74,1.1736754966887417,22.09,197.28600000000003,0
2026-01-01 19:10:00,T7,992,47.12,26.16,1.34,69.03,39.95,992,52.88,21.05263157894737,26.16,1.34,0.68260176734753,39.95,410.29,1
2026-01-01 19:15:00,T9,1373,32.84,26.09,2.05,48.6,34.1,1373,67.16,41.80876979293544,26.09,2.05,0.6757201646090536,34.1,561.648,1
2026-01-01 19:20:00,T7,1221,39.34,26.75,3.25,65.73,22.09,1221,60.66,31.03711235383833,26.75,3.25,0.5985090521831736,22.09,498.81800000000004,1
2026-01-01 19:25:00,T8,253,85.5,15.92,0.76,48.1,59.36,253,14.5,2.9590643274853803,15.92,0.76,1.7775467775467775,59.36,116.408,0
2026-01-01 19:30:00,T2,1033,40.63,30.5,1.93,59.9,31.14,1033,59.37,25.424563130691606,30.5,1.93,0.678297161936561,31.14,425.9140000000001,1
2026-01-01 19:35:00,T4,183,96.36,18.42,0.77,66.7,23.0,183,3.6400000000000006,1.8991282689912827,18.42,0.77,1.4446776611694152,23.0,81.63799999999999,0
2026-01-01 19:40:00,T4,1080,46.4,21.56,3.72,68.6,43.04,1080,53.6,23.27586206896552,21.56,3.72,0.6763848396501458,43.04,445.66400000000004,1
2026-01-01 19:45:00,T8,989,50.74,28.78,2.99,21.5,23.8,989,49.26,19.491525423728813,28.78,2.99,2.36,23.8,406.714,1
2026-01-01 19:50:00,T2,1031,49.76,29.89,1.44,46.38,22.98,1031,50.24,20.719453376205788,29.89,1.44,1.0728762397585165,22.98,423.26200000000006,1
2026-01-01 19:55:00,T5,214,96.83,15.04,1.28,39.37,51.11,214,3.1700000000000017,2.210058866053909,15.04,1.28,2.459486918973838,51.11,99.08600000000001,0
2026-01-01 20:00:00,T4,547,64.17,22.71,3.39,32.94,36.09,547,35.83,8.524232507402212,22.71,3.39,1.9480874316939893,36.09,231.238,0
2026-01-01 20:05:00,T1,816,49.66,22.28,1.28,58.91,60.79,816,50.34,16.431735803463553,22.28,1.28,0.84298081819725,60.79,343.27000000000004,0
2026-01-01 20:10:00,T3,964,56.07,25.22,2.09,70.04,55.99,964,43.93,17.19279472088461,25.22,2.09,0.8005425471159336,55.99,402.26,1
2026-01-01 20:15:00,T2,515,79.33,15.94,1.1,76.37,36.67,515,20.67,6.491869406277575,15.94,1.1,1.038758674872332,36.67,216.742,0
2026-01-01 20:20:00,T5,478,75.36,16.2,0.69,86.9,38.41,478,24.64,6.342887473460722,16.2,0.69,0.8672036823935557,38.41,202.26000000000002,0
2026-01-01 20:25:00,T8,351,83.61,21.26,1.52,83.82,39.4,351,16.39,4.198062432723359,21.26,1.52,0.9974946313528992,39.4,152.836,0
2026-01-01 20:30:00,T3,1104,39.59,29.08,2.59,56.87,23.22,1104,60.41,27.88582975498863,29.08,2.59,0.6961491120098471,23.22,452.578,1
2026-01-01 20:35:00,T7,693,67.18,26.12,2.54,52.09,30.15,693,32.81999999999999,10.31557011015183,26.12,2.54,1.289690919562296,30.15,288.96199999999993,0
2026-01-01 20:40:00,T1,957,60.64,21.17,3.19,84.05,25.69,957,39.36,15.781662269129287,21.17,3.19,0.7214753123140988,25.69,392.80999999999995,1
2026-01-01 20:45:00,T3,881,56.89,23.42,2.01,93.48,50.1,881,43.11,15.486025663561259,23.42,2.01,0.6085793752674369,50.1,367.50600000000003,0
2026-01-01 20:50:00,T9,625,70.7,19.54,1.91,52.99,33.16,625,29.299999999999997,8.84016973125884,19.54,1.91,1.334214002642008,33.16,260.92199999999997,0
2026-01-01 20:55:00,T7,1129,52.96,28.52,2.59,53.11,33.19,1129,47.04,21.31797583081571,28.52,2.59,0.9971756731312371,33.19,464.46,1
2026-01-01 21:00:00,T7,462,73.04,16.57,0.85,89.41,64.02,462,26.959999999999994,6.325301204819277,16.57,0.85,0.8169108600827649,64.02,201.088,0
2026-01-01 21:05:00,T8,1310,43.74,27.59,2.71,25.11,55.99,1310,56.26,29.94970278920896,27.59,2.71,1.741935483870968,55.99,541.258,1
2026-01-01 21:10:00,T10,938,55.99,26.72,1.59,84.59,24.16,938,44.01,16.752991605643864,26.72,1.59,0.6618985695708712,24.16,385.694,1
2026-01-01 21:15:00,T8,1025,57.07,23.35,2.78,42.28,34.23,1025,42.93,17.96039950937445,23.35,2.78,1.3498107852412489,34.23,422.072,1
2026-01-01 21:20:00,T9,1098,53.11,29.65,3.18,62.74,48.91,1098,46.89,20.674072679344757,29.65,3.18,0.8465094038890659,48.91,455.54800000000006,1
2026-01-01 21:25:00,T2,1357,37.06,32.35,3.12,66.01,51.01,1357,62.94,36.61629789530491,32.35,3.12,0.5614300863505529,51.01,560.0960000000001,1
2026-01-01 21:30:00,T4,191,88.28,11.96,0.31,58.73,21.99,191,11.719999999999999,2.1635704576347985,11.96,0.31,1.5031500085135365,21.99,83.252,0
2026-01-01 21:35:00,T7,1049,56.97,27.63,1.38,62.32,35.44,1049,43.03,18.41319992978761,27.63,1.38,0.9141527599486521,35.44,432.49000000000007,1
2026-01-01 21:40:00,T4,218,94.15,15.95,2.19,38.0,40.27,218,5.849999999999994,2.3154540626659585,15.95,2.19,2.4776315789473684,40.27,98.882,0
2026-01-01 21:45:00,T8,1280,29.85,33.97,1.62,52.38,37.04,1280,70.15,42.881072026800666,33.97,1.62,0.5698739977090492,37.04,526.526,1
2026-01-01 21:50:00,T5,1000,46.37,26.75,3.77,60.2,41.74,1000,53.63,21.56566745740781,26.75,3.77,0.7702657807308969,41.74,414.45200000000006,1
2026-01-01 21:55:00,T2,188,81.68,10.38,2.36,49.8,24.68,188,18.319999999999993,2.3016650342801173,10.38,2.36,1.6401606425702813,24.68,82.684,0
2026-01-01 22:00:00,T6,599,67.31,24.46,3.09,20.53,49.89,599,32.69,8.899123458624276,24.46,3.09,3.2786166585484655,49.89,255.08800000000002,0
2026-01-01 22:05:00,T4,1467,33.45,34.4,3.36,49.73,33.19,1467,66.55,43.856502242152466,34.4,3.36,0.672632213955359,33.19,600.9900000000001,1
2026-01-01 22:10:00,T9,312,85.69,19.49,1.26,55.67,50.28,312,14.310000000000002,3.641031625627261,19.49,1.26,1.539249146757679,50.28,139.00600000000003,0
2026-01-01 22:15:00,T5,1017,51.09,29.77,1.57,54.83,27.78,1017,48.91,19.90604815032296,29.77,1.57,0.9317891665146818,27.78,418.624,1
2026-01-01 22:20:00,T3,1195,46.46,24.43,3.89,77.86,63.75,1195,53.54,25.721050365906155,24.43,3.89,0.5967120472643206,63.75,496.41400000000004,1
2026-01-01 22:25:00,T7,841,60.12,26.68,2.71,77.04,48.7,841,39.88,13.988689288090486,26.68,2.71,0.7803738317757009,48.7,352.01800000000003,0
2026-01-01 22:30:00,T3,389,80.97,16.47,1.47,31.19,21.19,389,19.03,4.804248487093986,16.47,1.47,2.5960243667842255,21.19,163.42600000000004,0
2026-01-01 22:35:00,T7,916,52.21,23.87,1.78,89.48,38.82,916,47.79,17.544531698908255,23.87,1.78,0.5834823424228878,38.82,379.29400000000004,0
2026-01-01 22:40:00,T9,771,64.65,22.24,1.26,22.81,53.43,771,35.349999999999994,11.925754060324826,22.24,1.26,2.834283209118808,53.43,323.786,0
2026-01-01 22:45:00,T5,1015,43.89,29.02,3.32,50.96,21.4,1015,56.11,23.125996810207337,29.02,3.32,0.8612637362637363,21.4,416.74799999999993,1
2026-01-01 22:50:00,T3,271,77.83,16.42,2.07,22.13,48.82,271,22.17,3.481947835025055,16.42,2.07,3.516945323090827,48.82,121.86200000000001,0
2026-01-01 22:55:00,T6,1405,29.99,29.23,1.6,58.58,51.86,1405,70.01,46.848949649883295,29.23,1.6,0.5119494708091499,51.86,578.538,1
2026-01-01 23:00:00,T3,841,57.63,24.52,2.76,43.38,62.51,841,42.37,14.593093874718027,24.52,2.76,1.3284923928077454,62.51,354.35800000000006,0
2026-01-01 23:05:00,T8,155,100.8,15.32,1.63,42.51,46.62,155,-0.7999999999999972,1.5376984126984128,15.32,1.63,2.3712067748765,46.62,74.71399999999998,0
2026-01-01 23:10:00,T6,261,83.72,19.25,1.65,49.29,32.68,261,16.28,3.11753463927377,19.25,1.65,1.6985189693649827,32.68,115.116,0
2026-01-01 23:15:00,T5,1218,48.8,27.25,3.0,31.03,22.78,1218,51.2,24.959016393442624,27.25,3.0,1.572671608121173,22.78,497.80600000000004,1
2026-01-01 23:20:00,T4,731,67.38,27.05,3.04,41.33,32.13,731,32.620000000000005,10.848916592460672,27.05,3.04,1.6302927655456085,32.13,304.84400000000005,0
2026-01-01 23:25:00,T9,116,89.74,16.95,2.21,52.1,57.11,116,10.260000000000005,1.2926231334967686,16.95,2.21,1.7224568138195775,57.11,61.65400000000001,0
2026-01-01 23:30:00,T5,419,74.1,18.62,1.33,64.52,41.04,419,25.900000000000006,5.654520917678813,18.62,1.33,1.148481091134532,41.04,179.798,0
2026-01-01 23:35:00,T8,1353,32.42,25.22,2.43,34.89,36.77,1353,67.58,41.733497840838986,25.22,2.43,0.9292060762396103,36.77,554.0840000000001,1
2026-01-01 23:40:00,T2,1486,31.6,34.87,3.69,60.96,56.33,1486,68.4,47.0253164556962,34.87,3.69,0.5183727034120735,56.33,613.378,1
2026-01-01 23:45:00,T7,959,50.8,20.87,2.19,42.28,22.06,959,49.2,18.87795275590551,20.87,2.19,1.2015137180700093,22.06,392.62399999999997,1
2026-01-01 23:50:00,T10,998,55.54,29.42,2.6,54.82,27.03,998,44.46,17.969031328772058,29.42,2.6,1.0131338927398759,27.03,411.01000000000005,1
2026-01-01 23:55:00,T2,1390,35.96,33.72,3.65,24.28,46.26,1390,64.03999999999999,38.654060066740826,33.72,3.65,1.4810543657331137,46.26,572.726,1
2026-01-02 00:00:00,T8,533,69.54,19.04,3.36,20.59,51.27,533,30.459999999999994,7.664653436870865,19.04,3.36,3.377367654201069,51.27,227.934,0
2026-01-02 00:05:00,T7,712,58.13,17.93,1.38,29.33,46.78,712,41.87,12.2484087390332,17.93,1.38,1.9819297647459941,46.78,298.01800000000003,0
2026-01-02 00:10:00,T7,324,86.95,20.48,2.55,54.0,39.17,324,13.049999999999997,3.7262794709603217,20.48,2.55,1.6101851851851852,39.17,142.04,0
2026-01-02 00:15:00,T10,693,63.56,26.09,2.73,84.05,39.53,693,36.44,10.903083700440527,26.09,2.73,0.7562165377751339,39.53,290.87,0
2026-01-02 00:20:00,T5,957,55.17,24.93,1.63,54.59,20.68,957,44.83,17.346383904295813,24.93,1.63,1.0106246565305002,20.68,392.24800000000005,0
2026-01-02 00:25:00,T3,150,85.23,11.2,1.88,51.89,42.14,150,14.769999999999996,1.7599436818021823,11.2,1.88,1.6425130082867605,42.14,71.044,0
2026-01-02 00:30:00,T6,1483,21.74,34.09,2.15,63.96,51.21,1483,78.26,68.21527138914443,34.09,2.15,0.339899937460913,51.21,610.6899999999999,1
2026-01-02 00:35:00,T7,1359,34.68,29.74,3.78,55.01,22.9,1359,65.32,39.186851211072664,29.74,3.78,0.630430830758044,22.9,554.884,1
2026-01-02 00:40:00,T4,871,51.32,25.1,3.16,89.82,41.08,871,48.68,16.971940763834763,25.1,3.16,0.5713649521264752,41.08,362.26800000000003,0
2026-01-02 00:45:00,T9,1361,31.38,31.47,2.34,22.72,25.18,1361,68.62,43.37157425111536,31.47,2.34,1.381161971830986,25.18,556.1979999999999,1
2026-01-02 00:50:00,T8,954,51.67,29.09,2.81,30.19,37.22,954,48.33,18.463324946777625,29.09,2.81,1.7114938721430937,37.22,395.42400000000004,1
2026-01-02 00:55:00,T4,802,63.27,24.24,3.14,38.29,42.99,802,36.73,12.675833728465307,24.24,3.14,1.6523896578741186,42.99,334.874,0
2026-01-02 01:00:00,T3,159,93.79,19.33,0.41,88.73,32.98,159,6.209999999999994,1.695276681949035,19.33,0.41,1.05702693564747,32.98,74.144,0
2026-01-02 01:05:00,T9,710,70.87,23.7,1.67,60.04,56.19,710,29.129999999999995,10.018343445745732,23.7,1.67,1.1803797468354431,56.19,300.312,0
2026-01-02 01:10:00,T9,1389,25.3,25.38,3.37,56.35,64.43,1389,74.7,54.901185770750985,25.38,3.37,0.4489795918367347,64.43,574.236,1
2026-01-02 01:15:00,T3,1419,21.6,27.48,4.0,57.09,41.89,1419,78.4,65.69444444444444,27.48,4.0,0.3783499737256963,41.89,582.274,1
2026-01-02 01:20:00,T10,131,85.98,18.08,1.17,84.17,62.31,131,14.019999999999996,1.5236101418934636,18.08,1.17,1.0215040988475703,62.31,68.712,0
2026-01-02 01:25:00,T8,642,68.76,24.95,1.63,32.48,53.09,642,31.239999999999995,9.336823734729494,24.95,1.63,2.116995073891626,53.09,272.73400000000004,0
2026-01-02 01:30:00,T1,1444,26.87,31.25,3.05,90.49,29.45,1444,73.13,53.740230740602904,31.25,3.05,0.2969388882749475,29.45,590.35,1
2026-01-02 01:35:00,T6,240,96.17,14.16,2.46,75.43,60.19,240,3.8299999999999983,2.495580742435271,14.16,2.46,1.2749569136948162,60.19,111.362,0
2026-01-02 01:40:00,T9,52,107.31,16.88,1.64,40.83,49.19,52,-7.310000000000002,0.48457739260087596,16.88,1.64,2.628214548126378,49.19,34.342,0
2026-01-02 01:45:00,T3,246,82.02,20.78,1.43,32.96,63.5,246,17.980000000000004,2.999268471104609,20.78,1.43,2.4884708737864076,63.5,115.54200000000002,0
2026-01-02 01:50:00,T1,952,58.3,20.9,2.32,63.58,54.74,952,41.7,16.32933104631218,20.9,2.32,0.916955017301038,54.74,396.392,1
2026-01-02 01:55:00,T9,1436,33.33,28.5,1.57,44.08,34.71,1436,66.67,43.08430843084309,28.5,1.57,0.7561252268602541,34.71,587.356,1
2026-01-02 02:00:00,T5,1469,35.75,32.37,1.41,67.4,43.28,1469,64.25,41.09090909090909,32.37,1.41,0.5304154302670623,43.28,603.0120000000001,1
2026-01-02 02:05:00,T8,1373,33.13,27.62,3.51,46.23,64.02,1373,66.87,41.44280108662843,27.62,3.51,0.7166342202033312,64.02,568.23,1
2026-01-02 02:10:00,T6,316,90.59,16.88,2.11,76.45,40.98,316,9.409999999999997,3.4882437355116456,16.88,2.11,1.1849574885546108,40.98,138.394,0
2026-01-02 02:15:00,T1,318,81.16,19.49,2.75,25.68,37.82,318,18.840000000000003,3.9181862986692955,19.49,2.75,3.160436137071651,37.82,139.21200000000002,0
2026-01-02 02:20:00,T2,356,86.69,16.41,2.16,91.31,62.42,356,13.310000000000002,4.106586688199331,16.41,2.16,0.9494031321870551,62.42,158.598,0
2026-01-02 02:25:00,T4,58,88.57,15.44,0.98,55.13,39.15,58,11.430000000000007,0.6548492717624478,15.44,0.98,1.6065662978414654,39.15,34.31400000000001,0
2026-01-02 02:30:00,T3,1083,47.35,28.79,1.29,71.11,37.73,1083,52.65,22.87222808870116,28.79,1.29,0.6658697792153002,37.73,446.762,1
2026-01-02 02:35:00,T4,1066,50.97,27.4,3.7,32.05,50.92,1066,49.03,20.914263292132627,27.4,3.7,1.5903276131045243,50.92,442.8040000000001,1
2026-01-02 02:40:00,T6,477,76.27,20.58,1.2,56.28,43.24,477,23.730000000000004,6.254097285957782,20.58,1.2,1.355188343994314,43.24,203.804,0
2026-01-02 02:45:00,T7,604,66.19,23.84,1.2,38.43,23.08,604,33.81,9.125245505363349,23.84,1.2,1.722352328909706,23.08,251.22400000000005,0
2026-01-02 02:50:00,T4,888,52.36,24.83,2.08,83.43,31.69,888,47.64,16.959511077158137,24.83,2.08,0.6275919932877861,31.69,366.9200000000001,0
2026-01-02 02:55:00,T4,409,78.55,14.14,2.06,32.19,47.54,409,21.450000000000003,5.206874602164227,14.14,2.06,2.4401988195091646,47.54,176.34800000000004,0
2026-01-02 03:00:00,T8,1078,50.26,27.03,2.49,44.75,41.07,1078,49.74,21.448467966573816,27.03,2.49,1.1231284916201116,41.07,445.31800000000004,1
2026-01-02 03:05:00,T5,534,80.19,24.09,1.26,91.03,42.78,534,19.810000000000002,6.659184436962215,24.09,1.26,0.8809183785565198,42.78,227.22600000000006,0
2026-01-02 03:10:00,T4,149,99.83,14.56,2.35,58.54,55.03,149,0.1700000000000017,1.492537313432836,14.56,2.35,1.705329689101469,55.03,73.988,0
2026-01-02 03:15:00,T3,1096,52.11,22.72,1.68,83.12,28.29,1096,47.89,21.032431395125695,22.72,1.68,0.6269249278152069,28.29,448.93800000000005,0
2026-01-02 03:20:00,T9,77,97.67,16.93,2.5,87.26,63.86,77,2.3299999999999983,0.7883689976451316,16.93,2.5,1.119298647719459,63.86,47.458,0
2026-01-02 03:25:00,T5,78,86.74,13.85,0.1,59.08,38.03,78,13.260000000000005,0.8992391053723773,13.85,0.1,1.468178740690589,38.03,41.59600000000001,0
2026-01-02 03:30:00,T6,149,83.26,18.4,0.53,26.95,27.64,149,16.739999999999995,1.789574825846745,18.4,0.53,3.0894248608534327,27.64,68.914,0
2026-01-02 03:35:00,T4,1024,40.35,25.74,1.7,89.64,55.73,1024,59.65,25.37794299876084,25.74,1.7,0.4501338688085676,55.73,426.23400000000004,1
2026-01-02 03:40:00,T2,1100,48.34,29.97,3.44,43.81,36.54,1100,51.66,22.755482002482413,29.97,3.44,1.1034010499885871,36.54,453.99,1
2026-01-02 03:45:00,T4,470,84.34,19.03,3.03,92.54,20.32,470,15.659999999999997,5.5726820014228124,19.03,3.03,0.9113896693321807,20.32,196.476,0
2026-01-02 03:50:00,T5,500,65.75,16.16,1.48,22.85,51.39,500,34.25,7.604562737642586,16.16,1.48,2.8774617067833694,51.39,213.80599999999998,0
2026-01-02 03:55:00,T9,862,50.98,25.19,2.25,32.73,28.69,862,49.02,16.908591604550804,25.19,2.25,1.557592422853651,28.69,356.026,0
2026-01-02 04:00:00,T9,297,83.8,15.25,0.89,69.51,39.61,297,16.200000000000003,3.544152744630072,15.25,0.89,1.2055819306574593,39.61,129.95000000000002,0
2026-01-02 04:05:00,T1,1239,38.34,26.09,3.17,75.09,33.7,1239,61.66,32.316118935837245,26.09,3.17,0.5105872952457052,33.7,508.19200000000006,1
2026-01-02 04:10:00,T10,413,85.45,18.04,2.56,71.4,42.78,413,14.549999999999997,4.833235810415448,18.04,2.56,1.1967787114845938,42.78,177.87600000000003,0
2026-01-02 04:15:00,T3,536,73.55,16.89,2.56,50.32,49.02,536,26.450000000000003,7.287559483344664,16.89,2.56,1.4616454689984102,49.02,228.09400000000002,0
2026-01-02 04:20:00,T9,1042,46.64,30.85,1.05,92.17,37.31,1042,53.36,22.341337907375642,30.85,1.05,0.5060214820440491,37.31,430.642,1
2026-01-02 04:25:00,T7,382,81.6,20.41,3.31,53.24,53.79,382,18.400000000000006,4.681372549019608,20.41,3.31,1.5326821938392186,53.79,168.30200000000002,0
2026-01-02 04:30:00,T7,822,51.73,28.08,2.38,37.74,45.06,822,48.27,15.890199110767448,28.08,2.38,1.3706942236354,45.06,343.904,0
2026-01-02 04:35:00,T5,229,84.65,19.74,0.51,34.98,53.72,229,15.349999999999994,2.705256940342587,19.74,0.51,2.4199542595769015,53.72,106.394,0
2026-01-02 04:40:00,T6,924,59.89,27.45,3.38,44.6,54.69,924,40.11,15.428285189514108,27.45,3.38,1.3428251121076233,54.69,386.704,1
2026-01-02 04:45:00,T1,1290,28.27,29.23,3.13,54.83,28.37,1290,71.73,45.63141139016626,29.23,3.13,0.5155936531096116,28.37,528.146,1
2026-01-02 04:50:00,T9,160,95.2,17.34,2.96,39.16,27.51,160,4.799999999999997,1.680672268907563,17.34,2.96,2.4310520939734426,27.51,73.562,0
2026-01-02 04:55:00,T9,269,79.18,19.5,0.57,78.64,56.3,269,20.819999999999993,3.3973225562010607,19.5,0.57,1.0068667344862665,56.3,122.87400000000002,0
2026-01-02 05:00:00,T5,1244,47.61,23.65,3.38,47.69,39.25,1244,52.39,26.12896450325562,23.65,3.38,0.9983224994757811,39.25,510.85600000000005,1
2026-01-02 05:05:00,T7,762,53.42,23.26,1.25,36.34,57.71,762,46.58,14.264320479221265,23.26,1.25,1.4700055035773252,57.71,321.244,0
2026-01-02 05:10:00,T2,253,82.06,20.78,2.22,38.53,23.3,253,17.939999999999998,3.0831099195710454,20.78,2.22,2.129769011160135,23.3,110.46000000000001,0
2026-01-02 05:15:00,T8,499,81.32,21.83,1.92,35.38,53.53,499,18.680000000000007,6.136251844564684,21.83,1.92,2.2984737139626903,53.53,215.05599999999998,0
2026-01-02 05:20:00,T9,697,66.55,22.77,1.95,24.02,55.55,697,33.45,10.473328324567994,22.77,1.95,2.770607826810991,55.55,294.854,0
2026-01-02 05:25:00,T8,412,75.29,21.1,1.11,70.06,38.17,412,24.709999999999994,5.472174259529818,21.1,1.11,1.0746502997430774,38.17,176.87600000000003,0
2026-01-02 05:30:00,T7,188,96.46,19.69,0.59,70.7,40.65,188,3.5400000000000063,1.9489944018245906,19.69,0.59,1.3643564356435642,40.65,87.386,0
2026-01-02 05:35:00,T7,400,85.75,15.5,1.07,45.91,55.03,400,14.25,4.664723032069971,15.5,1.07,1.8677847963406666,55.03,174.32,0
2026-01-02 05:40:00,T1,449,86.94,14.48,1.31,61.74,21.99,449,13.060000000000002,5.164481251437773,14.48,1.31,1.4081632653061225,21.99,187.156,0
2026-01-02 05:45:00,T6,1369,37.08,33.07,2.07,46.0,35.14,1369,62.92,36.92017259978425,33.07,2.07,0.8060869565217391,35.14,561.6560000000001,1
2026-01-02 05:50:00,T5,181,85.49,12.54,2.95,39.59,27.42,181,14.510000000000005,2.117206690841034,12.54,2.95,2.1593836827481683,27.42,80.982,0
2026-01-02 05:55:00,T5,545,71.46,16.49,3.11,68.35,22.36,545,28.540000000000006,7.626644276518332,16.49,3.11,1.0455010972933432,22.36,226.39200000000002,0
2026-01-02 06:00:00,T2,204,82.97,12.29,1.56,58.54,31.8,204,17.03,2.458720019284079,12.29,1.56,1.4173214895797746,31.8,90.73,0
2026-01-02 06:05:00,T9,1278,28.71,32.33,3.1,54.07,32.33,1278,71.28999999999999,44.5141065830721,32.33,3.1,0.5309783613833919,32.33,524.7520000000001,1
2026-01-02 06:10:00,T10,144,94.16,15.62,2.6,21.52,20.98,144,5.840000000000003,1.5293118096856415,15.62,2.6,4.37546468401487,20.98,65.44000000000001,0
2026-01-02 06:15:00,T3,1445,37.17,35.97,1.92,70.25,22.59,1445,62.83,38.87543718052193,35.97,1.92,0.5291103202846975,22.59,590.096,1
2026-01-02 06:20:00,T5,1394,28.99,35.36,3.95,26.23,33.76,1394,71.01,48.08554674025526,35.36,3.95,1.1052230270682424,33.76,572.2139999999999,1
2026-01-02 06:25:00,T4,450,80.63,14.13,2.82,52.03,59.93,450,19.370000000000005,5.581049237256605,14.13,2.82,1.5496828752642704,59.93,195.37599999999998,0
2026-01-02 06:30:00,T6,205,89.52,13.82,0.92,74.56,20.36,205,10.480000000000004,2.2899910634495084,13.82,0.92,1.2006437768240343,20.36,89.02,0
2026-01-02 06:35:00,T7,657,60.57,18.47,2.26,57.5,55.15,657,39.43,10.846953937592868,18.47,2.26,1.053391304347826,55.15,277.976,0
2026-01-02 06:40:00,T6,1063,42.69,27.26,2.23,79.23,26.91,1063,57.31,24.900445069102837,27.26,2.23,0.5388110564180234,26.91,436.4800000000001,1
2026-01-02 06:45:00,T5,349,77.13,16.91,1.96,77.84,50.13,349,22.870000000000005,4.524828212109426,16.91,1.96,0.9908787255909557,50.13,153.4,0
2026-01-02 06:50:00,T2,1198,45.32,27.65,3.76,74.26,37.11,1198,54.68,26.434245366284202,27.65,3.76,0.6102881766765419,37.11,492.90400000000005,1
2026-01-02 06:55:00,T6,946,52.32,25.64,2.66,38.02,61.68,946,47.68,18.081039755351682,25.64,2.66,1.376117832719621,61.68,396.396,1
2026-01-02 07:00:00,T2,1227,30.88,26.78,3.3,86.52,28.89,1227,69.12,39.734455958549226,26.78,3.3,0.356911696717522,28.89,502.59400000000005,1
2026-01-02 07:05:00,T4,632,67.45,18.37,2.07,41.47,35.19,632,32.55,9.369903632320236,18.37,2.07,1.6264769713045577,35.19,263.926,0
2026-01-02 07:10:00,T7,1261,43.22,32.35,3.48,50.6,55.87,1261,56.78,29.17630726515502,32.35,3.48,0.8541501976284585,55.87,522.7400000000001,1
2026-01-02 07:15:00,T6,988,50.1,24.9,1.75,21.13,28.78,988,49.9,19.72055888223553,24.9,1.75,2.3710364410790348,28.78,406.28600000000006,0
2026-01-02 07:20:00,T2,1050,52.17,26.16,0.91,24.24,43.98,1050,47.83,20.126509488211614,26.16,0.91,2.1522277227722775,43.98,434.21000000000004,1
2026-01-02 07:25:00,T5,1251,29.02,33.05,2.93,67.14,51.21,1251,70.98,43.108201240523776,33.05,2.93,0.43223115877271373,51.21,517.8380000000001,1
2026-01-02 07:30:00,T10,940,47.8,26.43,3.63,88.95,50.37,940,52.2,19.665271966527197,26.43,3.63,0.5373805508712759,50.37,392.086,1
2026-01-02 07:35:00,T8,474,74.45,16.53,3.05,46.22,64.31,474,25.549999999999997,6.366689053055742,16.53,3.05,1.6107745564690612,64.31,206.37800000000004,0
2026-01-02 07:40:00,T8,595,77.05,21.4,1.2,44.5,29.29,595,22.950000000000003,7.7222582738481504,21.4,1.2,1.7314606741573033,29.29,248.37800000000001,0
2026-01-02 07:45:00,T4,624,78.18,18.44,0.62,25.6,63.63,624,21.819999999999993,7.981580966999232,18.44,0.62,3.0539062500000003,63.63,266.13800000000003,0
2026-01-02 07:50:00,T3,752,62.19,21.72,2.21,29.08,40.91,752,37.81,12.09197620196173,21.72,2.21,2.1385832187070153,40.91,313.76800000000003,0
2026-01-02 07:55:00,T8,494,71.79,16.42,0.77,85.48,31.41,494,28.209999999999994,6.881181223011561,16.42,0.77,0.8398455779129621,31.41,207.32000000000002,0
2026-01-02 08:00:00,T6,135,90.34,13.56,0.89,66.45,23.92,135,9.659999999999997,1.494354660172681,13.56,0.89,1.3595184349134688,23.92,61.674,0
2026-01-02 08:05:00,T8,956,53.26,25.72,2.42,83.93,30.74,956,46.74,17.949680811115286,25.72,2.42,0.6345764327415703,30.74,394.17600000000004,1
2026-01-02 08:10:00,T8,755,69.08,25.83,0.7,83.53,61.11,755,30.92,10.929357266936885,25.83,0.7,0.8270082605052077,61.11,319.52799999999996,0
2026-01-02 08:15:00,T2,182,90.75,10.59,3.02,49.11,60.74,182,9.25,2.005509641873278,10.59,3.02,1.8478924862553452,60.74,87.66999999999999,0
2026-01-02 08:20:00,T10,1378,36.0,31.59,2.47,56.82,37.09,1378,64.0,38.27777777777778,31.59,2.47,0.6335797254487856,37.09,565.4300000000001,1
2026-01-02 08:25:00,T4,1440,20.82,35.29,4.0,60.57,38.66,1440,79.18,69.164265129683,35.29,4.0,0.34373452204061417,38.66,591.5899999999999,1
2026-01-02 08:30:00,T3,930,50.96,23.13,3.15,44.72,29.5,930,49.04,18.24960753532182,23.13,3.15,1.1395348837209303,29.5,383.15599999999995,1
2026-01-02 08:35:00,T2,429,76.28,22.78,1.45,34.27,49.57,429,23.72,5.624016780283167,22.78,1.45,2.2258535161949227,49.57,186.36,0
2026-01-02 08:40:00,T9,1055,50.24,21.83,1.62,32.02,61.04,1055,49.76,20.99920382165605,21.83,1.62,1.5690193628981886,61.04,438.898,0
2026-01-02 08:45:00,T10,1393,39.44,35.35,1.4,90.96,41.59,1393,60.56,35.319472616632865,35.35,1.4,0.4335971855760774,41.59,572.868,1
2026-01-02 08:50:00,T6,1398,24.29,33.06,3.07,67.97,56.39,1398,75.71000000000001,57.554549197200494,33.06,3.07,0.3573635427394439,56.39,577.7040000000001,1
2026-01-02 08:55:00,T8,810,64.4,22.39,2.76,30.52,50.2,810,35.599999999999994,12.577639751552795,22.39,2.76,2.1100917431192663,50.2,339.07000000000005,0
2026-01-02 09:00:00,T4,517,75.98,23.63,1.57,67.32,51.4,517,24.019999999999996,6.804422216372729,23.63,1.57,1.1286393345216876,51.4,222.12,0
2026-01-02 09:05:00,T4,91,88.62,19.08,1.33,67.18,60.74,91,11.379999999999995,1.0268562401263823,19.08,1.33,1.3191426019648704,60.74,52.63,0
2026-01-02 09:10:00,T7,105,86.44,14.59,1.9,24.71,50.57,105,13.560000000000002,1.2147154095326238,14.59,1.9,3.498178874949413,50.57,55.412000000000006,0
2026-01-02 09:15:00,T3,830,49.02,23.49,3.68,69.07,23.26,830,50.98,16.931864545083638,23.49,3.68,0.7097147821051109,23.26,342.08599999999996,0
2026-01-02 09:20:00,T7,139,99.78,14.26,0.93,31.17,42.22,139,0.21999999999999886,1.3930647424333533,14.26,0.93,3.201154956689124,42.22,67.082,0
2026-01-02 09:25:00,T9,701,70.6,24.42,0.87,57.3,58.6,701,29.400000000000006,9.929178470254959,24.42,0.87,1.2321116928446771,58.6,297.17800000000005,0
2026-01-02 09:30:00,T8,759,53.87,26.36,2.68,34.27,42.29,759,46.13,14.089474661221459,26.36,2.68,1.5719288007003207,42.29,317.86600000000004,0
2026-01-02 09:35:00,T4,1440,27.19,34.06,3.2,26.6,33.19,1440,72.81,52.96064729680029,34.06,3.2,1.0221804511278196,33.19,590.09,1
2026-01-02 09:40:00,T3,1448,29.89,26.76,2.99,82.6,36.14,1448,70.11,48.44429575108732,26.76,2.99,0.36186440677966103,36.14,592.3779999999999,1
2026-01-02 09:45:00,T8,375,85.17,12.77,0.41,30.56,21.89,375,14.829999999999998,4.4029587883057415,12.77,0.41,2.786976439790576,21.89,157.014,0
2026-01-02 09:50:00,T7,486,81.53,18.49,0.63,22.82,44.83,486,18.47,5.960995952410156,18.49,0.63,3.572743207712533,44.83,207.19000000000003,0
2026-01-02 09:55:00,T2,1099,51.22,23.37,3.16,79.33,49.74,1099,48.78,21.456462319406484,23.37,3.16,0.6456573805622084,49.74,454.854,1
2026-01-02 10:00:00,T4,346,74.53,18.93,2.84,39.9,57.26,346,25.47,4.642425868777673,18.93,2.84,1.8679197994987469,57.26,154.20600000000002,0
2026-01-02 10:05:00,T10,604,65.18,21.6,3.19,20.02,52.67,604,34.81999999999999,9.266646210494015,21.6,3.19,3.255744255744256,52.67,257.09200000000004,0
2026-01-02 10:10:00,T9,1091,53.33,24.19,0.95,59.43,49.16,1091,46.67,20.457528595537223,24.19,0.95,0.8973582365808513,49.16,451.26000000000005,0
2026-01-02 10:15:00,T6,1203,31.37,23.85,2.02,80.93,34.34,1203,68.63,38.34874083519286,23.85,2.02,0.38761892993945385,34.34,493.242,1
2026-01-02 10:20:00,T2,443,69.63,20.68,1.79,85.08,57.47,443,30.370000000000005,6.362200201062761,20.68,1.79,0.8184062059238364,57.47,193.18800000000002,0
2026-01-02 10:25:00,T1,1369,41.19,32.32,2.87,32.22,40.04,1369,58.81,33.236222384073805,32.32,2.87,1.2783985102420856,40.04,562.6460000000001,1
2026-01-02 10:30:00,T5,211,83.08,10.97,0.72,49.04,40.61,211,16.92,2.5397207510832933,10.97,0.72,1.6941272430668841,40.61,94.86000000000001,0
2026-01-02 10:35:00,T9,215,98.17,15.28,1.36,59.98,50.81,215,1.8299999999999983,2.1900784353672202,15.28,1.36,1.636712237412471,50.81,99.49000000000001,0
2026-01-02 10:40:00,T3,512,69.22,21.36,0.74,73.64,30.2,512,30.78,7.396706154290667,21.36,0.74,0.9399782726778925,30.2,215.26,0
2026-01-02 10:45:00,T5,391,89.97,20.0,2.28,43.51,32.05,391,10.030000000000001,4.3458930754696015,20.0,2.28,2.0678005056308897,32.05,167.266,0
2026-01-02 10:50:00,T6,628,72.1,21.28,0.55,48.51,41.4,628,27.900000000000006,8.710124826629682,21.28,0.55,1.4862914862914862,41.4,263.846,0
2026-01-02 10:55:00,T7,951,46.73,20.89,3.75,63.72,26.23,951,53.27,20.350952279049864,20.89,3.75,0.7333647206528562,26.23,390.574,1
2026-01-02 11:00:00,T1,985,56.9,20.33,3.3,35.18,29.47,985,43.1,17.311072056239016,20.33,3.3,1.6173962478681068,29.47,404.62,1
2026-01-02 11:05:00,T1,200,97.82,19.04,0.22,69.82,50.9,200,2.180000000000007,2.0445716622367613,19.04,0.22,1.4010312231452307,50.9,94.03199999999998,0
2026-01-02 11:10:00,T4,376,71.4,22.17,1.29,75.09,43.46,376,28.599999999999994,5.266106442577031,22.17,1.29,0.9508589692369157,43.46,163.78400000000002,0
2026-01-02 11:15:00,T7,713,70.3,21.94,3.53,69.64,63.1,713,29.700000000000003,10.142247510668565,21.94,3.53,1.0094773118897185,63.1,302.914,0
2026-01-02 11:20:00,T8,314,86.83,18.81,2.6,51.1,36.68,314,13.170000000000002,3.6162616607163423,18.81,2.6,1.6992172211350294,36.68,137.21800000000002,0
2026-01-02 11:25:00,T3,73,86.6,12.98,0.07,37.87,53.94,73,13.400000000000006,0.8429561200923789,12.98,0.07,2.286770530763137,53.94,42.598,0
2026-01-02 11:30:00,T1,1270,27.73,24.67,3.11,94.7,36.34,1270,72.27,45.79877389109268,24.67,3.11,0.2928194297782471,36.34,520.824,1
2026-01-02 11:35:00,T7,788,53.69,27.71,0.78,40.37,22.49,788,46.31,14.676848575153661,27.71,0.78,1.3299479811741393,22.49,325.396,0
2026-01-02 11:40:00,T6,604,66.85,17.64,3.12,34.42,48.2,604,33.150000000000006,9.035153328347047,17.64,3.12,1.9421847762928528,48.2,255.392,0
2026-01-02 11:45:00,T6,1285,44.56,30.76,3.24,53.41,35.75,1285,55.44,28.837522441651704,30.76,3.24,0.834300692754166,35.75,527.95,1
2026-01-02 11:50:00,T9,671,66.18,21.88,1.12,38.47,28.75,671,33.81999999999999,10.139014808099123,21.88,1.12,1.7203015336625944,28.75,278.75,0
2026-01-02 11:55:00,T3,1162,46.39,24.72,3.61,60.14,52.77,1162,53.61,25.048501832291443,24.72,3.61,0.7713668107748587,52.77,481.02,1
2026-01-02 12:00:00,T1,170,101.43,12.97,2.54,25.84,41.81,170,-1.4300000000000068,1.676032731933353,12.97,2.54,3.92530959752322,41.81,79.46399999999998,0
2026-01-02 12:05:00,T1,551,67.86,15.52,0.99,80.45,52.56,551,32.14,8.11965811965812,15.52,0.99,0.843505282784338,52.56,234.21400000000003,0
2026-01-02 12:10:00,T2,405,77.31,18.22,0.44,78.39,37.91,405,22.689999999999998,5.238649592549476,18.22,0.44,0.9862227324913893,37.91,173.314,0
2026-01-02 12:15:00,T3,1074,47.68,27.69,3.86,89.56,25.88,1074,52.32,22.5251677852349,27.69,3.86,0.5323805270209915,25.88,441.086,1
2026-01-02 12:20:00,T9,1155,34.13,27.47,1.89,76.46,23.67,1155,65.87,33.84119542924113,27.47,1.89,0.44637719068794146,23.67,472.606,1
2026-01-02 12:25:00,T6,619,73.52,17.67,2.13,79.71,52.29,619,26.480000000000004,8.419477693144723,17.67,2.13,0.9223434951699913,52.29,262.01800000000003,0
2026-01-02 12:30:00,T8,302,92.22,18.63,0.92,66.2,38.41,302,7.780000000000001,3.2747777054868794,18.63,0.92,1.3930513595166163,38.41,132.392,0
2026-01-02 12:35:00,T9,678,75.51,22.24,2.02,36.87,24.28,678,24.489999999999995,8.978943186332936,22.24,2.02,2.0480065093572013,24.28,280.90799999999996,0
2026-01-02 12:40:00,T1,822,60.65,19.79,2.18,30.11,33.65,822,39.35,13.553173948887057,19.79,2.18,2.0142809697774826,33.65,339.92400000000004,0
2026-01-02 12:45:00,T1,1268,28.49,25.5,1.32,67.69,20.42,1268,71.51,44.50684450684451,25.5,1.32,0.42088934850051707,20.42,516.648,1
2026-01-02 12:50:00,T2,422,83.67,17.34,3.24,64.22,39.87,422,16.33,5.043623760009561,17.34,3.24,1.3028651510432887,39.87,180.89,0
2026-01-02 12:55:00,T7,515,82.28,18.17,0.64,90.7,55.64,515,17.72,6.259115216334467,18.17,0.64,0.9071664829106946,55.64,220.89,0
2026-01-02 13:00:00,T2,957,54.61,20.0,0.93,88.77,59.4,957,45.39,17.524262955502657,20.0,0.93,0.6151853103525966,59.4,398.866,0
2026-01-02 13:05:00,T1,116,101.36,11.19,0.55,51.05,60.7,116,-1.3599999999999994,1.1444356748224151,11.19,0.55,1.9855044074436827,60.7,60.888000000000005,0
2026-01-02 13:10:00,T2,1334,26.46,26.58,4.07,67.84,25.58,1334,73.53999999999999,50.41572184429327,26.58,4.07,0.39003537735849053,25.58,544.846,1
2026-01-02 13:15:00,T4,531,76.87,16.48,2.25,33.0,46.79,531,23.129999999999995,6.907766358787563,16.48,2.25,2.3293939393939396,46.79,225.504,0
2026-01-02 13:20:00,T7,1348,35.79,33.43,3.79,25.62,44.46,1348,64.21000000000001,37.66415199776474,33.43,3.79,1.3969555035128804,44.46,555.5360000000002,1
2026-01-02 13:25:00,T6,595,73.83,23.96,1.47,68.25,58.86,595,26.17,8.059054584857105,23.96,1.47,1.0817582417582416,58.86,254.858,0
2026-01-02 13:30:00,T2,961,53.76,23.62,2.49,55.31,41.26,961,46.24,17.875744047619047,23.62,2.49,0.9719761345145542,41.26,397.874,1
2026-01-02 13:35:00,T8,80,92.17,13.54,0.98,37.81,29.16,80,7.829999999999998,0.8679613757187805,13.54,0.98,2.437714890240677,29.16,40.736,0
2026-01-02 13:40:00,T8,569,61.69,18.08,2.52,52.29,57.92,569,38.31,9.223537040038904,18.08,2.52,1.1797666857907823,57.92,243.304,0
2026-01-02 13:45:00,T3,1072,45.96,23.94,1.93,35.19,44.4,1072,54.04,23.32463011314186,23.94,1.93,1.3060528559249789,44.4,442.85400000000004,0
2026-01-02 13:50:00,T1,224,93.81,19.63,2.61,79.86,49.55,224,6.189999999999998,2.3878051380449845,19.63,2.61,1.1746806912096168,49.55,103.95800000000001,0
2026-01-02 13:55:00,T9,415,79.41,21.88,1.0,71.88,28.71,415,20.590000000000003,5.22604206019393,21.88,1.0,1.1047579298831385,28.71,176.31799999999998,0
2026-01-02 14:00:00,T1,1285,43.69,30.46,2.7,31.59,36.11,1285,56.31,29.411764705882355,30.46,2.7,1.3830326052548274,36.11,527.8539999999999,1
2026-01-02 14:05:00,T2,1124,40.06,22.92,1.64,25.01,61.76,1124,59.94,28.05791313030454,22.92,1.64,1.6017592962814875,61.76,466.864,0
2026-01-02 14:10:00,T4,1076,48.75,30.7,2.64,77.94,22.97,1076,51.25,22.07179487179487,30.7,2.64,0.6254811393379522,22.97,441.66200000000003,1
2026-01-02 14:15:00,T2,532,66.23,17.2,1.69,67.81,22.65,532,33.769999999999996,8.032613619205797,17.2,1.69,0.9766996018286389,22.65,221.108,0
2026-01-02 14:20:00,T1,288,75.61,11.62,2.42,69.16,53.72,288,24.39,3.8090199709033197,11.62,2.42,1.093262001156738,53.72,128.752,0
2026-01-02 14:25:00,T7,1434,33.01,28.08,1.2,42.34,63.72,1434,66.99000000000001,43.44138139957589,28.08,1.2,0.7796410014170996,63.72,592.2,1
2026-01-02 14:30:00,T1,1245,39.37,28.33,2.02,66.38,32.73,1245,60.63,31.623063246126495,28.33,2.02,0.5931003314251281,32.73,510.616,1
2026-01-02 14:35:00,T6,1368,26.55,30.94,2.66,66.93,63.16,1368,73.45,51.52542372881356,30.94,2.66,0.396683101748095,63.16,566.552,1
2026-01-02 14:40:00,T9,302,89.66,11.85,2.59,74.09,25.54,302,10.340000000000003,3.368280169529333,11.85,2.59,1.2101498177891752,25.54,128.79600000000002,0
2026-01-02 14:45:00,T7,1025,46.36,26.5,2.52,89.68,45.81,1025,53.64,22.10957722174288,26.5,2.52,0.5169491525423728,45.81,424.966,1
2026-01-02 14:50:00,T6,455,77.17,20.61,1.37,23.99,22.24,455,22.83,5.89607360373202,20.61,1.37,3.2167569820758652,22.24,190.84400000000002,0
2026-01-02 14:55:00,T1,1408,27.75,26.65,2.93,92.74,27.17,1408,72.25,50.73873873873874,26.65,2.93,0.29922363597153334,27.17,574.5500000000001,1
2026-01-02 15:00:00,T5,126,94.46,13.66,1.97,39.58,62.92,126,5.540000000000006,1.3338979462206226,13.66,1.97,2.3865588681152095,62.92,66.11,0
2026-01-02 15:05:00,T4,614,63.76,19.63,3.18,55.43,51.41,614,36.24,9.629861982434129,19.63,3.18,1.1502796319682482,51.41,260.444,0
2026-01-02 15:10:00,T4,817,59.62,26.61,2.82,61.8,33.86,817,40.38,13.703455216370346,26.61,2.82,0.9647249190938512,33.86,339.458,0
2026-01-02 15:15:00,T5,1480,24.73,30.13,3.59,59.24,28.46,1480,75.27,59.846340477153255,30.13,3.59,0.41745442268737337,28.46,604.4359999999999,1
2026-01-02 15:20:00,T9,1262,27.71,32.62,2.6,70.31,29.8,1262,72.28999999999999,45.54312522555034,32.62,2.6,0.394111790641445,29.8,517.804,1
2026-01-02 15:25:00,T7,213,94.35,16.15,1.49,89.59,62.1,213,5.650000000000006,2.2575516693163755,16.15,1.49,1.0531309297912712,62.1,101.14800000000001,0
2026-01-02 15:30:00,T1,355,85.77,20.13,2.68,24.08,55.45,355,14.230000000000004,4.1389763320508335,20.13,2.68,3.5618770764119603,55.45,157.65200000000002,0
2026-01-02 15:35:00,T10,1175,36.85,27.23,3.36,46.1,50.76,1175,63.15,31.886024423337854,27.23,3.36,0.7993492407809111,50.76,486.27000000000004,1
2026-01-02 15:40:00,T4,118,104.02,10.53,1.59,60.42,50.96,118,-4.019999999999996,1.1343972313016728,10.53,1.59,1.7216153591525984,50.96,59.816,0
2026-01-02 15:45:00,T6,1452,28.87,30.77,3.91,48.53,53.13,1452,71.13,50.294423276757875,30.77,3.91,0.5948897589120132,53.13,598.3620000000001,1
2026-01-02 15:50:00,T1,251,80.61,17.4,1.82,27.58,41.06,251,19.39,3.1137575983128642,17.4,1.82,2.9227701232777377,41.06,112.45600000000002,0
2026-01-02 15:55:00,T1,1048,56.65,21.74,2.14,60.27,60.39,1048,43.35,18.49955869373345,21.74,2.14,0.939936950389912,60.39,436.05400000000003,1
2026-01-02 16:00:00,T3,1382,34.71,28.7,3.52,87.28,43.06,1382,65.28999999999999,39.81561509651397,28.7,3.52,0.39768560953253895,43.06,567.856,1
2026-01-02 16:05:00,T1,1431,22.39,35.03,2.39,52.51,33.22,1431,77.61,63.9124609200536,35.03,2.39,0.42639497238621216,33.22,586.5279999999999,1
2026-01-02 16:10:00,T4,259,77.5,12.73,2.99,45.87,36.61,259,22.5,3.3419354838709676,12.73,2.99,1.6895574449531285,36.61,114.06600000000002,0
2026-01-02 16:15:00,T3,865,57.63,18.97,3.27,47.94,26.25,865,42.37,15.009543640465035,18.97,3.27,1.202127659574468,26.25,355.698,0
2026-01-02 16:20:00,T3,933,55.97,21.08,3.18,82.53,21.85,933,44.03,16.669644452385207,21.08,3.18,0.6781776323761056,21.85,382.4220000000001,1
2026-01-02 16:25:00,T4,1482,21.86,28.28,3.54,53.36,46.42,1482,78.14,67.79505946935042,28.28,3.54,0.4096701649175412,46.42,608.448,1
2026-01-02 16:30:00,T2,382,86.21,16.88,2.78,20.67,54.85,382,13.790000000000006,4.431040482542628,16.88,2.78,4.170778906627962,54.85,167.70200000000003,0
2026-01-02 16:35:00,T6,677,63.48,21.28,1.32,71.69,36.28,677,36.52,10.664776307498425,21.28,1.32,0.8854791463244525,36.28,282.576,0
2026-01-02 16:40:00,T7,109,88.38,14.11,2.05,48.0,28.37,109,11.620000000000005,1.2333107037791355,14.11,2.05,1.8412499999999998,28.37,52.506,0
2026-01-02 16:45:00,T8,486,72.02,20.62,2.29,37.27,58.56,486,27.980000000000004,6.748125520688698,20.62,2.29,1.9323852964851085,58.56,210.694,0
2026-01-02 16:50:00,T5,53,105.21,14.38,1.03,81.25,34.5,53,-5.209999999999994,0.5037543959699649,14.38,1.03,1.2948923076923076,34.5,31.182000000000002,0
2026-01-02 16:55:00,T4,82,91.14,14.33,2.17,37.93,22.88,82,8.86,0.8997147245995172,14.33,2.17,2.402847350382283,22.88,40.676,0
2026-01-02 17:00:00,T4,733,59.42,19.77,2.39,61.64,43.87,733,40.58,12.335913833726018,19.77,2.39,0.963984425697599,43.87,306.406,0
2026-01-02 17:05:00,T6,953,51.86,23.16,1.04,63.37,59.17,953,48.14,18.376397994600847,23.16,1.04,0.8183683130819,59.17,397.8740000000001,0
2026-01-02 17:10:00,T3,117,95.99,11.61,2.39,31.69,40.48,117,4.010000000000005,1.2188769663506616,11.61,2.39,3.0290312401388446,40.48,57.69600000000001,0
2026-01-02 17:15:00,T8,267,85.13,18.18,2.89,36.73,62.77,267,14.870000000000005,3.136379654645836,18.18,2.89,2.3177239313912334,62.77,123.56800000000001,0
2026-01-02 17:20:00,T7,248,83.84,16.45,1.72,91.79,50.79,248,16.159999999999997,2.9580152671755724,16.45,1.72,0.9133892580891164,50.79,112.992,0
2026-01-02 17:25:00,T2,213,91.96,10.95,1.76,45.2,33.33,213,8.040000000000006,2.3162244454110485,10.95,1.76,2.034513274336283,33.33,94.408,0
2026-01-02 17:30:00,T8,104,96.03,17.46,2.79,89.99,58.64,104,3.969999999999999,1.0829948974278871,17.46,2.79,1.067118568729859,58.64,57.378,0
2026-01-02 17:35:00,T8,287,78.99,20.1,2.14,88.52,56.62,287,21.010000000000005,3.6333713128244085,20.1,2.14,0.8923407139629462,56.62,130.572,0
2026-01-02 17:40:00,T9,1102,54.34,29.4,3.05,41.74,28.19,1102,45.66,20.27972027972028,29.4,3.05,1.3018687110685194,28.19,452.928,1
2026-01-02 17:45:00,T8,853,49.39,26.94,1.46,27.91,59.76,853,50.61,17.270702571370723,26.94,1.46,1.7696166248656395,59.76,358.832,0
2026-01-02 17:50:00,T8,1095,40.33,25.03,3.36,52.89,59.41,1095,59.67,27.1510042152244,25.03,3.36,0.7625259973529968,59.41,455.56,1
2026-01-02 17:55:00,T4,204,82.26,18.02,0.87,56.67,34.5,204,17.739999999999995,2.4799416484318013,18.02,0.87,1.451561672842774,34.5,92.27800000000002,0
2026-01-02 18:00:00,T7,1349,38.56,28.52,3.99,80.43,31.38,1349,61.44,34.9844398340249,28.52,3.99,0.4794231008330225,31.38,552.3779999999999,1
2026-01-02 18:05:00,T3,345,76.44,20.46,2.14,62.68,28.13,345,23.560000000000002,4.5133437990580845,20.46,2.14,1.219527760051053,28.13,148.14600000000002,0
2026-01-02 18:10:00,T9,489,82.33,22.14,1.44,42.08,20.57,489,17.67,5.9395117211223125,22.14,1.44,1.9565114068441065,20.57,204.43000000000004,0
2026-01-02 18:15:00,T8,1085,50.61,28.49,2.32,50.61,46.31,1085,49.39,21.438450899031814,28.49,2.32,1.0,46.31,449.424,1
2026-01-02 18:20:00,T9,1286,37.14,26.73,1.48,51.31,63.34,1286,62.86,34.625740441572425,26.73,1.48,0.7238355096472422,63.34,532.71,1
2026-01-02 18:25:00,T9,788,50.93,22.19,1.86,42.34,51.61,788,49.07,15.472216768113096,22.19,1.86,1.2028814359943314,51.61,330.33200000000005,0
2026-01-02 18:30:00,T8,1286,45.54,25.75,2.65,89.33,27.32,1286,54.46,28.2389108476065,25.75,2.65,0.5097951416097616,27.32,525.544,1
2026-01-02 18:35:00,T1,692,55.6,19.81,1.07,33.71,35.59,692,44.4,12.446043165467625,19.81,1.07,1.6493622070602194,35.59,288.094,0
2026-01-02 18:40:00,T2,346,87.27,20.48,3.26,35.27,52.15,346,12.730000000000004,3.9647072304342847,20.48,3.26,2.4743407995463564,52.15,153.578,0
2026-01-02 18:45:00,T9,455,79.95,21.63,1.62,26.82,44.96,455,20.049999999999997,5.691056910569105,21.63,1.62,2.980984340044743,44.96,195.642,0
2026-01-02 18:50:00,T8,1284,30.39,25.24,2.29,43.09,34.49,1284,69.61,42.25074037512339,25.24,2.29,0.7052680436296124,34.49,526.004,1
2026-01-02 18:55:00,T6,77,100.88,15.54,1.12,52.18,26.27,77,-0.8799999999999955,0.7632831086439335,15.54,1.12,1.9333077807589114,26.27,39.385999999999996,0
2026-01-02 19:00:00,T4,1174,31.58,23.19,2.23,50.67,32.97,1174,68.42,37.175427485750475,23.19,2.23,0.6232484704953621,32.97,481.278,1
2026-01-02 19:05:00,T4,1444,18.77,35.97,2.51,37.08,26.18,1444,81.23,76.93127330847096,35.97,2.51,0.506202804746494,26.18,590.5319999999999,1
2026-01-02 19:10:00,T3,162,82.14,12.82,2.48,43.8,59.18,162,17.86,1.9722425127830534,12.82,2.48,1.8753424657534248,59.18,79.696,0
2026-01-02 19:15:00,T9,1074,54.04,30.12,2.39,72.43,62.18,1074,45.96,19.87416728349371,30.12,2.39,0.7460996824520225,62.18,448.538,1
2026-01-02 19:20:00,T8,1154,48.13,32.16,1.77,32.06,56.41,1154,51.87,23.976729690421774,32.16,1.77,1.501247660636307,56.41,479.668,1
2026-01-02 19:25:00,T7,667,58.35,19.53,2.99,26.16,37.37,667,41.65,11.43101970865467,19.53,2.99,2.2305045871559632,37.37,278.778,0
2026-01-02 19:30:00,T8,1076,55.28,27.42,3.61,80.97,59.41,1076,44.72,19.46454413892909,27.42,3.61,0.682721995800914,59.41,448.488,1
2026-01-02 19:35:00,T10,572,71.02,15.18,2.71,26.16,42.42,572,28.980000000000004,8.05406927626021,15.18,2.71,2.7148318042813453,42.42,240.86200000000002,0
2026-01-02 19:40:00,T3,566,67.77,15.93,3.4,26.29,45.55,566,32.230000000000004,8.35177807289361,15.93,3.4,2.577786230505896,45.55,239.37600000000003,0
2026-01-02 19:45:00,T6,918,56.94,25.83,1.01,62.19,43.62,918,43.06,16.12223393045311,25.83,1.01,0.9155812831644959,43.62,381.29200000000003,1
2026-01-02 19:50:00,T4,958,61.56,25.16,1.26,23.16,53.47,958,38.44,15.562053281351526,25.16,1.26,2.6580310880829017,53.47,399.17800000000005,1
2026-01-02 19:55:00,T4,1034,53.31,28.56,3.76,85.5,51.7,1034,46.69,19.395985743762896,28.56,3.76,0.6235087719298246,51.7,430.404,1
2026-01-02 20:00:00,T10,1203,46.18,30.48,1.7,72.43,23.63,1203,53.82,26.050238198354265,30.48,1.7,0.6375811127985641,23.63,492.362,1
2026-01-02 20:05:00,T2,783,65.33,26.5,2.49,91.75,58.31,783,34.67,11.985305372723099,26.5,2.49,0.7120435967302452,58.31,330.66,0
2026-01-02 20:10:00,T1,824,64.18,24.37,2.87,87.57,33.94,824,35.81999999999999,12.838890620130881,24.37,2.87,0.7328993947698985,33.94,341.83600000000007,0
2026-01-02 20:15:00,T2,318,81.89,18.61,0.72,66.75,44.16,318,18.11,3.8832580290633776,18.61,0.72,1.226816479400749,44.16,139.898,0
2026-01-02 20:20:00,T4,1107,35.63,31.43,1.14,53.96,24.6,1107,64.37,31.069323603704742,31.43,1.14,0.660303928836175,24.6,454.23400000000004,1
2026-01-02 20:25:00,T1,1246,42.81,28.85,4.02,76.43,23.16,1246,57.19,29.10534921747255,28.85,4.02,0.5601203715818396,23.16,509.606,1
2026-01-02 20:30:00,T3,638,67.81,25.95,2.49,61.31,21.24,638,32.19,9.408641793245833,25.95,2.49,1.1060185940303375,21.24,265.136,0
2026-01-02 20:35:00,T6,250,88.26,17.58,2.07,73.39,26.88,250,11.739999999999995,2.8325402220711533,17.58,2.07,1.2026161602398147,26.88,109.30600000000001,0
2026-01-02 20:40:00,T3,277,81.3,18.35,2.3,30.35,46.84,277,18.700000000000003,3.4071340713407134,18.35,2.3,2.6787479406919275,46.84,124.298,0
2026-01-02 20:45:00,T10,769,59.12,25.52,0.65,29.99,54.28,769,40.88,13.007442489851151,25.52,0.65,1.9713237745915306,54.28,323.69,0
2026-01-02 20:50:00,T10,952,58.81,21.68,2.67,94.66,63.43,952,41.19,16.187723176330554,21.68,2.67,0.6212761462074794,63.43,398.356,1
2026-01-02 20:55:00,T4,318,84.07,16.34,2.37,86.42,58.59,318,15.930000000000007,3.782562150588795,16.34,2.37,0.9728072205507984,58.59,142.65999999999997,0
2026-01-02 21:00:00,T6,475,83.92,21.55,1.78,86.29,40.28,475,16.08,5.660152526215443,21.55,1.78,0.9725344767643991,40.28,202.722,0
2026-01-02 21:05:00,T10,961,47.8,24.01,1.38,92.96,38.8,961,52.2,20.104602510460253,24.01,1.38,0.5141996557659209,38.8,397.23800000000006,0
2026-01-02 21:10:00,T4,1312,27.03,25.1,4.07,48.56,61.15,1312,72.97,48.53866074731779,25.1,4.07,0.5566309719934102,61.15,542.864,1
2026-01-02 21:15:00,T10,937,46.1,28.07,3.32,31.56,37.32,937,53.9,20.325379609544466,28.07,3.32,1.4607097591888467,37.32,388.542,1
2026-01-02 21:20:00,T5,198,95.86,17.14,1.75,87.08,53.11,198,4.140000000000001,2.065512205299395,17.14,1.75,1.1008268259072118,53.11,93.6,0
2026-01-02 21:25:00,T2,530,77.12,20.95,1.32,71.86,30.96,530,22.879999999999995,6.872406639004149,20.95,1.32,1.0731978847759533,30.96,222.64600000000002,0
2026-01-02 21:30:00,T5,481,70.8,18.27,2.33,57.58,31.09,481,29.200000000000003,6.793785310734464,18.27,2.33,1.2295936088919763,31.09,202.738,0
2026-01-02 21:35:00,T2,1257,41.8,29.31,4.01,53.34,20.78,1257,58.2,30.07177033492823,29.31,4.01,0.7836520434945631,20.78,513.62,1
2026-01-02 21:40:00,T1,149,93.17,12.28,3.04,31.59,44.55,149,6.829999999999998,1.5992272190619299,12.28,3.04,2.9493510604621718,44.55,71.574,0
2026-01-02 21:45:00,T8,514,78.82,21.38,1.38,62.94,50.54,514,21.180000000000007,6.521187515858919,21.38,1.38,1.2523037813790912,50.54,220.26000000000005,0
2026-01-02 21:50:00,T4,1315,34.21,26.11,3.25,45.63,50.78,1315,65.78999999999999,38.439052908506284,26.11,3.25,0.7497260574183651,50.78,542.0279999999999,1
2026-01-02 21:55:00,T5,1497,15.75,28.8,2.29,42.58,55.46,1497,84.25,95.04761904761905,28.8,2.29,0.36989196806012214,55.46,616.11,1
2026-01-02 22:00:00,T4,1306,38.75,34.14,2.79,84.7,45.92,1306,61.25,33.70322580645161,34.14,2.79,0.4574970484061393,45.92,538.9699999999999,1
2026-01-02 22:05:00,T5,58,106.12,10.4,2.93,56.85,21.33,58,-6.1200000000000045,0.5465510742555597,10.4,2.93,1.8666666666666667,21.33,30.131999999999998,0
2026-01-02 22:10:00,T1,495,84.68,23.53,0.69,80.52,49.62,495,15.319999999999993,5.845536136041567,23.53,0.69,1.051664182811724,49.62,212.768,0
2026-01-02 22:15:00,T10,1416,21.09,34.99,1.76,31.11,38.2,1416,78.91,67.14082503556187,34.99,1.76,0.6779170684667309,38.2,581.39,1
2026-01-02 22:20:00,T2,247,95.14,19.46,3.16,41.27,61.29,247,4.859999999999999,2.5961740592810596,19.46,3.16,2.3053065180518533,61.29,115.58200000000001,0
2026-01-02 22:25:00,T7,1326,32.22,25.59,2.31,46.19,21.33,1326,67.78,41.154562383612664,25.59,2.31,0.6975535830266292,21.33,540.246,1
2026-01-02 22:30:00,T2,1017,49.89,23.44,2.22,74.36,49.9,1017,50.11,20.384846662657846,23.44,2.22,0.6709252286175363,49.9,421.91200000000003,1
2026-01-02 22:35:00,T1,1387,32.17,28.93,2.38,20.11,47.04,1387,67.83,43.11470313957103,28.93,2.38,1.5997016409746396,47.04,570.47,1
2026-01-02 22:40:00,T1,691,68.24,20.44,3.09,21.88,60.4,691,31.760000000000005,10.126025791324738,20.44,3.09,3.118829981718464,60.4,293.18600000000004,0
2026-01-02 22:45:00,T6,683,74.12,20.14,0.81,64.54,31.15,683,25.879999999999995,9.214786832164057,20.14,0.81,1.1484350790207623,31.15,283.62,0
2026-01-02 22:50:00,T6,798,64.14,19.23,1.06,58.9,31.12,798,35.86,12.441534144059869,19.23,1.06,1.0889643463497454,31.12,329.482,0
2026-01-02 22:55:00,T1,935,57.29,20.55,1.49,22.0,58.53,935,42.71,16.320474777448073,20.55,1.49,2.604090909090909,58.53,390.11400000000003,0
2026-01-02 23:00:00,T7,1305,29.68,33.52,2.16,78.78,36.77,1305,70.32,43.96900269541779,33.52,2.16,0.37674536684437676,36.77,536.49,1
2026-01-02 23:05:00,T4,710,58.68,21.72,1.7,89.61,49.68,710,41.32,12.099522835719155,21.72,1.7,0.6548376297288249,49.68,298.61999999999995,0
2026-01-02 23:10:00,T10,1275,35.15,25.75,1.8,28.66,37.75,1275,64.85,36.273115220483646,25.75,1.8,1.2264480111653873,37.75,523.06,1
2026-01-02 23:15:00,T7,367,80.19,13.07,2.25,29.04,54.24,367,19.810000000000002,4.576630502556428,13.07,2.25,2.7613636363636362,54.24,160.71200000000002,0
2026-01-02 23:20:00,T9,102,94.78,14.1,1.14,32.75,24.89,102,5.219999999999999,1.0761764085250052,14.1,1.14,2.8940458015267176,24.89,48.82600000000001,0
2026-01-02 23:25:00,T9,1206,32.41,26.77,3.58,65.21,29.19,1206,67.59,37.21073742672015,26.77,3.58,0.49700966109492406,29.19,494.30800000000005,1
2026-01-02 23:30:00,T8,1266,32.98,25.58,3.39,70.08,56.08,1266,67.02000000000001,38.38690115221347,25.58,3.39,0.4706050228310502,56.08,523.4100000000001,1
2026-01-02 23:35:00,T1,585,69.89,19.38,2.92,39.84,60.44,585,30.11,8.370296179710975,19.38,2.92,1.7542670682730923,60.44,250.548,0
2026-01-02 23:40:00,T10,632,75.84,19.98,1.07,66.48,35.84,632,24.159999999999997,8.333333333333332,19.98,1.07,1.1407942238267148,35.84,264.178,0
2026-01-02 23:45:00,T10,495,82.29,22.64,0.41,39.86,48.5,495,17.709999999999994,6.015311702515493,22.64,0.41,2.0644756648268943,48.5,212.30999999999997,0
2026-01-02 23:50:00,T4,1301,39.3,25.75,4.01,58.7,56.43,1301,60.7,33.10432569974555,25.75,4.01,0.6695059625212947,56.43,537.6379999999999,1
2026-01-02 23:55:00,T8,1231,31.02,30.17,1.15,32.71,48.62,1231,68.98,39.68407479045777,30.17,1.15,0.9483338428615102,48.62,508.38800000000003,1
2026-01-03 00:00:00,T8,964,50.34,23.93,3.05,56.06,29.82,964,49.66,19.149781485895907,23.93,3.05,0.897966464502319,29.82,396.96000000000004,1
2026-01-03 00:05:00,T10,929,46.57,24.29,0.96,35.61,40.52,929,53.43,19.94846467683058,24.29,0.96,1.3077787138444257,40.52,384.754,0
2026-01-03 00:10:00,T7,1191,36.86,23.78,3.82,62.64,55.88,1191,63.14,32.31144872490505,23.78,3.82,0.5884418901660281,55.88,493.09600000000006,1
2026-01-03 00:15:00,T8,1284,33.21,32.19,1.51,71.21,51.73,1284,66.78999999999999,38.66305329719964,32.19,1.51,0.466367083274821,51.73,530.686,1
2026-01-03 00:20:00,T3,390,87.02,22.37,1.13,71.61,36.79,390,12.980000000000004,4.481728338313031,22.37,1.13,1.2151934087417957,36.79,168.058,0
2026-01-03 00:25:00,T9,1327,42.05,26.25,3.67,27.9,56.69,1327,57.95,31.5576694411415,26.25,3.67,1.507168458781362,56.69,548.1220000000001,1
2026-01-03 00:30:00,T3,1430,34.88,30.34,1.21,32.4,50.96,1430,65.12,40.99770642201835,30.34,1.21,1.0765432098765433,50.96,588.502,1
2026-01-03 00:35:00,T5,378,86.7,16.41,3.28,27.22,20.29,378,13.299999999999997,4.359861591695502,16.41,3.28,3.1851579720793537,20.29,159.19600000000003,0
2026-01-03 00:40:00,T4,1057,55.81,30.75,2.84,38.67,57.13,1057,44.19,18.93925819745565,30.75,2.84,1.443237651926558,57.13,440.94399999999996,1
2026-01-03 00:45:00,T9,914,51.58,23.7,2.31,84.6,44.37,914,48.42,17.72004652966266,23.7,2.31,0.6096926713947991,44.37,379.67600000000004,1
2026-01-03 00:50:00,T7,371,78.96,22.09,0.75,65.62,42.31,371,21.040000000000006,4.698581560283689,22.09,0.75,1.2032916793660469,42.31,161.43,0
2026-01-03 00:55:00,T10,1136,38.56,29.35,2.1,62.63,29.27,1136,61.44,29.46058091286307,29.35,2.1,0.6156793868752994,29.27,466.54400000000004,1
2026-01-03 01:00:00,T4,495,68.73,14.59,2.08,82.26,28.85,495,31.269999999999996,7.202095154954168,14.59,2.08,0.8355215171407732,28.85,207.104,0
2026-01-03 01:05:00,T8,859,63.38,22.13,1.04,73.95,45.99,859,36.62,13.55317134742821,22.13,1.04,0.8570655848546315,45.99,357.432,0
2026-01-03 01:10:00,T2,1018,42.49,26.62,1.81,61.29,46.81,1018,57.51,23.958578489056247,26.62,1.81,0.6932615434818078,46.81,422.2480000000001,1
2026-01-03 01:15:00,T2,266,81.85,18.4,2.34,89.39,27.57,266,18.150000000000006,3.2498472816127064,18.4,2.34,0.9156505201924152,27.57,116.06200000000001,0
2026-01-03 01:20:00,T2,1433,20.45,28.61,2.51,38.86,63.14,1433,79.55,70.07334963325184,28.61,2.51,0.5262480699948533,63.14,592.052,1
2026-01-03 01:25:00,T9,1210,36.85,28.52,1.87,84.47,32.52,1210,63.15,32.83582089552239,28.52,1.87,0.43624955605540433,32.52,496.58200000000005,1
2026-01-03 01:30:00,T4,115,90.59,12.62,1.53,37.42,32.06,115,9.409999999999997,1.2694557898222762,12.62,1.53,2.42089791555318,32.06,55.242,0
2026-01-03 01:35:00,T7,1028,56.86,20.93,2.31,21.65,38.72,1028,43.14,18.079493492789307,20.93,2.31,2.6263279445727483,38.72,423.592,1
2026-01-03 01:40:00,T5,1020,41.09,24.88,2.89,21.8,57.79,1020,58.91,24.82355804331954,24.88,2.89,1.884862385321101,57.79,425.11199999999997,1
2026-01-03 01:45:00,T2,1451,28.53,27.85,3.75,70.93,61.49,1451,71.47,50.85874518051174,27.85,3.75,0.40222754828704355,61.49,599.018,1
2026-01-03 01:50:00,T1,941,55.22,29.55,2.87,24.73,38.58,941,44.78,17.04092720028975,29.55,2.87,2.232915487262434,38.58,390.6000000000001,1
2026-01-03 01:55:00,T1,1033,47.87,21.7,2.34,87.61,46.64,1033,52.13,21.579277209108003,21.7,2.34,0.5463988129208994,46.64,427.336,1
2026-01-03 02:00:00,T5,1310,35.29,32.22,2.91,88.18,58.67,1310,64.71000000000001,37.120997449702465,32.22,2.91,0.40020412792016324,58.67,542.76,1
2026-01-03 02:05:00,T7,510,66.16,16.38,1.96,30.12,52.03,510,33.84,7.708585247883918,16.38,1.96,2.196547144754316,52.03,218.074,0
2026-01-03 02:10:00,T7,102,103.18,14.24,2.02,36.42,28.38,102,-3.180000000000007,0.9885636751308392,14.24,2.02,2.833058758923668,28.38,49.72800000000001,0
2026-01-03 02:15:00,T9,964,57.28,20.66,2.9,64.63,60.51,964,42.72,16.829608938547487,20.66,2.9,0.8862757233482903,60.51,402.414,1
2026-01-03 02:20:00,T5,1118,45.47,25.71,1.78,75.09,23.16,1118,54.53,24.587640202331208,25.71,1.78,0.6055400186442935,23.16,457.33000000000004,1
2026-01-03 02:25:00,T1,1189,44.55,30.09,1.56,80.46,48.66,1189,55.45,26.689113355780023,30.09,1.56,0.5536912751677853,48.66,491.66200000000003,1
2026-01-03 02:30:00,T8,1349,35.91,29.12,2.08,78.42,54.46,1349,64.09,37.56613756613757,29.12,2.08,0.4579188982402448,54.46,556.7320000000001,1
2026-01-03 02:35:00,T6,714,54.48,21.9,3.47,77.99,52.9,714,45.52,13.105726872246697,21.9,3.47,0.6985510962943967,52.9,301.254,0
2026-01-03 02:40:00,T2,853,59.8,25.42,3.59,61.24,49.75,853,40.2,14.264214046822744,25.42,3.59,0.9764859568909209,49.75,356.95200000000006,0
2026-01-03 02:45:00,T8,249,79.34,13.42,2.16,67.1,57.52,249,20.659999999999997,3.1383917317872445,13.42,2.16,1.182414307004471,57.52,114.22000000000001,0
2026-01-03 02:50:00,T7,1310,28.29,27.01,3.13,42.4,39.49,1310,71.71000000000001,46.3061152350654,27.01,3.13,0.6672169811320755,39.49,537.926,1
2026-01-03 02:55:00,T4,868,46.64,25.01,3.31,75.28,59.89,868,53.36,18.610634648370496,25.01,3.31,0.6195536663124336,59.89,364.84200000000004,0
2026-01-03 03:00:00,T1,207,87.54,11.21,2.19,66.11,54.96,207,12.459999999999994,2.3646333104866346,11.21,2.19,1.3241567085161097,54.96,96.47200000000002,0
2026-01-03 03:05:00,T8,340,88.74,16.6,3.01,79.25,58.73,340,11.260000000000005,3.831417624521073,16.6,3.01,1.1197476340694006,58.73,151.668,0
2026-01-03 03:10:00,T8,927,60.91,24.33,1.43,94.87,38.0,927,39.09,15.21917583319652,24.33,1.43,0.6420364709602614,38.0,383.552,0
2026-01-03 03:15:00,T5,1014,50.03,22.36,1.47,92.16,53.16,1014,49.97,20.267839296422146,22.36,1.47,0.5428602430555556,53.16,420.998,0
2026-01-03 03:20:00,T3,65,102.8,12.69,0.22,28.5,27.15,65,-2.799999999999997,0.632295719844358,12.69,0.22,3.6070175438596492,27.15,34.012,0
2026-01-03 03:25:00,T8,1197,45.8,24.04,1.54,49.85,39.91,1197,54.2,26.135371179039304,24.04,1.54,0.9187562688064191,39.91,491.898,0
2026-01-03 03:30:00,T10,539,68.02,24.44,2.24,82.79,39.07,539,31.980000000000004,7.924139958835637,24.44,2.24,0.8215968112090831,39.07,228.75000000000003,0
2026-01-03 03:35:00,T9,1383,28.7,29.37,4.12,59.69,36.58,1383,71.3,48.18815331010453,29.37,4.12,0.4808175573797956,36.58,567.214,1
2026-01-03 03:40:00,T5,1315,43.48,28.74,3.04,38.13,33.78,1315,56.52,30.243790248390066,28.74,3.04,1.140309467610805,33.78,539.112,1
2026-01-03 03:45:00,T5,1380,37.13,32.32,2.72,66.95,38.53,1380,62.87,37.166711553999455,32.32,2.72,0.5545929798356983,38.53,566.714,1
2026-01-03 03:50:00,T5,1392,29.6,32.01,2.33,35.49,23.77,1392,70.4,47.027027027027025,32.01,2.33,0.8340377571146802,23.77,568.4220000000001,1
2026-01-03 03:55:00,T6,1083,52.24,30.37,2.77,41.85,53.91,1083,47.76,20.731240428790198,30.37,2.77,1.2482676224611708,53.91,450.61,1
2026-01-03 04:00:00,T10,912,45.2,25.67,3.64,88.78,48.58,912,54.8,20.176991150442475,25.67,3.64,0.509123676503717,48.58,380.37800000000004,1
2026-01-03 04:05:00,T2,425,69.58,15.64,2.26,46.07,47.83,425,30.42,6.108077033630353,15.64,2.26,1.5103103972216192,47.83,183.146,0
2026-01-03 04:10:00,T5,644,64.91,22.45,2.84,75.61,44.01,644,35.09,9.921429671853335,22.45,2.84,0.8584843274699113,44.01,271.46000000000004,0
2026-01-03 04:15:00,T7,1143,40.86,26.71,3.14,43.88,42.77,1143,59.14,27.973568281938327,26.71,3.14,0.9311759343664539,42.77,471.724,1
2026-01-03 04:20:00,T9,580,64.87,16.42,2.28,86.72,30.99,580,35.129999999999995,8.940958840758439,16.42,2.28,0.7480396678966791,30.99,241.938,0
2026-01-03 04:25:00,T8,955,43.85,25.38,3.44,59.58,61.11,955,56.15,21.7787913340935,25.38,3.44,0.7359852299429339,61.11,399.986,1
2026-01-03 04:30:00,T10,1181,49.49,22.78,3.1,26.38,48.3,1181,50.51,23.86340674883815,22.78,3.1,1.8760424564063687,48.3,487.23600000000005,1
2026-01-03 04:35:00,T8,995,51.25,22.35,0.97,28.1,62.41,995,48.75,19.414634146341463,22.35,0.97,1.8238434163701067,62.41,415.1460000000001,0
2026-01-03 04:40:00,T1,981,49.65,26.9,2.33,52.45,32.68,981,50.35,19.758308157099698,26.9,2.33,0.9466158245948522,32.68,404.78200000000004,1
2026-01-03 04:45:00,T8,619,70.58,19.65,1.13,94.82,34.45,619,29.42,8.77018985548314,19.65,1.13,0.7443577304366168,34.45,258.646,0
2026-01-03 04:50:00,T2,1156,51.6,26.61,2.46,86.72,38.5,1156,48.4,22.4031007751938,26.61,2.46,0.5950184501845018,38.5,475.91400000000004,1
2026-01-03 04:55:00,T6,1235,37.21,32.44,3.92,84.88,31.44,1235,62.79,33.190002687449606,32.44,3.92,0.43838360037700286,31.44,507.56,1
2026-01-03 05:00:00,T1,1132,48.69,31.03,3.35,85.82,47.2,1132,51.31,23.249127130827688,31.03,3.35,0.5673502680027965,47.2,469.11600000000004,1
2026-01-03 05:05:00,T8,176,84.62,13.72,1.43,61.65,46.24,176,15.379999999999995,2.0798865516426375,13.72,1.43,1.372587185725872,46.24,82.67800000000001,0
2026-01-03 05:10:00,T9,986,44.5,27.81,3.36,50.91,56.28,986,55.5,22.15730337078652,27.81,3.36,0.8740915340797486,56.28,411.8900000000001,1
2026-01-03 05:15:00,T9,491,77.36,17.08,1.03,84.21,41.84,491,22.64,6.346949327817994,17.08,1.03,0.918655741598385,41.84,208.39,0
2026-01-03 05:20:00,T7,196,87.36,18.69,1.26,72.18,27.61,196,12.64,2.2435897435897436,18.69,1.26,1.2103075644222776,27.61,87.912,0
2026-01-03 05:25:00,T7,568,67.73,19.04,3.38,47.02,46.38,568,32.269999999999996,8.386239480289383,19.04,3.38,1.4404508719693747,46.38,240.96,0
2026-01-03 05:30:00,T3,725,64.8,26.69,2.19,54.78,27.43,725,35.2,11.188271604938272,26.69,2.19,1.1829134720700984,27.43,301.262,0
2026-01-03 05:35:00,T5,503,75.15,23.27,2.38,44.89,30.71,503,24.849999999999994,6.693280106453758,23.27,2.38,1.6740922254399644,30.71,212.472,0
2026-01-03 05:40:00,T4,297,94.58,18.38,1.68,74.07,46.19,297,5.420000000000002,3.140198773525058,18.38,1.68,1.2769002295126233,46.19,132.05,0
2026-01-03 05:45:00,T2,1165,37.05,23.41,1.5,64.09,57.33,1165,62.95,31.44399460188934,23.41,1.5,0.5780933062880323,57.33,482.44800000000004,0
2026-01-03 05:50:00,T3,400,76.39,20.05,0.79,37.23,39.11,400,23.61,5.236287472182223,20.05,0.79,2.051839914047811,39.11,171.98999999999998,0
2026-01-03 05:55:00,T8,566,74.25,22.0,2.1,63.55,27.53,566,25.75,7.622895622895623,22.0,2.1,1.1683713611329662,27.53,236.726,0
2026-01-03 06:00:00,T8,1402,25.52,30.92,3.86,72.44,63.83,1402,74.48,54.93730407523511,30.92,3.86,0.3522915516289343,63.83,580.522,1
2026-01-03 06:05:00,T2,202,98.08,12.54,0.42,73.78,61.6,202,1.9200000000000017,2.0595432300163132,12.54,0.42,1.3293575494714014,61.6,95.71200000000002,0
2026-01-03 06:10:00,T6,1279,40.55,29.94,3.49,69.82,63.33,1279,59.45,31.541307028360052,29.94,3.49,0.5807791463763965,63.33,530.9520000000001,1
2026-01-03 06:15:00,T10,400,73.57,18.86,1.04,31.31,45.35,400,26.430000000000007,5.436998776675276,18.86,1.04,2.3497285212392205,45.35,173.04999999999998,0
2026-01-03 06:20:00,T6,1131,36.43,30.42,1.42,29.68,64.2,1131,63.57,31.045841339555313,30.42,1.42,1.2274258760107817,64.2,471.608,1
2026-01-03 06:25:00,T2,359,91.9,18.12,2.63,35.14,55.78,359,8.099999999999994,3.9064200217627856,18.12,2.63,2.6152532726237907,55.78,158.906,0
2026-01-03 06:30:00,T3,916,62.79,26.4,3.39,46.16,47.58,916,37.21,14.588310240484153,26.4,3.39,1.3602686308492202,47.58,381.874,1
2026-01-03 06:35:00,T6,597,61.54,19.47,0.73,66.55,33.93,597,38.46,9.70100747481313,19.47,0.73,0.9247182569496619,33.93,249.626,0
2026-01-03 06:40:00,T2,551,70.36,22.79,1.19,20.69,22.88,551,29.64,7.831154064809551,22.79,1.19,3.4006766553890766,22.88,229.772,0
2026-01-03 06:45:00,T5,649,69.84,17.64,3.45,88.43,50.4,649,30.159999999999997,9.29266895761741,17.64,3.45,0.7897772249236684,50.4,273.898,0
2026-01-03 06:50:00,T4,1192,37.76,25.43,3.26,75.56,31.75,1192,62.24,31.567796610169495,25.43,3.26,0.4997353096876654,31.75,488.88800000000003,1
2026-01-03 06:55:00,T8,408,70.81,19.56,0.69,35.38,49.83,408,29.189999999999998,5.761898037000424,19.56,0.69,2.001413227812323,49.83,177.21600000000004,0
2026-01-03 07:00:00,T3,108,102.76,15.21,2.36,63.95,49.78,108,-2.760000000000005,1.050992604126119,15.21,2.36,1.6068803752931977,49.78,56.67000000000001,0
2026-01-03 07:05:00,T6,1484,32.96,28.26,2.35,29.58,40.31,1484,67.03999999999999,45.02427184466019,28.26,2.35,1.1142663962136579,40.31,607.7840000000001,1
2026-01-03 07:10:00,T10,412,84.0,16.23,1.1,57.29,63.11,412,16.0,4.904761904761905,16.23,1.1,1.4662244719846396,63.11,180.88800000000003,0
2026-01-03 07:15:00,T6,1443,30.2,33.21,3.89,49.44,22.54,1443,69.8,47.78145695364238,33.21,3.89,0.61084142394822,22.54,589.1280000000002,1
2026-01-03 07:20:00,T6,918,54.51,22.51,2.17,76.73,43.39,918,45.49,16.840946615299945,22.51,2.17,0.7104131369738041,43.39,380.8140000000001,1
2026-01-03 07:25:00,T4,1258,31.67,29.25,1.36,46.77,48.41,1258,68.33,39.722134512156615,29.25,1.36,0.6771434680350652,48.41,519.004,1
2026-01-03 07:30:00,T10,333,75.15,17.23,2.91,67.58,27.54,333,24.849999999999994,4.431137724550898,17.23,2.91,1.112015389168393,27.54,142.73600000000002,0
2026-01-03 07:35:00,T5,1356,24.78,30.19,3.19,90.33,44.77,1356,75.22,54.72154963680387,30.19,3.19,0.27432746595815344,44.77,558.03,1
2026-01-03 07:40:00,T7,881,60.19,26.42,1.72,39.21,26.92,881,39.81,14.636982887522844,26.42,1.72,1.5350675847997959,26.92,363.41200000000003,0
2026-01-03 07:45:00,T6,201,98.45,18.26,0.44,92.31,30.89,201,1.5499999999999972,2.041645505332656,18.26,0.44,1.0665150037915718,30.89,90.318,0
2026-01-03 07:50:00,T9,1497,22.03,30.93,3.78,32.61,31.51,1497,77.97,67.95279164775306,30.93,3.78,0.6755596442808954,31.51,612.0440000000001,1
2026-01-03 07:55:00,T8,178,87.52,18.78,1.28,34.43,48.65,178,12.480000000000004,2.0338208409506398,18.78,1.28,2.5419692128957303,48.65,84.94200000000001,0
2026-01-03 08:00:00,T10,657,66.63,21.97,3.22,87.85,29.25,657,33.370000000000005,9.860423232778029,21.97,3.22,0.758451906659078,29.25,273.68800000000005,0
2026-01-03 08:05:00,T1,801,66.55,20.75,3.44,27.21,38.51,801,33.45,12.036063110443276,20.75,3.44,2.4457919882396175,38.51,332.94,0
2026-01-03 08:10:00,T8,1462,23.01,34.39,1.28,54.15,21.67,1462,76.99,63.537592351151666,34.39,1.28,0.42493074792243773,21.67,596.268,1
2026-01-03 08:15:00,T2,722,66.7,21.41,3.32,73.68,26.73,722,33.3,10.824587706146927,21.41,3.32,0.9052660152008686,26.73,299.092,0
2026-01-03 08:20:00,T5,1288,29.24,25.36,1.16,74.5,64.27,1288,70.76,44.04924760601915,25.36,1.16,0.39248322147651005,64.27,533.3580000000001,1
2026-01-03 08:25:00,T4,1376,31.06,30.05,3.59,37.16,27.37,1376,68.94,44.30135222150676,30.05,3.59,0.8358449946178688,27.37,562.602,1
2026-01-03 08:30:00,T7,950,47.37,28.14,3.43,92.32,46.94,950,52.63,20.054887059320247,28.14,3.43,0.5131065857885615,46.94,395.70199999999994,1
2026-01-03 08:35:00,T8,596,76.63,20.42,0.97,71.71,25.37,596,23.370000000000005,7.777632780895211,20.42,0.97,1.0686096778691954,25.37,247.752,0
2026-01-03 08:40:00,T10,1290,42.03,25.34,3.23,33.54,39.87,1290,57.97,30.692362598144182,25.34,3.23,1.2531305903398928,39.87,529.688,1
2026-01-03 08:45:00,T7,454,86.97,18.84,1.17,48.75,45.5,454,13.030000000000001,5.2201908704150854,18.84,1.17,1.784,45.5,194.70200000000003,0
2026-01-03 08:50:00,T6,431,82.27,21.41,2.84,32.09,47.06,431,17.730000000000004,5.238847696608728,21.41,2.84,2.5637270177625426,47.06,186.66200000000003,0
2026-01-03 08:55:00,T2,1032,45.46,21.98,3.64,52.25,54.26,1032,54.54,22.701275846898373,21.98,3.64,0.8700478468899522,54.26,428.776,1
2026-01-03 09:00:00,T2,255,89.94,11.24,2.78,37.53,47.78,255,10.060000000000002,2.8352234823215476,11.24,2.78,2.396482813749001,47.78,114.36,0
2026-01-03 09:05:00,T7,544,82.6,20.77,1.89,32.14,58.36,544,17.400000000000006,6.585956416464891,20.77,1.89,2.5700062227753575,58.36,233.804,0
2026-01-03 09:10:00,T4,359,82.61,17.05,2.64,85.39,58.31,359,17.39,4.345720857039099,17.05,2.64,0.9674434945543975,58.31,159.2,0
2026-01-03 09:15:00,T10,200,86.22,18.87,2.85,24.75,62.2,200,13.780000000000001,2.3196474135931338,18.87,2.85,3.4836363636363634,62.2,96.78399999999999,0
2026-01-03 09:20:00,T1,397,71.46,20.95,1.07,67.95,34.72,397,28.540000000000006,5.555555555555556,20.95,1.07,1.0516556291390726,34.72,170.148,0
2026-01-03 09:25:00,T8,989,47.03,25.65,3.29,27.28,28.8,989,52.97,21.02913034233468,25.65,3.29,1.723973607038123,28.8,407.148,1
2026-01-03 09:30:00,T7,220,92.72,15.55,3.18,75.05,29.42,220,7.280000000000001,2.372735116479724,15.55,3.18,1.2354430379746835,29.42,97.63,0
2026-01-03 09:35:00,T6,1012,45.07,24.93,1.19,84.0,33.71,1012,54.93,22.453960505879742,24.93,1.19,0.536547619047619,33.71,416.766,0
2026-01-03 09:40:00,T3,1308,26.39,31.31,3.94,83.78,53.1,1308,73.61,49.5642288745737,31.31,3.94,0.31499164478395797,53.1,540.87,1
2026-01-03 09:45:00,T1,1249,27.89,31.88,2.18,40.41,29.59,1249,72.11,44.7830763714593,31.88,2.18,0.6901756990843851,29.59,512.3299999999999,1
2026-01-03 09:50:00,T1,693,66.69,18.54,3.17,41.28,57.78,693,33.31,10.39136302294197,18.54,3.17,1.6155523255813953,57.78,293.098,0
2026-01-03 09:55:00,T4,1351,22.56,33.99,3.0,91.71,32.04,1351,77.44,59.88475177304965,33.99,3.0,0.24599280340202814,32.04,554.206,1
2026-01-03 10:00:00,T7,1223,40.54,33.03,3.73,57.74,28.17,1223,59.46,30.167735569807597,33.03,3.73,0.7021129199861448,28.17,502.18600000000004,1
2026-01-03 10:05:00,T9,402,83.57,17.25,2.45,86.36,23.98,402,16.430000000000007,4.810338638267321,17.25,2.45,0.9676933765632236,23.98,169.536,0
2026-01-03 10:10:00,T6,957,57.53,28.89,2.11,60.83,59.13,957,42.47,16.634799235181642,28.89,2.11,0.9457504520795661,59.13,400.8260000000001,1
2026-01-03 10:15:00,T4,818,66.31,26.61,1.52,82.04,33.91,818,33.69,12.335997587090937,26.61,1.52,0.8082642613359337,33.91,339.608,0
2026-01-03 10:20:00,T8,1237,41.6,27.53,1.27,93.22,26.74,1237,58.4,29.735576923076923,27.53,1.27,0.446256168204248,26.74,505.9080000000001,1
2026-01-03 10:25:00,T5,1146,45.04,28.03,2.08,90.48,63.42,1146,54.96,25.44404973357016,28.03,2.08,0.49778956675508396,63.42,477.10600000000005,1
2026-01-03 10:30:00,T7,1370,27.34,33.79,2.07,34.54,21.83,1370,72.66,50.1097293343087,33.79,2.07,0.7915460335842501,21.83,559.538,1
2026-01-03 10:35:00,T5,313,74.79,19.13,2.58,48.81,50.26,313,25.209999999999994,4.18505147747025,19.13,2.58,1.5322679778733868,50.26,139.594,0
2026-01-03 10:40:00,T6,656,76.41,26.17,2.6,33.02,64.96,656,23.590000000000003,8.585263708938621,26.17,2.6,2.3140520896426406,64.96,281.146,0
2026-01-03 10:45:00,T7,242,86.74,13.32,2.45,30.23,46.94,242,13.260000000000005,2.789946967950196,13.32,2.45,2.86933509758518,46.94,109.34200000000001,0
2026-01-03 10:50:00,T7,1055,47.63,29.08,2.6,39.62,25.12,1055,52.37,22.149905521730002,29.08,2.6,1.2021706208985363,25.12,433.35999999999996,1
2026-01-03 10:55:00,T3,1145,33.96,25.98,2.7,74.39,35.36,1145,66.03999999999999,33.716136631330976,25.98,2.7,0.45651297217367925,35.36,470.80800000000005,1
2026-01-03 11:00:00,T1,194,95.09,14.13,2.68,68.76,30.15,194,4.909999999999997,2.0401724681880324,14.13,2.68,1.3829261198371146,30.15,86.99200000000002,0
2026-01-03 11:05:00,T1,806,51.54,19.51,2.57,61.21,42.46,806,48.46,15.638339154055103,19.51,2.57,0.8420192778957687,42.46,335.30800000000005,0
2026-01-03 11:10:00,T5,1201,32.4,31.11,3.99,83.76,39.85,1201,67.6,37.067901234567906,31.11,3.99,0.3868194842406876,39.85,495.39000000000004,1
2026-01-03 11:15:00,T3,754,63.99,26.43,1.74,62.96,33.93,754,36.01,11.783091107985623,26.43,1.74,1.0163595933926302,33.93,314.02000000000004,0
2026-01-03 11:20:00,T5,697,60.76,25.11,3.49,68.56,48.1,697,39.24,11.471362738643846,25.11,3.49,0.8862310385064177,48.1,294.14,0
2026-01-03 11:25:00,T5,1191,33.29,30.24,2.6,40.03,34.59,1191,66.71000000000001,35.77650946230099,30.24,2.6,0.8316262802897826,34.59,489.886,1
2026-01-03 11:30:00,T10,996,53.69,25.02,3.61,77.88,52.2,996,46.31,18.55094058483889,25.02,3.61,0.6893939393939394,52.2,414.56600000000003,1
2026-01-03 11:35:00,T7,672,65.43,18.6,2.26,60.26,39.23,672,34.56999999999999,10.270518110958275,18.6,2.26,1.0857948888151345,39.23,280.81800000000004,0
2026-01-03 11:40:00,T1,1292,42.51,32.71,1.13,70.27,53.1,1292,57.49,30.392848741472598,32.71,1.13,0.6049523267397182,53.1,534.1880000000001,1
2026-01-03 11:45:00,T6,255,83.35,17.86,1.6,48.14,31.46,255,16.650000000000006,3.059388122375525,17.86,1.6,1.7314083921894472,31.46,112.184,0
2026-01-03 11:50:00,T5,1129,52.17,29.22,2.1,30.85,35.64,1129,47.83,21.64078972589611,29.22,2.1,1.6910858995137763,35.64,464.992,1
2026-01-03 11:55:00,T4,816,58.47,22.02,2.82,55.91,28.88,816,41.53,13.955874807593638,22.02,2.82,1.0457878733679127,28.88,337.14400000000006,0
2026-01-03 12:00:00,T5,412,87.05,13.28,1.2,86.14,42.78,412,12.950000000000003,4.732912119471568,13.28,1.2,1.0105641978175064,42.78,176.25200000000004,0
2026-01-03 12:05:00,T1,454,77.03,14.07,3.05,80.1,43.64,454,22.97,5.893807607425678,14.07,3.05,0.9616729088639202,43.64,193.75200000000004,0
2026-01-03 12:10:00,T1,85,96.48,12.15,1.97,79.92,24.63,85,3.519999999999996,0.8810116086235489,12.15,1.97,1.2072072072072073,24.63,41.75,0
2026-01-03 12:15:00,T5,969,57.52,23.5,2.79,27.52,45.08,969,42.48,16.846314325452017,23.5,2.79,2.0901162790697674,45.08,401.874,1
2026-01-03 12:20:00,T5,732,73.35,21.71,2.58,51.27,35.05,732,26.650000000000006,9.97955010224949,21.71,2.58,1.4306612053832648,35.05,304.668,0
2026-01-03 12:25:00,T5,278,78.36,19.0,1.88,34.41,47.68,278,21.64,3.547728432873915,19.0,1.88,2.2772449869224065,47.68,124.912,0
2026-01-03 12:30:00,T3,1208,44.84,24.39,3.59,53.27,42.25,1208,55.16,26.94023193577163,24.39,3.59,0.8417495776234278,42.25,497.24600000000004,1
2026-01-03 12:35:00,T5,487,67.1,18.29,2.83,91.94,31.48,487,32.900000000000006,7.257824143070045,18.29,2.83,0.7298237981292146,31.48,205.32,0
2026-01-03 12:40:00,T5,1454,18.86,29.3,2.59,50.14,22.74,1454,81.14,77.09437963944858,29.3,2.59,0.37614678899082565,22.74,592.5260000000001,1
2026-01-03 12:45:00,T3,304,87.4,12.78,2.37,68.92,30.87,304,12.599999999999994,3.4782608695652173,12.78,2.37,1.2681369704004644,30.87,130.804,0
2026-01-03 12:50:00,T5,1178,44.88,24.59,1.38,42.99,63.29,1178,55.12,26.24777183600713,24.59,1.38,1.043963712491277,63.29,489.0520000000001,0
2026-01-03 12:55:00,T8,286,86.89,12.94,0.43,84.23,47.89,286,13.11,3.291518011278628,12.94,0.43,1.0315801970794254,47.89,126.652,0
2026-01-03 13:00:00,T5,1005,50.95,30.0,2.82,42.14,62.37,1005,49.05,19.7252208047105,30.0,2.82,1.2090650213573801,62.37,421.038,1
2026-01-03 13:05:00,T9,829,65.48,24.62,1.69,66.77,42.91,829,34.519999999999996,12.66035430665852,24.62,1.69,0.9806799460835706,42.91,345.444,0
2026-01-03 13:10:00,T3,227,80.19,17.88,2.72,48.17,27.91,227,19.810000000000002,2.830776904850979,17.88,2.72,1.6647290844924225,27.91,100.50200000000001,0
2026-01-03 13:15:00,T5,736,69.41,17.22,2.79,70.93,34.0,736,30.590000000000003,10.603659415069876,17.22,2.79,0.9785704215423656,34.0,305.20200000000006,0
2026-01-03 13:20:00,T10,599,73.57,25.19,2.58,45.07,50.08,599,26.430000000000007,8.141905668071226,25.19,2.58,1.6323496782782336,50.08,255.17000000000002,0
2026-01-03 13:25:00,T1,371,72.38,13.26,2.67,89.82,44.23,371,27.620000000000005,5.125725338491296,13.26,2.67,0.8058338900022267,44.23,160.432,0
2026-01-03 13:30:00,T7,274,94.64,20.81,1.79,72.02,30.99,274,5.359999999999999,2.8951817413355876,20.81,1.79,1.3140794223826715,30.99,120.31800000000001,0
2026-01-03 13:35:00,T5,267,84.87,14.67,2.95,76.98,47.05,267,15.129999999999995,3.1459879816189464,14.67,2.95,1.102494154325799,47.05,119.73400000000001,0
2026-01-03 13:40:00,T8,1052,37.84,29.95,3.13,20.07,23.96,1052,62.16,27.801268498942914,29.95,3.13,1.8854010961634282,23.96,432.20799999999997,1
2026-01-03 13:45:00,T10,573,80.69,21.79,3.32,32.26,44.86,573,19.310000000000002,7.101251704052547,21.79,3.32,2.5012399256044637,44.86,243.19400000000002,0
2026-01-03 13:50:00,T2,352,80.33,16.35,0.52,45.61,43.07,352,19.67,4.381924561185111,16.35,0.52,1.7612365709274282,43.07,152.78800000000004,0
2026-01-03 13:55:00,T2,959,61.84,25.03,3.45,36.37,42.71,959,38.16,15.50776196636481,25.03,3.45,1.7003024470717627,42.71,397.83799999999997,1
2026-01-03 14:00:00,T8,556,80.99,20.75,1.28,67.9,60.45,556,19.010000000000005,6.865045067292259,20.75,1.28,1.192783505154639,60.45,238.89600000000002,0
2026-01-03 14:05:00,T5,766,55.41,21.31,0.91,57.16,43.19,766,44.59,13.824219454972027,21.31,0.91,0.9693841847445767,43.19,319.482,0
2026-01-03 14:10:00,T1,695,63.1,26.26,1.94,64.17,56.04,695,36.9,11.014263074484944,26.26,1.94,0.9833255415303102,56.04,294.848,0
2026-01-03 14:15:00,T9,1465,24.66,29.26,2.17,23.11,55.77,1465,75.34,59.40794809407948,29.26,2.17,1.0670705322371268,55.77,603.4399999999999,1
2026-01-03 14:20:00,T7,984,57.73,20.53,3.5,94.96,55.8,984,42.27,17.04486402217218,20.53,3.5,0.6079401853411963,55.8,409.56600000000003,1
2026-01-03 14:25:00,T1,957,42.84,28.86,1.47,43.42,62.47,957,57.16,22.33893557422969,28.86,1.47,0.9866421004145556,62.47,401.36,1
2026-01-03 14:30:00,T10,371,79.1,18.81,0.48,58.43,59.49,371,20.900000000000006,4.690265486725664,18.81,0.48,1.3537566318671914,59.49,164.156,0
2026-01-03 14:35:00,T3,1148,48.84,29.62,3.5,20.55,52.41,1148,51.16,23.505323505323503,29.62,3.5,2.3766423357664235,52.41,476.30600000000004,1
2026-01-03 14:40:00,T4,1014,40.21,30.17,2.51,32.09,52.89,1014,59.79,25.21760756030838,30.17,2.51,1.253038329697725,52.89,422.714,1
2026-01-03 14:45:00,T6,1210,33.12,29.51,2.82,24.9,30.03,1210,66.88,36.533816425120776,29.51,2.82,1.3301204819277108,30.03,496.472,1
2026-01-03 14:50:00,T10,1448,21.85,28.42,1.61,93.83,36.72,1448,78.15,66.27002288329518,28.42,1.61,0.23286795268037944,36.72,592.5500000000001,1
2026-01-03 14:55:00,T8,1308,42.3,24.49,2.58,56.3,33.65,1308,57.7,30.921985815602838,24.49,2.58,0.7513321492007105,33.65,535.344,1
2026-01-03 15:00:00,T6,150,88.37,14.81,1.02,23.73,62.23,150,11.629999999999995,1.6974086228358038,14.81,1.02,3.7239780868099452,62.23,75.61200000000001,0
2026-01-03 15:05:00,T3,1500,25.57,35.9,1.34,45.04,45.75,1500,74.43,58.66249511145874,35.9,1.34,0.5677175843694494,45.75,616.598,1
2026-01-03 15:10:00,T9,635,67.69,17.38,3.0,80.61,40.09,635,32.31,9.3810016250554,17.38,3.0,0.8397221188438159,40.09,266.09400000000005,0
2026-01-03 15:15:00,T3,833,50.23,20.5,2.69,61.1,33.72,833,49.77,16.583714911407526,20.5,2.69,0.8220949263502454,33.72,344.5820000000001,0
2026-01-03 15:20:00,T1,182,83.33,17.06,1.71,85.3,42.91,182,16.67,2.1840873634945397,17.06,1.71,0.976905041031653,42.91,85.136,0
2026-01-03 15:25:00,T1,140,92.43,19.48,2.36,39.47,32.8,140,7.569999999999993,1.5146597425078436,19.48,2.36,2.3417785659994936,32.8,66.928,0
2026-01-03 15:30:00,T4,905,64.69,27.42,1.18,69.65,35.03,905,35.31,13.989797495748958,27.42,1.18,0.9287867910983488,35.03,374.726,1
2026-01-03 15:35:00,T4,964,60.29,20.63,2.34,42.87,50.78,964,39.71,15.989384640902307,20.63,2.34,1.4063447632376955,50.78,400.35,1
2026-01-03 15:40:00,T4,607,70.91,15.97,1.05,22.48,25.54,607,29.090000000000003,8.56014666478635,15.97,1.05,3.154359430604982,25.54,251.312,0
2026-01-03 15:45:00,T10,1265,37.17,32.29,2.95,76.58,58.84,1265,62.83,34.032822168415386,32.29,2.95,0.48537477148080443,58.84,524.816,1
2026-01-03 15:50:00,T6,669,60.06,25.24,0.94,27.1,59.62,669,39.94,11.138861138861138,25.24,0.94,2.2162361623616236,59.62,284.76,0
2026-01-03 15:55:00,T3,1063,40.0,21.61,2.17,70.27,38.07,1063,60.0,26.575,21.61,2.17,0.5692329585883023,38.07,437.57000000000005,1
2026-01-03 16:00:00,T4,1000,55.06,27.68,1.15,37.29,64.03,1000,44.94,18.16200508536142,27.68,1.15,1.4765352641458838,64.03,418.572,1
2026-01-03 16:05:00,T2,589,64.74,20.96,1.59,68.71,63.15,589,35.260000000000005,9.097930182267532,20.96,1.59,0.9422209285402416,63.15,252.74000000000004,0
2026-01-03 16:10:00,T2,312,93.46,20.99,1.16,65.55,23.64,312,6.540000000000006,3.3383265568157503,20.99,1.16,1.4257818459191456,23.64,133.95800000000003,0
2026-01-03 16:15:00,T7,847,62.15,27.18,1.4,24.08,52.48,847,37.85,13.628318584070797,27.18,1.4,2.580980066445183,52.48,355.01199999999994,0
2026-01-03 16:20:00,T9,738,56.03,22.09,0.85,58.91,20.21,738,43.97,13.171515259682312,22.09,0.85,0.9511118655576304,20.21,303.83,0
2026-01-03 16:25:00,T7,388,80.52,14.08,1.48,92.41,61.2,388,19.480000000000004,4.818678589170393,14.08,1.48,0.8713342711827724,61.2,170.55200000000002,0
2026-01-03 16:30:00,T5,830,60.99,19.61,0.93,72.66,45.04,830,39.01,13.608788325955075,19.61,0.93,0.8393889347646574,45.04,345.116,0
2026-01-03 16:35:00,T9,673,71.04,25.64,1.26,41.02,33.24,673,28.959999999999994,9.473536036036036,25.64,1.26,1.7318381277425645,33.24,281.228,0
2026-01-03 16:40:00,T9,1227,35.73,31.78,2.53,77.27,24.91,1227,64.27000000000001,34.34089000839631,31.78,2.53,0.4624045554548984,24.91,502.644,1
2026-01-03 16:45:00,T9,1370,33.11,33.81,1.27,63.44,32.11,1370,66.89,41.37722742373905,33.81,1.27,0.5219104665825978,32.11,561.438,1
2026-01-03 16:50:00,T10,847,56.42,23.02,3.19,57.79,37.97,847,43.58,15.012406947890819,23.02,3.19,0.9762934763799965,37.97,351.63599999999997,0
2026-01-03 16:55:00,T10,663,72.28,22.73,3.43,59.82,50.83,663,27.72,9.172661870503598,22.73,3.43,1.2082915412905384,50.83,280.59799999999996,0
2026-01-03 17:00:00,T2,1038,42.72,21.87,3.83,28.65,64.49,1038,57.28,24.297752808988765,21.87,3.83,1.4910994764397907,64.49,433.2380000000001,1
2026-01-03 17:05:00,T1,1226,43.81,26.51,2.2,31.83,55.37,1226,56.19,27.984478429582285,26.51,2.2,1.3763744894753378,55.37,507.21600000000007,1
2026-01-03 17:10:00,T1,310,77.8,18.27,3.02,37.87,20.05,310,22.200000000000003,3.9845758354755785,18.27,3.02,2.0543966200158437,20.05,132.268,0
2026-01-03 17:15:00,T9,56,88.94,8.75,1.56,84.92,62.22,56,11.060000000000002,0.6296379581740499,8.75,1.56,1.0473386716910031,62.22,36.906000000000006,0
2026-01-03 17:20:00,T3,1035,41.97,23.94,3.2,88.04,45.0,1035,58.03,24.66047176554682,23.94,3.2,0.47671512948659694,45.0,428.428,1
2026-01-03 17:25:00,T8,140,84.44,13.49,0.6,63.98,26.48,140,15.560000000000002,1.6579819990525817,13.49,0.6,1.3197874335729916,26.48,64.114,0
2026-01-03 17:30:00,T8,398,78.75,18.4,2.72,59.66,26.33,398,21.25,5.053968253968254,18.4,2.72,1.3199798860207845,26.33,168.69000000000003,0
2026-01-03 17:35:00,T9,296,84.07,15.89,2.07,24.99,40.02,296,15.930000000000007,3.5208754609254194,15.89,2.07,3.3641456582633054,40.02,129.996,0
2026-01-03 17:40:00,T3,898,55.75,27.43,3.27,35.69,25.26,898,44.25,16.10762331838565,27.43,3.27,1.5620622022975625,25.26,370.39200000000005,0
2026-01-03 17:45:00,T2,958,45.45,27.88,1.67,90.7,27.41,958,54.55,21.078107810781077,27.88,1.67,0.5011025358324146,27.41,394.5920000000001,1
2026-01-03 17:50:00,T4,1088,40.6,28.5,1.5,67.8,52.98,1088,59.4,26.798029556650246,28.5,1.5,0.5988200589970502,52.98,451.79600000000005,1
2026-01-03 17:55:00,T10,651,71.43,21.22,1.01,58.9,56.01,651,28.569999999999993,9.113817723645527,21.22,1.01,1.2127334465195247,56.01,276.048,0
2026-01-03 18:00:00,T5,1038,55.48,27.51,2.01,91.36,55.86,1038,44.52,18.709444844989186,27.51,2.01,0.6072679509632224,55.86,432.27600000000007,1
2026-01-03 18:05:00,T8,1224,42.8,28.25,1.98,71.58,46.82,1224,57.2,28.5981308411215,28.25,1.98,0.5979323833473037,46.82,505.01,1
2026-01-03 18:10:00,T3,1206,29.75,25.56,1.38,93.66,49.2,1206,70.25,40.53781512605042,25.56,1.38,0.31763826606875933,49.2,497.62800000000004,1
2026-01-03 18:15:00,T9,729,72.85,24.94,0.63,30.41,38.36,729,27.150000000000006,10.006863417982157,24.94,0.63,2.395593554751726,38.36,304.386,0
2026-01-03 18:20:00,T4,387,84.33,17.39,2.48,56.44,27.53,387,15.670000000000002,4.5891141942369265,17.39,2.48,1.494153082919915,27.53,164.28000000000003,0
2026-01-03 18:25:00,T9,1094,37.23,29.16,1.38,69.01,53.73,1094,62.77,29.384904646790226,29.16,1.38,0.539487030865092,53.73,454.454,1
2026-01-03 18:30:00,T2,1171,42.15,30.08,2.75,61.94,63.43,1171,57.85,27.78173190984579,30.08,2.75,0.6804972554084598,63.43,487.65200000000004,1
2026-01-03 18:35:00,T4,792,59.51,24.34,2.57,32.76,60.74,792,40.49,13.308687615526802,24.34,2.57,1.8165445665445665,60.74,334.33000000000004,0
2026-01-03 18:40:00,T4,804,54.44,25.33,0.89,23.38,20.04,804,45.56,14.76855253490081,25.33,0.89,2.328485885372113,20.04,330.852,0
2026-01-03 18:45:00,T10,700,70.06,25.36,0.65,89.14,24.62,700,29.939999999999998,9.991435912075364,25.36,0.65,0.7859546780345524,24.62,290.126,0
2026-01-03 18:50:00,T9,219,89.17,16.44,2.92,26.08,63.35,219,10.829999999999998,2.455982953908265,16.44,2.92,3.41909509202454,63.35,104.14200000000001,0
2026-01-03 18:55:00,T1,548,81.87,15.86,3.24,45.39,48.59,548,18.129999999999995,6.693538536704531,15.86,3.24,1.8037012557832122,48.59,232.738,0
2026-01-03 19:00:00,T9,372,87.81,14.59,1.03,89.86,60.46,372,12.189999999999998,4.236419542193372,14.59,1.03,0.9771867349209883,60.46,164.01600000000002,0
2026-01-03 19:05:00,T10,393,86.66,15.01,2.8,28.56,33.59,393,13.340000000000003,4.53496422801754,15.01,2.8,3.034313725490196,33.59,167.48000000000002,0
2026-01-03 19:10:00,T3,779,69.13,24.11,2.25,89.47,46.72,779,30.870000000000005,11.268624330970637,24.11,2.25,0.7726612272270035,46.72,326.216,0
2026-01-03 19:15:00,T2,971,58.27,27.03,2.66,50.8,40.25,971,41.73,16.663806418397115,27.03,2.66,1.1470472440944883,40.25,402.38800000000003,1
2026-01-03 19:20:00,T3,821,63.79,20.72,0.99,56.51,28.86,821,36.21,12.870355855149711,20.72,0.99,1.128826756326314,28.86,338.514,0
2026-01-03 19:25:00,T5,726,68.33,22.57,3.06,56.66,64.82,726,31.67,10.624908532123518,22.57,3.06,1.205965407695023,64.82,308.49000000000007,0
2026-01-03 19:30:00,T3,537,67.27,18.42,1.75,73.67,52.34,537,32.730000000000004,7.9827560576780145,18.42,1.75,0.9131261028912718,52.34,229.302,0
2026-01-03 19:35:00,T9,1075,40.25,23.49,2.97,42.33,56.08,1075,59.75,26.70807453416149,23.49,2.97,0.9508622726198913,56.08,446.508,1
2026-01-03 19:40:00,T6,636,74.98,22.89,2.44,75.47,26.51,636,25.019999999999996,8.482261936516403,22.89,2.44,0.9935073539154632,26.51,264.76800000000003,0
2026-01-03 19:45:00,T10,503,75.48,23.99,3.3,50.16,30.44,503,24.519999999999996,6.664016958134605,23.99,3.3,1.5047846889952154,30.44,212.746,0
2026-01-03 19:50:00,T8,353,89.31,15.63,1.73,74.53,35.2,353,10.689999999999998,3.952524913223603,15.63,1.73,1.1983094056084798,35.2,151.71200000000002,0
2026-01-03 19:55:00,T2,546,77.29,20.62,3.14,85.69,28.78,546,22.709999999999994,7.064303273385948,20.62,3.14,0.9019722254638816,28.78,228.908,0
2026-01-03 20:00:00,T9,1442,20.5,29.47,1.79,47.01,21.2,1442,79.5,70.34146341463415,29.47,1.79,0.4360774303339715,21.2,587.292,1
2026-01-03 20:05:00,T5,673,66.84,25.5,1.29,34.59,50.96,673,33.16,10.0688210652304,25.5,1.29,1.9323503902862098,50.96,284.75,0
2026-01-03 20:10:00,T6,1286,43.29,33.76,3.06,32.29,25.98,1286,56.71,29.70662970662971,33.76,3.06,1.3406627438835552,25.98,526.9599999999999,1
2026-01-03 20:15:00,T2,185,82.14,13.34,2.2,91.29,31.49,185,17.86,2.2522522522522523,13.34,2.2,0.8997699638514624,31.49,83.406,0
2026-01-03 20:20:00,T8,1365,26.3,28.55,2.19,59.15,55.38,1365,73.7,51.90114068441064,28.55,2.19,0.444632290786137,55.38,563.224,1
2026-01-03 20:25:00,T5,381,75.91,16.92,1.99,39.69,57.78,381,24.090000000000003,5.0191015676458965,16.92,1.99,1.9125724363819603,57.78,167.738,0
2026-01-03 20:30:00,T4,329,80.23,17.37,0.98,43.23,26.86,329,19.769999999999996,4.100710457434874,17.37,0.98,1.8558871154291003,26.86,140.642,0
2026-01-03 20:35:00,T10,1420,38.82,33.42,2.79,35.77,50.8,1420,61.18,36.57908294693457,33.42,2.79,1.085266983505731,50.8,585.4019999999999,1
2026-01-03 20:40:00,T5,1171,39.64,30.41,2.74,45.31,28.7,1171,60.36,29.54086781029263,30.41,2.74,0.8748620613551092,28.7,480.77000000000004,1
2026-01-03 20:45:00,T3,674,72.05,17.71,3.03,58.36,61.82,674,27.950000000000003,9.354614850798058,17.71,3.03,1.2345784784098697,61.82,286.11199999999997,0
2026-01-03 20:50:00,T9,686,69.82,21.83,2.23,41.73,52.29,686,30.180000000000007,9.82526496705815,21.83,2.23,1.6731368320153366,52.29,289.6700000000001,0
2026-01-03 20:55:00,T5,395,73.15,20.18,2.79,66.48,32.23,395,26.849999999999994,5.399863294600136,20.18,2.79,1.1003309265944645,32.23,169.04,0
2026-01-03 21:00:00,T10,1278,30.3,27.34,3.22,86.52,34.75,1278,69.7,42.17821782178218,27.34,3.22,0.3502080443828017,34.75,524.2620000000001,1
2026-01-03 21:05:00,T3,390,75.46,15.85,1.36,21.85,64.27,390,24.540000000000006,5.168301086668434,15.85,1.36,3.4535469107551484,64.27,172.296,0
2026-01-03 21:10:00,T6,290,77.79,19.27,2.86,90.82,55.74,290,22.209999999999994,3.727985602262501,19.27,2.86,0.8565293988108348,55.74,131.574,0
2026-01-03 21:15:00,T5,1075,46.01,25.26,2.25,22.0,48.58,1075,53.99,23.364485981308412,25.26,2.25,2.0913636363636363,48.58,445.218,1
2026-01-03 21:20:00,T3,1024,51.12,30.02,2.11,49.03,44.7,1024,48.88,20.031298904538342,30.02,2.11,1.042626963083826,44.7,424.96600000000007,1
2026-01-03 21:25:00,T2,1126,50.35,29.62,1.48,67.45,54.59,1126,49.65,22.363455809334656,29.62,1.48,0.7464788732394366,54.59,467.538,1
2026-01-03 21:30:00,T9,1130,38.64,26.79,2.73,36.91,22.81,1130,61.36,29.244306418219463,26.79,2.73,1.0468707667298836,22.81,462.466,1
2026-01-03 21:35:00,T9,731,72.28,22.12,0.69,61.64,61.69,731,27.72,10.11344770337576,22.12,0.69,1.172615184944841,61.69,309.3,0
2026-01-03 21:40:00,T5,1018,39.93,29.06,1.66,89.15,31.76,1018,60.07,25.494615577260205,29.06,1.66,0.44789680314077396,31.76,419.696,1
2026-01-03 21:45:00,T5,1488,18.76,31.2,1.31,77.15,36.34,1488,81.24,79.31769722814498,31.2,1.31,0.24316267012313675,36.34,608.97,1
2026-01-03 21:50:00,T7,670,62.52,19.15,2.93,68.97,46.21,670,37.48,10.71657069737684,19.15,2.93,0.9064810787298826,46.21,281.658,0
2026-01-03 21:55:00,T10,1368,39.76,27.0,3.22,89.88,46.1,1368,60.24,34.40643863179075,27.0,3.22,0.4423676012461059,46.1,562.464,1
2026-01-03 22:00:00,T3,521,64.58,19.46,2.87,53.98,64.99,521,35.42,8.06751316196965,19.46,2.87,1.1963690255650241,64.99,225.864,0
2026-01-03 22:05:00,T5,947,57.97,21.7,1.57,23.24,42.41,947,42.03,16.33603588062791,21.7,1.57,2.494406196213425,42.41,391.93600000000004,0
2026-01-03 22:10:00,T8,1125,45.94,29.77,2.47,32.79,47.44,1125,54.06,24.488463212886376,29.77,2.47,1.401036901494358,47.44,465.93600000000004,1
2026-01-03 22:15:00,T4,1365,24.8,33.3,2.54,86.65,57.55,1365,75.2,55.04032258064516,33.3,2.54,0.28620888632429314,57.55,564.678,1
2026-01-03 22:20:00,T3,434,85.19,14.64,1.39,79.79,48.24,434,14.810000000000002,5.094494658997535,14.64,1.39,1.0676776538413333,48.24,186.454,0
2026-01-03 22:25:00,T1,204,92.83,16.69,0.28,21.77,51.33,204,7.170000000000002,2.197565442206183,16.69,0.28,4.264124942581534,51.33,95.26,0
2026-01-03 22:30:00,T2,1321,25.58,33.26,3.62,36.15,21.37,1321,74.42,51.641907740422205,33.26,3.62,0.7076071922544951,21.37,540.0500000000001,1
2026-01-03 22:35:00,T3,1494,23.3,31.64,2.05,74.05,49.29,1494,76.7,64.12017167381974,31.64,2.05,0.3146522619851452,49.29,614.1959999999999,1
2026-01-03 22:40:00,T9,621,62.79,18.83,0.88,26.86,21.68,621,37.21,9.89010989010989,18.83,0.88,2.337676842889054,21.68,256.678,0
2026-01-03 22:45:00,T1,742,55.89,25.71,1.71,89.25,32.45,742,44.11,13.276078010377526,25.71,1.71,0.626218487394958,32.45,308.774,0
2026-01-03 22:50:00,T1,857,60.33,21.91,1.07,71.36,30.44,857,39.67,14.2052047074424,21.91,1.07,0.8454316143497758,30.44,353.48400000000004,0
2026-01-03 22:55:00,T8,97,98.09,16.44,1.65,55.82,52.75,97,1.9099999999999966,0.9888877561423183,16.44,1.65,1.757255463991401,52.75,52.968,0
2026-01-03 23:00:00,T10,83,91.0,18.77,1.07,45.72,59.06,83,9.0,0.9120879120879121,18.77,1.07,1.9903762029746281,59.06,48.980000000000004,0
2026-01-03 23:05:00,T10,393,82.0,15.05,1.77,58.68,33.89,393,18.0,4.7926829268292686,15.05,1.77,1.3974096796182687,33.89,167.342,0
2026-01-03 23:10:00,T8,264,89.12,21.0,1.59,89.94,22.42,264,10.879999999999995,2.9622980251346496,21.0,1.59,0.9908828107627308,22.42,114.602,0
2026-01-03 23:15:00,T6,769,64.29,22.78,1.14,25.59,43.62,769,35.709999999999994,11.961424793902628,22.78,1.14,2.512309495896835,43.62,321.108,0
2026-01-03 23:20:00,T9,653,68.25,20.55,2.67,45.72,42.07,653,31.75,9.567765567765568,20.55,2.67,1.4927821522309712,42.07,274.258,0
2026-01-03 23:25:00,T2,1117,46.15,27.69,3.53,75.55,37.5,1117,53.85,24.20368364030336,27.69,3.53,0.6108537392455328,37.5,460.54400000000004,1
2026-01-03 23:30:00,T7,1433,26.74,27.38,3.05,93.85,60.03,1433,73.26,53.59012715033658,27.38,3.05,0.2849227490676612,60.03,591.292,1
2026-01-03 23:35:00,T10,1490,20.18,26.84,3.18,55.59,36.72,1490,79.82,73.83548067393458,26.84,3.18,0.36301493074293933,36.72,609.3480000000001,1
2026-01-03 23:40:00,T9,870,60.12,22.26,0.78,92.19,63.68,870,39.88,14.471057884231538,22.26,0.78,0.652131467621217,63.68,365.344,0
2026-01-03 23:45:00,T8,271,79.46,13.47,0.87,58.06,37.79,271,20.540000000000006,3.410521016863831,13.47,0.87,1.3685842232173613,37.79,118.82600000000002,0
2026-01-03 23:50:00,T6,887,54.6,22.25,0.96,69.17,39.88,887,45.4,16.245421245421245,22.25,0.96,0.7893595489374006,39.88,367.418,0
2026-01-03 23:55:00,T5,122,100.17,13.02,1.55,28.93,33.05,122,-0.1700000000000017,1.2179295198163123,13.02,1.55,3.4624956792257175,33.05,58.324000000000005,0
2026-01-04 00:00:00,T9,1247,34.69,25.18,3.1,69.06,33.05,1247,65.31,35.94695877774575,25.18,3.1,0.5023168259484506,33.05,511.06600000000003,1
2026-01-04 00:05:00,T2,541,75.21,23.41,1.41,21.9,38.81,541,24.790000000000006,7.193192394628374,23.41,1.41,3.4342465753424656,38.81,229.126,0
2026-01-04 00:10:00,T6,457,69.42,20.83,2.5,68.25,42.43,457,30.58,6.58311725727456,20.83,2.5,1.0171428571428571,42.43,195.952,0
2026-01-04 00:15:00,T9,1149,50.47,31.6,2.02,58.68,60.54,1149,49.53,22.765999603724985,31.6,2.02,0.8600886162235856,60.54,478.432,1
2026-01-04 00:20:00,T1,103,98.78,13.13,1.45,78.39,24.85,103,1.2199999999999989,1.042721198623203,13.13,1.45,1.2601097078709018,24.85,49.086,0
2026-01-04 00:25:00,T7,1305,41.16,28.34,2.0,30.27,42.65,1305,58.84,31.705539358600586,28.34,2.0,1.3597621407333993,42.65,536.598,1
2026-01-04 00:30:00,T10,712,69.87,20.21,2.78,92.15,22.44,712,30.129999999999995,10.19035351366824,20.21,2.78,0.7582202930005426,22.44,293.88599999999997,0
2026-01-04 00:35:00,T4,1164,39.12,24.38,2.24,23.34,39.53,1164,60.88,29.754601226993866,24.38,2.24,1.6760925449871464,39.53,478.83,1
2026-01-04 00:40:00,T1,778,64.36,21.38,1.84,87.45,63.37,778,35.64,12.08825357364823,21.38,1.84,0.7359634076615208,63.37,328.51800000000003,0
2026-01-04 00:45:00,T9,1335,40.45,34.19,2.68,59.44,29.07,1335,59.55,33.00370828182942,34.19,2.68,0.6805181695827727,29.07,547.1879999999999,1
2026-01-04 00:50:00,T1,1289,28.78,29.66,2.5,84.92,51.71,1289,71.22,44.78804725503822,29.66,2.5,0.33890720678285446,51.71,532.374,1
2026-01-04 00:55:00,T10,1225,46.2,29.47,1.61,23.01,23.2,1225,53.8,26.515151515151512,29.47,1.61,2.0078226857887875,23.2,500.856,1
2026-01-04 01:00:00,T10,711,61.25,23.62,1.07,74.02,58.11,711,38.75,11.608163265306123,23.62,1.07,0.8274790597135909,58.11,300.96000000000004,0
2026-01-04 01:05:00,T1,1032,46.81,22.93,1.77,47.94,32.4,1032,53.19,22.04657124546037,22.93,1.77,0.9764288694201085,32.4,424.22,0
2026-01-04 01:10:00,T2,858,53.16,18.89,1.77,77.8,38.09,858,46.84,16.13995485327314,18.89,1.77,0.6832904884318766,38.09,354.95000000000005,0
2026-01-04 01:15:00,T2,1367,25.02,34.32,2.64,41.39,23.27,1367,74.98,54.63629096722622,34.32,2.64,0.604493839091568,23.27,558.8460000000001,1
2026-01-04 01:20:00,T1,935,48.48,21.83,3.05,82.58,41.89,935,51.52,19.286303630363037,21.83,3.05,0.587067086461613,41.89,387.354,1
2026-01-04 01:25:00,T6,136,86.91,13.7,2.67,24.05,25.46,136,13.090000000000003,1.564837187895524,13.7,2.67,3.6137214137214135,25.46,62.766000000000005,0
2026-01-04 01:30:00,T10,953,59.82,25.82,2.76,33.18,32.81,953,40.18,15.931126713473754,25.82,2.76,1.802893309222423,32.81,393.47800000000007,1
2026-01-04 01:35:00,T8,138,89.54,16.92,2.69,74.86,32.34,138,10.459999999999994,1.541210632119723,16.92,2.69,1.1960993855196367,32.34,65.59,0
2026-01-04 01:40:00,T8,176,84.44,13.22,0.22,73.18,53.24,176,15.560000000000002,2.0843202273803887,13.22,0.22,1.1538671768242688,53.24,83.736,0
2026-01-04 01:45:00,T4,85,103.49,13.44,0.4,57.3,54.54,85,-3.489999999999995,0.821335394724128,13.44,0.4,1.806108202443281,54.54,47.676,0
2026-01-04 01:50:00,T4,738,57.06,23.32,2.91,27.74,33.6,738,42.94,12.933753943217665,23.32,2.91,2.0569574621485223,33.6,307.166,0
2026-01-04 01:55:00,T10,310,85.85,16.66,1.14,49.52,40.17,310,14.150000000000006,3.6109493302271405,16.66,1.14,1.7336429725363487,40.17,135.594,0
2026-01-04 02:00:00,T6,838,57.02,19.39,0.83,30.82,54.23,838,42.98,14.696597685022798,19.39,0.83,1.8500973393900066,54.23,350.09000000000003,0
2026-01-04 02:05:00,T10,530,82.55,18.45,0.7,75.99,57.56,530,17.450000000000003,6.420351302241066,18.45,0.7,1.086327148308988,57.56,227.34199999999998,0
2026-01-04 02:10:00,T9,321,78.72,14.28,0.39,36.81,54.69,321,21.28,4.077743902439025,14.28,0.39,2.1385493072534634,54.69,142.272,0
2026-01-04 02:15:00,T9,755,56.66,21.25,2.6,91.35,55.38,755,43.34,13.325097070243558,21.25,2.6,0.6202517788724685,55.38,317.846,0
2026-01-04 02:20:00,T1,517,83.43,20.23,2.63,94.22,26.32,517,16.569999999999993,6.196811698429821,20.23,2.63,0.8854807896412652,26.32,216.63600000000002,0
2026-01-04 02:25:00,T2,1223,37.88,31.61,3.29,60.86,62.68,1223,62.12,32.28616684266103,31.61,3.29,0.6224120933289518,62.68,508.71600000000007,1
2026-01-04 02:30:00,T10,238,96.2,18.73,1.75,30.46,49.42,238,3.799999999999997,2.474012474012474,18.73,1.75,3.1582403151674328,49.42,109.17999999999999,0
2026-01-04 02:35:00,T3,122,93.71,11.39,1.51,22.94,40.92,122,6.290000000000006,1.3018888058905134,11.39,1.51,4.0850043591979075,40.92,59.56400000000001,0
2026-01-04 02:40:00,T7,552,69.84,24.53,2.62,52.29,51.16,552,30.159999999999997,7.903780068728522,24.53,2.62,1.3356282271944924,51.16,236.46200000000002,0
2026-01-04 02:45:00,T9,470,66.82,15.51,2.06,63.09,21.25,470,33.18000000000001,7.033822208919486,15.51,2.06,1.0591218893643999,21.25,195.764,0
2026-01-04 02:50:00,T3,1279,42.78,28.86,2.18,44.67,35.81,1279,57.22,29.8971482000935,28.86,2.18,0.9576897246474143,35.81,524.9700000000001,1
2026-01-04 02:55:00,T6,1234,44.52,32.66,2.07,93.73,25.75,1234,55.48,27.717879604672056,32.66,2.07,0.4749813293502614,25.75,505.69599999999997,1
2026-01-04 03:00:00,T6,906,52.41,27.2,1.44,89.02,32.06,906,47.59,17.28677733257012,27.2,1.44,0.5887441024488879,32.06,374.54,1
2026-01-04 03:05:00,T10,163,87.78,16.23,2.65,65.05,57.38,163,12.219999999999999,1.8569150148097515,16.23,2.65,1.349423520368947,57.38,80.452,0
2026-01-04 03:10:00,T9,635,67.56,23.55,3.22,87.28,36.49,635,32.44,9.399052693901716,23.55,3.22,0.7740604949587534,36.49,266.652,0
2026-01-04 03:15:00,T2,1416,28.62,25.9,1.42,22.37,31.22,1416,71.38,49.475890985324945,25.9,1.42,1.2793920429146177,31.22,578.108,1
2026-01-04 03:20:00,T9,1061,51.11,25.15,3.35,25.22,46.49,1061,48.89,20.75914693797691,25.15,3.35,2.0265662172878667,46.49,439.398,1
2026-01-04 03:25:00,T9,779,54.53,18.7,2.23,29.23,36.81,779,45.47,14.285714285714285,18.7,2.23,1.8655490933971948,36.81,323.1480000000001,0
2026-01-04 03:30:00,T1,1030,45.65,23.88,2.38,67.25,26.28,1030,54.35,22.562979189485215,23.88,2.38,0.6788104089219331,26.28,422.50800000000004,1
2026-01-04 03:35:00,T6,751,56.94,18.56,1.67,55.33,48.58,751,43.06,13.189322093431683,18.56,1.67,1.0290981384420748,48.58,314.16200000000003,0
2026-01-04 03:40:00,T3,772,62.92,24.18,3.14,23.22,34.99,772,37.08,12.269548633184996,24.18,3.14,2.7097329888027564,34.99,321.262,0
2026-01-04 03:45:00,T10,593,61.38,15.44,2.06,85.6,58.4,593,38.62,9.661127403062887,15.44,2.06,0.7170560747663552,58.4,252.38000000000002,0
2026-01-04 03:50:00,T10,677,64.84,17.09,2.99,66.98,23.52,677,35.16,10.441085749537322,17.09,2.99,0.9680501642281278,23.52,279.52000000000004,0
2026-01-04 03:55:00,T6,1170,41.55,28.16,3.57,42.04,34.25,1170,58.45,28.158844765342963,28.16,3.57,0.9883444338725024,34.25,481.196,1
2026-01-04 04:00:00,T7,517,80.8,14.78,1.82,20.03,26.27,517,19.200000000000003,6.398514851485149,14.78,1.82,4.033949076385421,26.27,215.374,0
2026-01-04 04:05:00,T3,1106,46.82,22.55,1.97,70.57,43.48,1106,53.18,23.622383596753522,22.55,1.97,0.6634547258041661,43.48,456.00000000000006,0
2026-01-04 04:10:00,T9,1488,17.98,29.49,3.52,52.31,31.71,1488,82.02,82.75862068965517,29.49,3.52,0.34372012999426493,31.71,608.144,1
2026-01-04 04:15:00,T10,1136,36.0,31.54,2.09,68.65,49.03,1136,64.0,31.555555555555557,31.54,2.09,0.5243991260014567,49.03,470.932,1
2026-01-04 04:20:00,T4,1394,31.76,25.74,1.64,31.78,30.57,1394,68.24,43.89168765743073,25.74,1.64,0.9993706733794839,30.57,569.19,1
2026-01-04 04:25:00,T6,502,76.44,15.87,1.87,92.46,58.93,502,23.560000000000002,6.567242281527996,15.87,1.87,0.8267358857884491,58.93,216.13400000000001,0
2026-01-04 04:30:00,T10,652,62.11,18.78,0.97,88.4,38.04,652,37.89,10.497504427628401,18.78,0.97,0.7026018099547511,38.04,272.35800000000006,0
2026-01-04 04:35:00,T10,981,44.54,24.18,2.17,75.37,24.04,981,55.46,22.02514593623709,24.18,2.17,0.5909513068860289,24.04,402.47800000000007,1
2026-01-04 04:40:00,T10,349,83.76,14.52,2.91,64.44,48.0,349,16.239999999999995,4.166666666666666,14.52,2.91,1.2998137802607077,48.0,152.68599999999998,0
2026-01-04 04:45:00,T10,647,71.95,24.13,0.97,41.38,24.49,647,28.049999999999997,8.992355802640722,24.13,0.97,1.738762687288545,24.49,268.7180000000001,0
2026-01-04 04:50:00,T4,203,81.53,18.28,2.06,89.2,53.15,203,18.47,2.489881025389427,18.28,2.06,0.9140134529147982,53.15,95.89800000000001,0
2026-01-04 04:55:00,T5,903,60.17,21.26,2.41,54.82,33.85,903,39.83,15.007478810038224,21.26,2.41,1.097592119664356,33.85,372.70400000000006,1
2026-01-04 05:00:00,T10,1373,22.11,29.88,2.22,52.65,61.83,1373,77.89,62.09859791949344,29.88,2.22,0.41994301994301997,61.83,567.986,1
2026-01-04 05:05:00,T3,623,74.94,17.78,1.03,48.08,61.8,623,25.060000000000002,8.313317320523085,17.78,1.03,1.5586522462562395,61.8,265.322,0
2026-01-04 05:10:00,T4,1299,39.38,30.26,4.06,47.34,32.81,1299,60.62,32.9862874555612,30.26,4.06,0.8318546683565695,32.81,533.0260000000001,1
2026-01-04 05:15:00,T1,505,68.5,19.71,1.42,80.15,36.54,505,31.5,7.372262773722627,19.71,1.42,0.8546475358702432,36.54,213.534,0
2026-01-04 05:20:00,T4,1333,43.33,32.73,3.15,64.59,57.63,1333,56.67,30.76390491576275,32.73,3.15,0.6708468803220312,57.63,551.902,1
2026-01-04 05:25:00,T5,228,88.05,14.26,1.61,75.71,38.21,228,11.950000000000003,2.589437819420784,14.26,1.61,1.1629903579447893,38.21,102.016,0
2026-01-04 05:30:00,T6,1097,36.65,31.66,2.01,35.5,48.81,1097,63.35,29.931787175989086,31.66,2.01,1.032394366197183,48.81,455.296,1
2026-01-04 05:35:00,T3,646,76.44,24.3,2.74,48.19,35.41,646,23.560000000000002,8.451072736787022,24.3,2.74,1.586221207719444,35.41,270.89000000000004,0
2026-01-04 05:40:00,T4,547,80.01,20.65,3.02,43.89,40.17,547,19.989999999999995,6.8366454193225845,20.65,3.02,1.8229665071770336,40.17,231.568,0
2026-01-04 05:45:00,T1,1266,45.28,26.59,3.41,21.86,51.53,1266,54.72,27.959363957597173,26.59,3.41,2.071363220494053,51.53,522.706,1
2026-01-04 05:50:00,T5,572,61.66,24.74,2.53,35.33,34.03,572,38.34,9.276678559844308,24.74,2.53,1.7452589866968582,34.03,241.06000000000003,0
2026-01-04 05:55:00,T2,888,54.84,25.01,1.79,50.96,63.32,888,45.16,16.192560175054705,25.01,1.79,1.076138147566719,63.32,373.22400000000005,0
2026-01-04 06:00:00,T3,396,88.98,20.99,0.72,63.95,35.56,396,11.019999999999996,4.450438300741739,20.99,0.72,1.3913995308835028,35.56,169.854,0
2026-01-04 06:05:00,T6,301,83.24,17.8,0.99,44.99,51.98,301,16.760000000000005,3.61604997597309,17.8,0.99,1.8501889308735273,51.98,134.554,0
2026-01-04 06:10:00,T4,511,72.66,15.7,0.75,33.69,43.65,511,27.340000000000003,7.032755298651253,15.7,0.75,2.1567230632235086,43.65,216.42,0
2026-01-04 06:15:00,T1,1456,20.04,26.26,4.17,49.77,21.29,1456,79.96000000000001,72.65469061876247,26.26,4.17,0.4026522001205545,21.29,592.7439999999999,1
2026-01-04 06:20:00,T3,321,93.28,21.15,0.32,81.61,42.92,321,6.719999999999999,3.4412521440823327,21.15,0.32,1.1429971817179267,42.92,141.278,0
2026-01-04 06:25:00,T2,1000,52.68,26.29,0.92,79.88,45.36,1000,47.32,18.982536066818525,26.29,0.92,0.6594892338507762,45.36,414.514,1
2026-01-04 06:30:00,T7,674,66.07,17.99,0.8,76.43,44.98,674,33.93000000000001,10.201301649765401,17.99,0.8,0.8644511317545465,44.98,282.35400000000004,0
2026-01-04 06:35:00,T4,1401,24.68,28.6,1.99,27.24,60.55,1401,75.32,56.766612641815236,28.6,1.99,0.9060205580029369,60.55,578.628,1
2026-01-04 06:40:00,T5,979,49.86,27.41,2.09,36.07,63.11,979,50.14,19.634977938227035,27.41,2.09,1.3823121707790407,63.11,410.12200000000007,1
2026-01-04 06:45:00,T1,805,53.98,20.02,2.31,74.75,45.01,805,46.02,14.91293071507966,20.02,2.31,0.7221404682274247,45.01,335.468,0
2026-01-04 06:50:00,T8,1430,21.45,30.98,2.26,53.02,44.21,1430,78.55,66.66666666666667,30.98,2.26,0.40456431535269705,44.21,587.49,1
2026-01-04 06:55:00,T3,651,70.08,22.12,1.28,94.1,21.26,651,29.92,9.289383561643836,22.12,1.28,0.7447396386822529,21.26,269.332,0
2026-01-04 07:00:00,T7,1319,26.14,26.15,3.73,83.76,33.48,1319,73.86,50.45906656465187,26.15,3.73,0.3120821394460363,33.48,540.272,1
2026-01-04 07:05:00,T3,1197,30.67,28.61,2.33,93.13,60.66,1197,69.33,39.028366481904136,28.61,2.33,0.3293246000214754,60.66,497.12,1
2026-01-04 07:10:00,T6,401,70.9,19.78,2.28,23.38,20.48,401,29.099999999999994,5.655853314527503,19.78,2.28,3.032506415739949,20.48,168.908,0
2026-01-04 07:15:00,T10,381,86.35,16.78,2.51,53.18,62.45,381,13.650000000000006,4.412275622466706,16.78,2.51,1.6237307258367806,62.45,168.74800000000002,0
2026-01-04 07:20:00,T5,1197,36.71,32.26,1.11,30.62,26.68,1197,63.29,32.60691909561427,32.26,1.11,1.1988896146309602,26.68,490.81,1
2026-01-04 07:25:00,T1,482,66.13,20.09,1.56,76.04,64.66,482,33.870000000000005,7.288673824285499,20.09,1.56,0.8696738558653339,64.66,210.062,0
2026-01-04 07:30:00,T2,242,95.62,16.66,2.49,23.14,53.6,242,4.3799999999999955,2.5308512863417696,16.66,2.49,4.1322385479688855,53.6,111.35000000000001,0
2026-01-04 07:35:00,T7,1229,29.76,25.91,2.94,75.42,58.26,1229,70.24,41.29704301075269,25.91,2.94,0.3945902943516309,58.26,509.02200000000005,1
2026-01-04 07:40:00,T7,1008,44.52,29.8,2.9,30.11,30.09,1008,55.48,22.641509433962263,29.8,2.9,1.4785785453337763,30.09,415.75800000000004,1
2026-01-04 07:45:00,T2,526,78.05,23.87,2.7,39.87,46.86,526,21.950000000000003,6.739269698910955,23.87,2.7,1.9576122397792828,46.86,225.086,0
2026-01-04 07:50:00,T1,954,50.46,19.96,0.96,72.07,40.93,954,49.54,18.90606420927467,19.96,0.96,0.700152629388095,40.93,393.97,0
2026-01-04 07:55:00,T10,763,66.35,18.96,1.98,30.77,55.77,763,33.650000000000006,11.499623210248682,18.96,1.98,2.1563210919727007,55.77,320.542,0
2026-01-04 08:00:00,T2,1378,29.84,29.06,1.71,33.16,52.15,1378,70.16,46.179624664879356,29.06,1.71,0.8998793727382389,52.15,567.784,1
2026-01-04 08:05:00,T7,1078,54.91,30.92,3.15,83.83,53.16,1078,45.09,19.63212529593881,30.92,3.15,0.6550161040200405,53.16,448.6460000000001,1
2026-01-04 08:10:00,T8,661,58.29,21.61,2.96,76.77,23.7,661,41.71,11.339852461828787,21.61,2.96,0.7592809691285659,23.7,274.05400000000003,0
2026-01-04 08:15:00,T2,164,86.99,10.08,0.36,42.48,58.95,164,13.010000000000005,1.885274169444764,10.08,0.36,2.0477871939736345,58.95,79.47800000000002,0
2026-01-04 08:20:00,T3,1075,50.89,21.74,1.74,89.57,63.89,1075,49.11,21.123992925918646,21.74,1.74,0.5681589818019427,63.89,447.47400000000005,0
2026-01-04 08:25:00,T4,1179,42.55,31.07,2.05,74.44,31.49,1179,57.45,27.708578143360754,31.07,2.05,0.5716012896292316,31.49,484.52200000000005,1
2026-01-04 08:30:00,T2,411,86.05,18.17,0.85,92.6,33.12,411,13.950000000000003,4.776292852992446,18.17,0.85,0.9292656587473003,33.12,174.82799999999997,0
2026-01-04 08:35:00,T10,1418,31.47,34.95,2.07,77.13,21.57,1418,68.53,45.058786145535436,34.95,2.07,0.40801244651886426,21.57,578.918,1
2026-01-04 08:40:00,T7,948,59.42,26.24,0.88,45.59,53.73,948,40.58,15.954224166947155,26.24,0.88,1.3033559991226145,53.73,395.37,1
2026-01-04 08:45:00,T3,94,94.08,10.87,3.02,56.42,41.64,94,5.920000000000002,0.9991496598639455,10.87,3.02,1.6674937965260546,41.64,48.706,0
2026-01-04 08:50:00,T2,598,76.39,18.17,1.12,45.93,22.88,598,23.61,7.828249770912423,18.17,1.12,1.6631831047245809,22.88,247.634,0
2026-01-04 08:55:00,T7,973,47.38,26.53,2.92,62.49,36.65,973,52.62,20.536091177712112,26.53,2.92,0.7582013122099536,36.65,402.42,1
2026-01-04 09:00:00,T7,1415,27.59,28.09,1.9,82.12,30.37,1415,72.41,51.28669807901414,28.09,1.9,0.33597174866049684,30.37,578.072,1
2026-01-04 09:05:00,T2,144,85.45,12.02,1.96,92.55,41.8,144,14.549999999999997,1.6851960210649501,12.02,1.96,0.9232847109670449,41.8,68.756,0
2026-01-04 09:10:00,T9,233,89.87,18.19,2.68,89.05,60.39,233,10.129999999999995,2.59263380438411,18.19,2.68,1.009208309938237,60.39,109.45200000000001,0
2026-01-04 09:15:00,T1,93,101.54,13.98,0.68,33.53,60.19,93,-1.5400000000000063,0.9158952137088832,13.98,0.68,3.0283328362660304,60.19,52.17,0
2026-01-04 09:20:00,T9,59,100.99,8.93,0.1,63.9,62.4,59,-0.9899999999999949,0.5842162590355481,8.93,0.1,1.5804381846635367,62.4,37.886,0
2026-01-04 09:25:00,T10,986,40.92,21.15,2.18,77.1,22.56,986,59.08,24.095796676441836,21.15,2.18,0.530739299610895,22.56,403.57800000000003,1
2026-01-04 09:30:00,T10,842,63.96,24.82,1.37,22.73,61.8,842,36.04,13.164477798624139,24.82,1.37,2.8139023317201937,61.8,354.398,0
2026-01-04 09:35:00,T4,283,84.18,18.19,0.5,24.55,60.37,283,15.819999999999993,3.361843668329769,18.19,0.5,3.428920570264766,60.37,129.012,0
2026-01-04 09:40:00,T8,299,78.95,17.87,2.62,57.43,22.17,299,21.049999999999997,3.787207093096897,17.87,2.62,1.3747170468396308,22.17,128.132,0
2026-01-04 09:45:00,T3,212,79.6,12.97,0.51,49.77,35.81,212,20.400000000000006,2.663316582914573,12.97,0.51,1.599357042395017,35.81,94.65800000000002,0
2026-01-04 09:50:00,T4,1026,53.25,22.77,3.8,93.25,26.64,1026,46.75,19.267605633802816,22.77,3.8,0.5710455764075067,26.64,421.042,1
2026-01-04 09:55:00,T4,115,103.23,18.84,1.52,47.74,64.25,115,-3.230000000000004,1.114017243049501,18.84,1.52,2.1623376623376624,64.25,62.922000000000004,0
2026-01-04 10:00:00,T6,339,73.63,21.74,2.16,89.71,64.04,339,26.370000000000005,4.604101589026213,21.74,2.16,0.8207557685876714,64.04,153.188,0
2026-01-04 10:05:00,T9,585,63.4,22.92,2.48,43.27,32.78,585,36.6,9.227129337539433,22.92,2.48,1.4652183961174021,32.78,245.63600000000002,0
2026-01-04 10:10:00,T5,693,55.67,21.08,2.22,62.27,63.26,693,44.33,12.448356385845159,21.08,2.22,0.8940099566404368,63.26,294.512,0
2026-01-04 10:15:00,T10,1160,45.25,30.8,3.2,57.46,59.63,1160,54.75,25.635359116022098,30.8,3.2,0.7875043508527672,59.63,482.726,1
2026-01-04 10:20:00,T4,1199,46.13,30.07,3.43,78.97,43.87,1199,53.87,25.991762410578797,30.07,3.43,0.584145878181588,43.87,495.074,1
2026-01-04 10:25:00,T4,298,87.43,16.2,2.58,72.24,62.5,298,12.569999999999993,3.4084410385451216,16.2,2.58,1.2102713178294575,62.5,135.45600000000002,0
2026-01-04 10:30:00,T2,1390,35.01,26.7,2.01,57.65,54.96,1390,64.99000000000001,39.702942016566695,26.7,2.01,0.607285342584562,54.96,572.734,1
2026-01-04 10:35:00,T3,217,93.39,11.59,0.45,66.43,44.43,217,6.609999999999999,2.3235892493843022,11.59,0.45,1.4058407346078579,44.43,98.09400000000001,0
2026-01-04 10:40:00,T1,1201,49.76,26.06,1.74,57.43,49.55,1201,50.24,24.135852090032156,26.06,1.74,0.8664461083057635,49.55,495.87000000000006,1
2026-01-04 10:45:00,T5,272,77.36,17.04,2.16,50.57,25.75,272,22.64,3.516028955532575,17.04,2.16,1.5297607277041725,25.75,117.79000000000002,0
2026-01-04 10:50:00,T8,1358,31.76,25.27,2.43,79.09,60.27,1358,68.24,42.758186397984886,25.27,2.43,0.40156783411303576,60.27,560.794,1
2026-01-04 10:55:00,T1,549,74.48,22.7,0.77,28.22,23.19,549,25.519999999999996,7.37110633727175,22.7,0.77,2.639262934089299,23.19,228.93200000000002,0
2026-01-04 11:00:00,T2,667,62.4,18.09,2.08,55.62,23.86,667,37.6,10.689102564102564,18.09,2.08,1.121898597626753,23.86,275.606,0
2026-01-04 11:05:00,T4,383,86.46,19.97,1.03,93.33,43.73,383,13.540000000000006,4.429794124450614,19.97,1.03,0.9263902282224364,43.73,166.14600000000002,0
2026-01-04 11:10:00,T4,996,58.39,25.88,3.59,36.08,45.07,996,41.61,17.057715362219557,25.88,3.59,1.6183481152993349,45.07,413.30800000000005,1
2026-01-04 11:15:00,T4,1449,21.68,27.78,1.6,61.19,42.85,1449,78.32,66.83579335793358,27.78,1.6,0.35430625919267855,42.85,594.0460000000002,1
