timestamp,tower_id,video_users,voice_users,iot_devices,gaming_users,emergency_users,hour,minute,day,weekday,is_weekend,total_users,high_priority_ratio,iot_ratio,consumer_ratio
2026-01-01 00:00:00,T2,379,16,374,87,5,0,0,1,3,0,487,0.01026694045174538,0.7679671457905544,0.9568788501026694
2026-01-01 00:05:00,T4,219,300,158,6,0,0,5,1,3,0,525,0.0,0.30095238095238097,0.42857142857142855
2026-01-01 00:10:00,T10,659,273,236,12,10,0,10,1,3,0,954,0.010482180293501049,0.24737945492662475,0.7033542976939203
2026-01-01 00:15:00,T2,326,111,975,215,14,0,15,1,3,0,666,0.021021021021021023,1.4639639639639639,0.8123123123123123
2026-01-01 00:20:00,T3,288,128,432,87,5,0,20,1,3,0,508,0.00984251968503937,0.8503937007874016,0.7381889763779528
2026-01-01 00:25:00,T4,596,101,1178,249,7,0,25,1,3,0,953,0.007345225603357817,1.236096537250787,0.8866736621196223
2026-01-01 00:30:00,T2,583,141,929,162,0,0,30,1,3,0,886,0.0,1.0485327313769752,0.8408577878103838
2026-01-01 00:35:00,T3,356,286,136,5,3,0,35,1,3,0,650,0.004615384615384616,0.20923076923076922,0.5553846153846154
2026-01-01 00:40:00,T7,512,155,978,228,11,0,40,1,3,0,906,0.012141280353200883,1.0794701986754967,0.8167770419426048
2026-01-01 00:45:00,T2,93,186,226,152,18,0,45,1,3,0,449,0.0400890868596882,0.5033407572383074,0.5456570155902004
2026-01-01 00:50:00,T10,485,40,491,33,2,0,50,1,3,0,560,0.0035714285714285713,0.8767857142857143,0.925
2026-01-01 00:55:00,T9,417,273,1199,100,20,0,55,1,3,0,810,0.024691358024691357,1.480246913580247,0.6382716049382716
2026-01-01 01:00:00,T2,442,115,726,180,8,1,0,1,3,0,745,0.010738255033557046,0.974496644295302,0.8348993288590604
2026-01-01 01:05:00,T1,527,260,1162,186,3,1,5,1,3,0,976,0.0030737704918032786,1.1905737704918034,0.7305327868852459
2026-01-01 01:10:00,T3,507,230,318,231,0,1,10,1,3,0,968,0.0,0.3285123966942149,0.762396694214876
2026-01-01 01:15:00,T10,634,260,446,32,11,1,15,1,3,0,937,0.011739594450373533,0.4759871931696905,0.7107790821771611
2026-01-01 01:20:00,T10,220,141,783,70,3,1,20,1,3,0,434,0.0069124423963133645,1.804147465437788,0.6682027649769585
2026-01-01 01:25:00,T2,599,111,922,213,19,1,25,1,3,0,942,0.020169851380042462,0.9787685774946921,0.861995753715499
2026-01-01 01:30:00,T9,631,256,710,190,19,1,30,1,3,0,1096,0.017335766423357664,0.6478102189781022,0.7490875912408759
2026-01-01 01:35:00,T2,312,26,620,60,8,1,35,1,3,0,406,0.019704433497536946,1.5270935960591132,0.916256157635468
2026-01-01 01:40:00,T10,478,226,885,202,7,1,40,1,3,0,913,0.007667031763417305,0.9693318729463308,0.7447973713033954
2026-01-01 01:45:00,T7,567,80,1080,22,17,1,45,1,3,0,686,0.02478134110787172,1.5743440233236152,0.858600583090379
2026-01-01 01:50:00,T3,535,28,300,189,9,1,50,1,3,0,761,0.011826544021024968,0.39421813403416556,0.9513797634691196
2026-01-01 01:55:00,T4,243,108,711,205,16,1,55,1,3,0,572,0.027972027972027972,1.243006993006993,0.7832167832167832
2026-01-01 02:00:00,T1,374,233,1017,222,0,2,0,1,3,0,829,0.0,1.226779252110977,0.7189384800965019
2026-01-01 02:05:00,T1,365,45,630,8,9,2,5,1,3,0,427,0.02107728337236534,1.4754098360655739,0.8735362997658079
2026-01-01 02:10:00,T2,648,279,1177,186,8,2,10,1,3,0,1121,0.007136485280999108,1.0499553969669937,0.743978590544157
2026-01-01 02:15:00,T6,279,62,471,24,13,2,15,1,3,0,378,0.03439153439153439,1.246031746031746,0.8015873015873016
2026-01-01 02:20:00,T9,117,126,968,32,4,2,20,1,3,0,279,0.014336917562724014,3.4695340501792113,0.5340501792114696
2026-01-01 02:25:00,T10,256,221,768,241,9,2,25,1,3,0,727,0.012379642365887207,1.0563961485557083,0.6836313617606602
2026-01-01 02:30:00,T10,431,139,71,83,12,2,30,1,3,0,665,0.01804511278195489,0.10676691729323308,0.7729323308270677
2026-01-01 02:35:00,T8,183,254,601,245,13,2,35,1,3,0,695,0.01870503597122302,0.8647482014388489,0.6158273381294964
2026-01-01 02:40:00,T9,491,214,186,58,12,2,40,1,3,0,775,0.015483870967741935,0.24,0.7083870967741935
2026-01-01 02:45:00,T7,380,274,1052,53,10,2,45,1,3,0,717,0.01394700139470014,1.4672245467224547,0.603905160390516
2026-01-01 02:50:00,T4,327,28,442,104,16,2,50,1,3,0,475,0.03368421052631579,0.9305263157894736,0.9073684210526316
2026-01-01 02:55:00,T10,439,44,472,95,5,2,55,1,3,0,583,0.008576329331046312,0.8096054888507719,0.9159519725557461
2026-01-01 03:00:00,T3,223,35,517,208,9,3,0,1,3,0,475,0.018947368421052633,1.088421052631579,0.9073684210526316
2026-01-01 03:05:00,T5,630,81,1106,187,8,3,5,1,3,0,906,0.008830022075055188,1.2207505518763797,0.9017660044150111
2026-01-01 03:10:00,T10,485,62,201,159,10,3,10,1,3,0,716,0.013966480446927373,0.2807262569832402,0.8994413407821229
2026-01-01 03:15:00,T7,62,112,1130,91,17,3,15,1,3,0,282,0.06028368794326241,4.00709219858156,0.5425531914893617
2026-01-01 03:20:00,T3,622,168,287,21,7,3,20,1,3,0,818,0.008557457212713936,0.3508557457212714,0.7860635696821516
2026-01-01 03:25:00,T1,90,212,363,24,18,3,25,1,3,0,344,0.05232558139534884,1.055232558139535,0.3313953488372093
2026-01-01 03:30:00,T9,411,105,1090,209,9,3,30,1,3,0,734,0.01226158038147139,1.4850136239782017,0.8446866485013624
2026-01-01 03:35:00,T10,266,136,99,234,10,3,35,1,3,0,646,0.015479876160990712,0.15325077399380804,0.7739938080495357
2026-01-01 03:40:00,T6,220,14,442,186,3,3,40,1,3,0,423,0.0070921985815602835,1.044917257683215,0.9598108747044918
2026-01-01 03:45:00,T7,50,192,987,128,0,3,45,1,3,0,370,0.0,2.6675675675675676,0.4810810810810811
2026-01-01 03:50:00,T3,20,171,947,26,11,3,50,1,3,0,228,0.04824561403508772,4.1535087719298245,0.20175438596491227
2026-01-01 03:55:00,T4,274,124,238,56,15,3,55,1,3,0,469,0.031982942430703626,0.5074626865671642,0.7036247334754797
2026-01-01 04:00:00,T8,575,205,149,127,19,4,0,1,3,0,926,0.020518358531317494,0.16090712742980562,0.7580993520518359
2026-01-01 04:05:00,T7,633,251,1148,19,5,4,5,1,3,0,908,0.005506607929515419,1.2643171806167401,0.7180616740088106
2026-01-01 04:10:00,T8,150,184,579,49,15,4,10,1,3,0,398,0.03768844221105527,1.4547738693467336,0.5
2026-01-01 04:15:00,T9,442,145,886,215,4,4,15,1,3,0,806,0.004962779156327543,1.099255583126551,0.815136476426799
2026-01-01 04:20:00,T1,102,167,232,34,8,4,20,1,3,0,311,0.02572347266881029,0.7459807073954984,0.43729903536977494
2026-01-01 04:25:00,T5,95,127,727,70,0,4,25,1,3,0,292,0.0,2.48972602739726,0.565068493150685
2026-01-01 04:30:00,T5,203,38,767,139,5,4,30,1,3,0,385,0.012987012987012988,1.9922077922077923,0.8883116883116883
2026-01-01 04:35:00,T2,242,157,137,50,8,4,35,1,3,0,457,0.0175054704595186,0.29978118161925604,0.6389496717724289
2026-01-01 04:40:00,T7,587,234,335,28,4,4,40,1,3,0,853,0.004689331770222743,0.39273153575615477,0.7209847596717468
2026-01-01 04:45:00,T6,169,20,1199,36,5,4,45,1,3,0,230,0.021739130434782608,5.21304347826087,0.8913043478260869
2026-01-01 04:50:00,T3,113,284,399,243,18,4,50,1,3,0,658,0.02735562310030395,0.6063829787234043,0.541033434650456
2026-01-01 04:55:00,T8,254,219,780,166,17,4,55,1,3,0,656,0.025914634146341462,1.1890243902439024,0.6402439024390244
2026-01-01 05:00:00,T3,115,103,861,130,2,5,0,1,3,0,350,0.005714285714285714,2.46,0.7
2026-01-01 05:05:00,T9,682,125,483,158,11,5,5,1,3,0,976,0.011270491803278689,0.4948770491803279,0.860655737704918
2026-01-01 05:10:00,T7,126,272,82,120,5,5,10,1,3,0,523,0.009560229445506692,0.15678776290630975,0.47036328871892924
2026-01-01 05:15:00,T10,381,54,1142,223,12,5,15,1,3,0,670,0.01791044776119403,1.7044776119402985,0.9014925373134328
2026-01-01 05:20:00,T8,406,126,72,133,17,5,20,1,3,0,682,0.024926686217008796,0.10557184750733138,0.7903225806451613
2026-01-01 05:25:00,T6,395,74,525,140,20,5,25,1,3,0,629,0.03179650238473768,0.834658187599364,0.8505564387917329
2026-01-01 05:30:00,T10,65,239,827,179,5,5,30,1,3,0,488,0.010245901639344262,1.694672131147541,0.5
2026-01-01 05:35:00,T7,357,202,694,186,0,5,35,1,3,0,745,0.0,0.9315436241610738,0.7288590604026846
2026-01-01 05:40:00,T10,443,130,835,105,2,5,40,1,3,0,680,0.0029411764705882353,1.2279411764705883,0.8058823529411765
2026-01-01 05:45:00,T1,183,57,800,15,0,5,45,1,3,0,255,0.0,3.1372549019607843,0.7764705882352941
2026-01-01 05:50:00,T5,159,119,117,133,10,5,50,1,3,0,421,0.023752969121140142,0.27790973871733965,0.6935866983372921
2026-01-01 05:55:00,T5,550,196,752,240,2,5,55,1,3,0,988,0.0020242914979757085,0.7611336032388664,0.7995951417004049
2026-01-01 06:00:00,T4,263,93,95,144,14,6,0,1,3,0,514,0.027237354085603113,0.18482490272373542,0.791828793774319
2026-01-01 06:05:00,T8,572,224,942,147,3,6,5,1,3,0,946,0.003171247357293869,0.9957716701902748,0.7600422832980972
2026-01-01 06:10:00,T1,495,163,812,55,10,6,10,1,3,0,723,0.013831258644536652,1.1230982019363762,0.7607192254495159
2026-01-01 06:15:00,T10,413,297,233,183,13,6,15,1,3,0,906,0.01434878587196468,0.2571743929359823,0.6578366445916115
2026-01-01 06:20:00,T9,379,175,793,176,18,6,20,1,3,0,748,0.02406417112299465,1.0601604278074865,0.7419786096256684
2026-01-01 06:25:00,T1,123,118,1093,98,10,6,25,1,3,0,349,0.02865329512893983,3.1318051575931234,0.6332378223495702
2026-01-01 06:30:00,T6,415,175,683,15,13,6,30,1,3,0,618,0.021035598705501618,1.1051779935275081,0.6957928802588996
2026-01-01 06:35:00,T4,676,136,703,190,3,6,35,1,3,0,1005,0.0029850746268656717,0.699502487562189,0.8616915422885573
2026-01-01 06:40:00,T9,603,12,668,246,5,6,40,1,3,0,866,0.005773672055427252,0.7713625866050808,0.9803695150115473
2026-01-01 06:45:00,T3,238,107,958,155,17,6,45,1,3,0,517,0.03288201160541586,1.8529980657640233,0.7601547388781431
2026-01-01 06:50:00,T9,697,253,1152,58,17,6,50,1,3,0,1025,0.016585365853658537,1.1239024390243904,0.7365853658536585
2026-01-01 06:55:00,T5,654,185,358,52,1,6,55,1,3,0,892,0.0011210762331838565,0.4013452914798206,0.7914798206278026
2026-01-01 07:00:00,T6,298,240,57,210,12,7,0,1,3,0,760,0.015789473684210527,0.075,0.6684210526315789
2026-01-01 07:05:00,T3,676,34,1182,148,13,7,5,1,3,0,871,0.014925373134328358,1.357060849598163,0.9460390355912744
2026-01-01 07:10:00,T2,479,287,1085,53,7,7,10,1,3,0,826,0.00847457627118644,1.3135593220338984,0.6440677966101694
2026-01-01 07:15:00,T1,219,32,652,164,5,7,15,1,3,0,420,0.011904761904761904,1.5523809523809524,0.9119047619047619
2026-01-01 07:20:00,T7,411,259,495,149,17,7,20,1,3,0,836,0.02033492822966507,0.5921052631578947,0.6698564593301436
2026-01-01 07:25:00,T6,552,105,380,236,8,7,25,1,3,0,901,0.008879023307436182,0.42175360710321863,0.8745837957824639
2026-01-01 07:30:00,T8,56,63,869,182,0,7,30,1,3,0,301,0.0,2.8870431893687707,0.7906976744186046
2026-01-01 07:35:00,T10,206,165,967,73,20,7,35,1,3,0,464,0.04310344827586207,2.084051724137931,0.6012931034482759
2026-01-01 07:40:00,T8,568,84,677,149,6,7,40,1,3,0,807,0.007434944237918215,0.838909541511772,0.8884758364312267
2026-01-01 07:45:00,T10,332,106,563,222,4,7,45,1,3,0,664,0.006024096385542169,0.8478915662650602,0.8343373493975904
2026-01-01 07:50:00,T9,645,102,436,164,5,7,50,1,3,0,916,0.0054585152838427945,0.4759825327510917,0.8831877729257642
2026-01-01 07:55:00,T5,184,63,986,188,7,7,55,1,3,0,442,0.01583710407239819,2.230769230769231,0.8416289592760181
2026-01-01 08:00:00,T7,109,155,539,25,7,8,0,1,3,0,296,0.02364864864864865,1.820945945945946,0.4527027027027027
2026-01-01 08:05:00,T8,662,19,1021,16,2,8,5,1,3,0,699,0.002861230329041488,1.4606580829756795,0.9699570815450643
2026-01-01 08:10:00,T9,398,78,704,44,2,8,10,1,3,0,522,0.0038314176245210726,1.3486590038314177,0.8467432950191571
2026-01-01 08:15:00,T3,353,202,1109,104,11,8,15,1,3,0,670,0.016417910447761194,1.655223880597015,0.682089552238806
2026-01-01 08:20:00,T4,622,155,1100,10,0,8,20,1,3,0,787,0.0,1.3977128335451081,0.8030495552731893
2026-01-01 08:25:00,T5,175,49,396,220,7,8,25,1,3,0,451,0.015521064301552107,0.8780487804878049,0.8758314855875832
2026-01-01 08:30:00,T7,164,164,779,86,1,8,30,1,3,0,415,0.0024096385542168677,1.8771084337349397,0.6024096385542169
2026-01-01 08:35:00,T9,558,202,1078,197,16,8,35,1,3,0,973,0.01644398766700925,1.1079136690647482,0.775950668036999
2026-01-01 08:40:00,T5,65,143,522,192,8,8,40,1,3,0,408,0.0196078431372549,1.2794117647058822,0.6299019607843137
2026-01-01 08:45:00,T9,132,234,317,169,17,8,45,1,3,0,552,0.030797101449275364,0.5742753623188406,0.5452898550724637
2026-01-01 08:50:00,T5,683,26,723,153,12,8,50,1,3,0,874,0.013729977116704805,0.8272311212814645,0.9565217391304348
2026-01-01 08:55:00,T5,464,276,671,115,1,8,55,1,3,0,856,0.0011682242990654205,0.7838785046728972,0.6764018691588785
2026-01-01 09:00:00,T6,156,23,664,204,20,9,0,1,3,0,403,0.04962779156327544,1.6476426799007444,0.8933002481389578
2026-01-01 09:05:00,T8,206,194,367,181,8,9,5,1,3,0,589,0.013582342954159592,0.6230899830220713,0.6570458404074703
2026-01-01 09:10:00,T9,184,225,566,244,18,9,10,1,3,0,671,0.026825633383010434,0.8435171385991058,0.6378539493293591
2026-01-01 09:15:00,T7,523,10,684,206,17,9,15,1,3,0,756,0.022486772486772486,0.9047619047619048,0.9642857142857143
2026-01-01 09:20:00,T2,101,101,258,32,8,9,20,1,3,0,242,0.03305785123966942,1.0661157024793388,0.5495867768595041
2026-01-01 09:25:00,T2,107,83,1013,55,3,9,25,1,3,0,248,0.012096774193548387,4.084677419354839,0.6532258064516129
2026-01-01 09:30:00,T10,274,68,363,241,6,9,30,1,3,0,589,0.010186757215619695,0.6162988115449916,0.8743633276740238
2026-01-01 09:35:00,T9,91,257,1167,7,18,9,35,1,3,0,373,0.04825737265415549,3.128686327077748,0.26273458445040215
2026-01-01 09:40:00,T2,122,212,914,195,18,9,40,1,3,0,547,0.03290676416819013,1.6709323583180986,0.5795246800731262
2026-01-01 09:45:00,T6,618,177,1042,45,16,9,45,1,3,0,856,0.018691588785046728,1.2172897196261683,0.7745327102803738
2026-01-01 09:50:00,T2,485,261,1004,207,13,9,50,1,3,0,966,0.013457556935817806,1.0393374741200827,0.7163561076604554
2026-01-01 09:55:00,T4,686,202,700,75,15,9,55,1,3,0,978,0.015337423312883436,0.7157464212678937,0.778118609406953
2026-01-01 10:00:00,T5,46,299,65,69,19,10,0,1,3,0,433,0.04387990762124711,0.15011547344110854,0.26558891454965355
2026-01-01 10:05:00,T10,192,247,913,12,18,10,5,1,3,0,469,0.03837953091684435,1.9466950959488274,0.4349680170575693
2026-01-01 10:10:00,T1,421,158,1107,155,17,10,10,1,3,0,751,0.022636484687083888,1.474034620505992,0.7669773635153129
2026-01-01 10:15:00,T1,351,80,533,160,11,10,15,1,3,0,602,0.018272425249169437,0.8853820598006644,0.8488372093023255
2026-01-01 10:20:00,T1,573,42,1185,172,9,10,20,1,3,0,796,0.011306532663316583,1.4886934673366834,0.9359296482412061
2026-01-01 10:25:00,T6,453,154,328,143,6,10,25,1,3,0,756,0.007936507936507936,0.43386243386243384,0.7883597883597884
2026-01-01 10:30:00,T1,476,277,923,110,15,10,30,1,3,0,878,0.017084282460136675,1.05125284738041,0.6674259681093394
2026-01-01 10:35:00,T8,23,142,731,218,13,10,35,1,3,0,396,0.03282828282828283,1.845959595959596,0.6085858585858586
2026-01-01 10:40:00,T10,247,158,1109,230,9,10,40,1,3,0,644,0.013975155279503106,1.7220496894409938,0.7406832298136646
2026-01-01 10:45:00,T2,695,170,1150,138,8,10,45,1,3,0,1011,0.00791295746785361,1.1374876360039565,0.8239366963402571
2026-01-01 10:50:00,T6,595,73,464,121,5,10,50,1,3,0,794,0.006297229219143577,0.5843828715365239,0.9017632241813602
2026-01-01 10:55:00,T2,463,176,404,138,5,10,55,1,3,0,782,0.00639386189258312,0.5166240409207161,0.768542199488491
2026-01-01 11:00:00,T4,229,234,637,178,17,11,0,1,3,0,658,0.025835866261398176,0.9680851063829787,0.6185410334346505
2026-01-01 11:05:00,T1,63,262,340,127,20,11,5,1,3,0,472,0.0423728813559322,0.7203389830508474,0.4025423728813559
2026-01-01 11:10:00,T2,531,52,967,39,3,11,10,1,3,0,625,0.0048,1.5472,0.912
2026-01-01 11:15:00,T10,518,278,1110,38,18,11,15,1,3,0,852,0.02112676056338028,1.3028169014084507,0.6525821596244131
2026-01-01 11:20:00,T10,555,36,955,228,9,11,20,1,3,0,828,0.010869565217391304,1.1533816425120773,0.9456521739130435
2026-01-01 11:25:00,T3,540,124,312,181,3,11,25,1,3,0,848,0.003537735849056604,0.36792452830188677,0.8502358490566038
2026-01-01 11:30:00,T3,477,86,880,53,16,11,30,1,3,0,632,0.02531645569620253,1.3924050632911393,0.8386075949367089
2026-01-01 11:35:00,T9,517,255,71,79,3,11,35,1,3,0,854,0.00351288056206089,0.08313817330210772,0.6978922716627635
2026-01-01 11:40:00,T3,183,156,334,54,0,11,40,1,3,0,393,0.0,0.8498727735368957,0.6030534351145038
2026-01-01 11:45:00,T5,647,134,438,183,5,11,45,1,3,0,969,0.005159958720330237,0.4520123839009288,0.8565531475748194
2026-01-01 11:50:00,T2,658,68,453,12,5,11,50,1,3,0,743,0.006729475100942127,0.6096904441453567,0.901749663526245
2026-01-01 11:55:00,T8,449,202,300,164,5,11,55,1,3,0,820,0.006097560975609756,0.36585365853658536,0.7475609756097561
2026-01-01 12:00:00,T8,489,293,110,96,7,12,0,1,3,0,885,0.007909604519774011,0.12429378531073447,0.6610169491525424
2026-01-01 12:05:00,T3,493,167,495,241,19,12,5,1,3,0,920,0.020652173913043477,0.5380434782608695,0.7978260869565217
2026-01-01 12:10:00,T6,691,127,944,48,5,12,10,1,3,0,871,0.0057405281285878304,1.0838117106773824,0.8484500574052812
2026-01-01 12:15:00,T7,379,58,648,100,18,12,15,1,3,0,555,0.032432432432432434,1.1675675675675676,0.863063063063063
2026-01-01 12:20:00,T1,206,197,575,141,1,12,20,1,3,0,545,0.001834862385321101,1.055045871559633,0.636697247706422
2026-01-01 12:25:00,T3,241,296,1018,73,15,12,25,1,3,0,625,0.024,1.6288,0.5024
2026-01-01 12:30:00,T1,462,210,1146,153,4,12,30,1,3,0,829,0.0048250904704463205,1.3823884197828709,0.7418576598311218
2026-01-01 12:35:00,T5,691,178,923,209,16,12,35,1,3,0,1094,0.014625228519195612,0.8436928702010968,0.8226691042047533
2026-01-01 12:40:00,T1,467,86,498,36,1,12,40,1,3,0,590,0.001694915254237288,0.8440677966101695,0.8525423728813559
2026-01-01 12:45:00,T1,692,256,942,141,4,12,45,1,3,0,1093,0.0036596523330283625,0.8618481244281794,0.7621225983531564
2026-01-01 12:50:00,T9,518,108,613,121,10,12,50,1,3,0,757,0.013210039630118891,0.809775429326288,0.8441215323645971
2026-01-01 12:55:00,T9,551,287,857,75,16,12,55,1,3,0,929,0.017222820236813777,0.922497308934338,0.673842841765339
2026-01-01 13:00:00,T9,504,285,142,153,20,13,0,1,3,0,962,0.02079002079002079,0.14760914760914762,0.682952182952183
2026-01-01 13:05:00,T8,411,131,397,242,2,13,5,1,3,0,786,0.002544529262086514,0.5050890585241731,0.8307888040712468
2026-01-01 13:10:00,T3,531,254,961,36,20,13,10,1,3,0,841,0.023781212841854936,1.1426872770511296,0.6741973840665874
2026-01-01 13:15:00,T8,550,243,589,14,20,13,15,1,3,0,827,0.02418379685610641,0.7122128174123338,0.6819830713422007
2026-01-01 13:20:00,T5,57,23,351,246,13,13,20,1,3,0,339,0.038348082595870206,1.0353982300884956,0.8938053097345132
2026-01-01 13:25:00,T7,412,174,287,144,14,13,25,1,3,0,744,0.01881720430107527,0.385752688172043,0.7473118279569892
2026-01-01 13:30:00,T6,140,276,107,155,0,13,30,1,3,0,571,0.0,0.18739054290718038,0.5166374781085814
2026-01-01 13:35:00,T4,64,239,880,103,13,13,35,1,3,0,419,0.031026252983293555,2.100238663484487,0.39856801909307876
2026-01-01 13:40:00,T9,138,131,276,98,15,13,40,1,3,0,382,0.03926701570680628,0.7225130890052356,0.6178010471204188
2026-01-01 13:45:00,T2,519,239,946,134,8,13,45,1,3,0,900,0.008888888888888889,1.051111111111111,0.7255555555555555
2026-01-01 13:50:00,T3,224,233,958,204,18,13,50,1,3,0,679,0.026509572901325478,1.410898379970545,0.6303387334315169
2026-01-01 13:55:00,T1,638,236,73,14,5,13,55,1,3,0,893,0.005599104143337066,0.08174692049272117,0.7301231802911534
2026-01-01 14:00:00,T2,495,117,210,149,17,14,0,1,3,0,778,0.021850899742930592,0.2699228791773779,0.8277634961439588
2026-01-01 14:05:00,T1,22,33,580,199,4,14,5,1,3,0,258,0.015503875968992248,2.248062015503876,0.8565891472868217
2026-01-01 14:10:00,T10,611,51,400,247,15,14,10,1,3,0,924,0.016233766233766232,0.4329004329004329,0.9285714285714286
2026-01-01 14:15:00,T7,605,207,740,113,3,14,15,1,3,0,928,0.003232758620689655,0.7974137931034483,0.7737068965517241
2026-01-01 14:20:00,T1,115,97,520,49,0,14,20,1,3,0,261,0.0,1.9923371647509578,0.6283524904214559
2026-01-01 14:25:00,T5,112,108,691,205,17,14,25,1,3,0,442,0.038461538461538464,1.5633484162895928,0.7171945701357466
2026-01-01 14:30:00,T2,71,115,1003,82,7,14,30,1,3,0,275,0.025454545454545455,3.6472727272727274,0.5563636363636364
2026-01-01 14:35:00,T2,617,159,192,229,20,14,35,1,3,0,1025,0.01951219512195122,0.1873170731707317,0.8253658536585365
2026-01-01 14:40:00,T3,673,75,117,130,6,14,40,1,3,0,884,0.006787330316742082,0.1323529411764706,0.9083710407239819
2026-01-01 14:45:00,T10,357,193,965,148,15,14,45,1,3,0,713,0.021037868162692847,1.35343618513324,0.7082748948106592
2026-01-01 14:50:00,T8,490,194,417,178,6,14,50,1,3,0,868,0.0069124423963133645,0.4804147465437788,0.7695852534562212
2026-01-01 14:55:00,T8,674,66,945,31,19,14,55,1,3,0,790,0.024050632911392405,1.1962025316455696,0.8924050632911392
2026-01-01 15:00:00,T2,302,142,729,113,7,15,0,1,3,0,564,0.012411347517730497,1.2925531914893618,0.7358156028368794
2026-01-01 15:05:00,T7,35,26,648,43,18,15,5,1,3,0,122,0.14754098360655737,5.311475409836065,0.639344262295082
2026-01-01 15:10:00,T6,599,178,190,56,8,15,10,1,3,0,841,0.009512485136741973,0.2259215219976219,0.7788347205707491
2026-01-01 15:15:00,T6,448,155,331,88,15,15,15,1,3,0,706,0.021246458923512748,0.4688385269121813,0.7592067988668555
2026-01-01 15:20:00,T10,434,108,840,48,11,15,20,1,3,0,601,0.018302828618968387,1.3976705490848587,0.8019966722129783
2026-01-01 15:25:00,T8,79,25,839,45,0,15,25,1,3,0,149,0.0,5.630872483221476,0.8322147651006712
2026-01-01 15:30:00,T2,133,230,285,90,8,15,30,1,3,0,461,0.01735357917570499,0.6182212581344902,0.4837310195227766
2026-01-01 15:35:00,T3,454,271,85,110,0,15,35,1,3,0,835,0.0,0.10179640718562874,0.6754491017964072
2026-01-01 15:40:00,T7,128,109,532,247,13,15,40,1,3,0,497,0.026156941649899398,1.0704225352112675,0.7545271629778671
2026-01-01 15:45:00,T1,386,169,485,154,15,15,45,1,3,0,724,0.020718232044198894,0.669889502762431,0.7458563535911602
2026-01-01 15:50:00,T6,673,236,1046,162,17,15,50,1,3,0,1088,0.015625,0.9613970588235294,0.7674632352941176
2026-01-01 15:55:00,T2,64,121,707,128,1,15,55,1,3,0,314,0.0031847133757961785,2.251592356687898,0.6114649681528662
2026-01-01 16:00:00,T2,374,185,1040,84,17,16,0,1,3,0,660,0.025757575757575757,1.5757575757575757,0.693939393939394
2026-01-01 16:05:00,T7,655,19,115,11,18,16,5,1,3,0,703,0.025604551920341393,0.16358463726884778,0.9473684210526315
2026-01-01 16:10:00,T8,700,121,407,69,2,16,10,1,3,0,892,0.002242152466367713,0.4562780269058296,0.8621076233183856
2026-01-01 16:15:00,T9,557,220,83,21,7,16,15,1,3,0,805,0.008695652173913044,0.1031055900621118,0.7180124223602484
2026-01-01 16:20:00,T10,198,271,1148,226,1,16,20,1,3,0,696,0.0014367816091954023,1.6494252873563218,0.6091954022988506
2026-01-01 16:25:00,T4,531,35,799,62,2,16,25,1,3,0,630,0.0031746031746031746,1.2682539682539682,0.9412698412698413
2026-01-01 16:30:00,T5,437,34,1037,152,14,16,30,1,3,0,637,0.02197802197802198,1.6279434850863421,0.9246467817896389
2026-01-01 16:35:00,T7,105,283,982,65,13,16,35,1,3,0,466,0.027896995708154508,2.107296137339056,0.3648068669527897
2026-01-01 16:40:00,T10,88,271,796,114,2,16,40,1,3,0,475,0.004210526315789474,1.6757894736842105,0.42526315789473684
2026-01-01 16:45:00,T6,465,254,474,156,15,16,45,1,3,0,890,0.016853932584269662,0.5325842696629214,0.697752808988764
2026-01-01 16:50:00,T8,336,270,1186,5,2,16,50,1,3,0,613,0.0032626427406199023,1.934747145187602,0.5562805872756933
2026-01-01 16:55:00,T9,335,108,512,141,18,16,55,1,3,0,602,0.029900332225913623,0.8504983388704319,0.7906976744186046
2026-01-01 17:00:00,T1,45,232,682,212,17,17,0,1,3,0,506,0.03359683794466403,1.3478260869565217,0.5079051383399209
2026-01-01 17:05:00,T1,661,256,847,176,18,17,5,1,3,0,1111,0.016201620162016202,0.7623762376237624,0.7533753375337534
2026-01-01 17:10:00,T5,209,104,635,199,14,17,10,1,3,0,526,0.026615969581749048,1.2072243346007605,0.7756653992395437
2026-01-01 17:15:00,T8,619,211,117,86,17,17,15,1,3,0,933,0.01822079314040729,0.12540192926045016,0.7556270096463023
2026-01-01 17:20:00,T6,178,228,696,170,5,17,20,1,3,0,581,0.008605851979345954,1.197934595524957,0.5989672977624785
2026-01-01 17:25:00,T3,327,155,899,144,4,17,25,1,3,0,630,0.006349206349206349,1.426984126984127,0.7476190476190476
2026-01-01 17:30:00,T10,542,144,1187,148,12,17,30,1,3,0,846,0.014184397163120567,1.4030732860520094,0.8156028368794326
2026-01-01 17:35:00,T2,683,141,930,191,9,17,35,1,3,0,1024,0.0087890625,0.908203125,0.853515625
2026-01-01 17:40:00,T1,532,292,1001,46,18,17,40,1,3,0,888,0.02027027027027027,1.1272522522522523,0.6509009009009009
2026-01-01 17:45:00,T4,138,288,321,93,12,17,45,1,3,0,531,0.022598870056497175,0.6045197740112994,0.4350282485875706
2026-01-01 17:50:00,T4,457,21,393,230,5,17,50,1,3,0,713,0.0070126227208976155,0.5511921458625526,0.9635343618513323
2026-01-01 17:55:00,T8,218,113,247,14,5,17,55,1,3,0,350,0.014285714285714285,0.7057142857142857,0.6628571428571428
2026-01-01 18:00:00,T10,363,82,882,221,10,18,0,1,3,0,676,0.014792899408284023,1.3047337278106508,0.863905325443787
2026-01-01 18:05:00,T10,694,22,920,172,15,18,5,1,3,0,903,0.016611295681063124,1.0188261351052048,0.9590254706533776
2026-01-01 18:10:00,T8,645,91,310,250,4,18,10,1,3,0,990,0.00404040404040404,0.31313131313131315,0.9040404040404041
2026-01-01 18:15:00,T7,419,48,242,139,3,18,15,1,3,0,609,0.0049261083743842365,0.3973727422003284,0.916256157635468
2026-01-01 18:20:00,T4,335,169,238,32,6,18,20,1,3,0,542,0.01107011070110701,0.43911439114391143,0.6771217712177122
2026-01-01 18:25:00,T1,208,224,745,81,13,18,25,1,3,0,526,0.024714828897338403,1.4163498098859315,0.5494296577946768
2026-01-01 18:30:00,T1,526,130,427,76,7,18,30,1,3,0,739,0.009472259810554804,0.577807848443843,0.8146143437077131
2026-01-01 18:35:00,T2,629,285,383,126,3,18,35,1,3,0,1043,0.0028763183125599234,0.36720997123681687,0.7238734419942474
2026-01-01 18:40:00,T9,526,185,51,141,15,18,40,1,3,0,867,0.01730103806228374,0.058823529411764705,0.7693194925028836
2026-01-01 18:45:00,T5,40,256,420,228,1,18,45,1,3,0,525,0.0019047619047619048,0.8,0.5104761904761905
2026-01-01 18:50:00,T3,317,182,1123,41,16,18,50,1,3,0,556,0.02877697841726619,2.0197841726618706,0.6438848920863309
2026-01-01 18:55:00,T9,101,177,1022,45,19,18,55,1,3,0,342,0.05555555555555555,2.9883040935672516,0.4269005847953216
2026-01-01 19:00:00,T2,69,209,995,14,17,19,0,1,3,0,309,0.05501618122977346,3.220064724919094,0.2686084142394822
2026-01-01 19:05:00,T8,589,98,311,59,12,19,5,1,3,0,758,0.0158311345646438,0.4102902374670185,0.8548812664907651
2026-01-01 19:10:00,T5,143,157,451,54,19,19,10,1,3,0,373,0.05093833780160858,1.2091152815013404,0.5281501340482574
2026-01-01 19:15:00,T3,697,127,174,226,14,19,15,1,3,0,1064,0.013157894736842105,0.16353383458646617,0.8674812030075187
2026-01-01 19:20:00,T4,686,192,602,119,5,19,20,1,3,0,1002,0.00499001996007984,0.6007984031936128,0.8033932135728543
2026-01-01 19:25:00,T4,314,199,1192,92,3,19,25,1,3,0,608,0.004934210526315789,1.9605263157894737,0.6677631578947368
2026-01-01 19:30:00,T2,571,32,1166,103,5,19,30,1,3,0,711,0.007032348804500703,1.639943741209564,0.9479606188466948
2026-01-01 19:35:00,T7,420,156,997,104,0,19,35,1,3,0,680,0.0,1.4661764705882352,0.7705882352941177
2026-01-01 19:40:00,T8,644,176,846,102,10,19,40,1,3,0,932,0.01072961373390558,0.907725321888412,0.8004291845493562
2026-01-01 19:45:00,T2,556,215,748,163,9,19,45,1,3,0,943,0.009544008483563097,0.7932131495227995,0.7624602332979852
2026-01-01 19:50:00,T10,202,126,745,198,1,19,50,1,3,0,527,0.0018975332068311196,1.413662239089184,0.7590132827324478
2026-01-01 19:55:00,T5,373,230,95,144,20,19,55,1,3,0,767,0.02607561929595828,0.12385919165580182,0.6740547588005215
2026-01-01 20:00:00,T1,668,33,413,198,9,20,0,1,3,0,908,0.009911894273127754,0.45484581497797355,0.9537444933920705
2026-01-01 20:05:00,T5,79,29,1198,229,5,20,5,1,3,0,342,0.014619883040935672,3.502923976608187,0.9005847953216374
2026-01-01 20:10:00,T10,487,73,700,98,5,20,10,1,3,0,663,0.007541478129713424,1.0558069381598794,0.8823529411764706
2026-01-01 20:15:00,T9,633,125,1144,171,7,20,15,1,3,0,936,0.007478632478632479,1.2222222222222223,0.8589743589743589
2026-01-01 20:20:00,T8,626,256,974,216,17,20,20,1,3,0,1115,0.015246636771300448,0.873542600896861,0.7551569506726458
2026-01-01 20:25:00,T10,128,35,384,104,20,20,25,1,3,0,287,0.06968641114982578,1.3379790940766552,0.8083623693379791
2026-01-01 20:30:00,T1,576,298,147,237,13,20,30,1,3,0,1124,0.011565836298932384,0.1307829181494662,0.7233096085409253
2026-01-01 20:35:00,T8,616,113,1168,77,11,20,35,1,3,0,817,0.01346389228886169,1.4296205630354957,0.8482252141982864
2026-01-01 20:40:00,T4,225,49,709,222,15,20,40,1,3,0,511,0.029354207436399216,1.3874755381604698,0.8747553816046967
2026-01-01 20:45:00,T3,49,204,860,243,19,20,45,1,3,0,515,0.036893203883495145,1.6699029126213591,0.566990291262136
2026-01-01 20:50:00,T3,406,85,340,20,2,20,50,1,3,0,513,0.003898635477582846,0.6627680311890838,0.8304093567251462
2026-01-01 20:55:00,T8,686,24,1150,250,18,20,55,1,3,0,978,0.018404907975460124,1.1758691206543967,0.9570552147239264
2026-01-01 21:00:00,T2,689,246,629,228,1,21,0,1,3,0,1164,0.000859106529209622,0.5403780068728522,0.7878006872852233
2026-01-01 21:05:00,T9,603,93,182,30,7,21,5,1,3,0,733,0.009549795361527967,0.24829467939972716,0.8635743519781719
2026-01-01 21:10:00,T3,590,281,737,94,14,21,10,1,3,0,979,0.014300306435137897,0.7528089887640449,0.6986721144024515
2026-01-01 21:15:00,T2,174,193,382,106,3,21,15,1,3,0,476,0.0063025210084033615,0.8025210084033614,0.5882352941176471
2026-01-01 21:20:00,T5,638,208,341,176,17,21,20,1,3,0,1039,0.016361886429258902,0.32820019249278154,0.7834456207892204
2026-01-01 21:25:00,T8,293,100,134,27,6,21,25,1,3,0,426,0.014084507042253521,0.3145539906103286,0.7511737089201878
2026-01-01 21:30:00,T9,131,52,932,227,12,21,30,1,3,0,422,0.02843601895734597,2.2085308056872037,0.8483412322274881
2026-01-01 21:35:00,T2,116,127,1133,137,14,21,35,1,3,0,394,0.03553299492385787,2.8756345177664975,0.6421319796954315
2026-01-01 21:40:00,T6,670,28,588,202,3,21,40,1,3,0,903,0.0033222591362126247,0.6511627906976745,0.9656699889258029
2026-01-01 21:45:00,T9,416,151,678,70,8,21,45,1,3,0,645,0.012403100775193798,1.0511627906976744,0.7534883720930232
2026-01-01 21:50:00,T4,356,141,1188,25,10,21,50,1,3,0,532,0.018796992481203006,2.2330827067669174,0.7161654135338346
2026-01-01 21:55:00,T1,400,245,499,250,14,21,55,1,3,0,909,0.015401540154015401,0.5489548954895489,0.7150715071507151
2026-01-01 22:00:00,T8,273,276,741,63,20,22,0,1,3,0,632,0.03164556962025317,1.1724683544303798,0.5316455696202531
2026-01-01 22:05:00,T7,412,233,1119,26,5,22,5,1,3,0,676,0.0073964497041420114,1.6553254437869822,0.6479289940828402
2026-01-01 22:10:00,T4,163,295,914,155,16,22,10,1,3,0,629,0.025437201907790145,1.4531001589825119,0.505564387917329
2026-01-01 22:15:00,T8,302,137,214,9,15,22,15,1,3,0,463,0.032397408207343416,0.46220302375809935,0.67170626349892
2026-01-01 22:20:00,T7,31,44,428,201,3,22,20,1,3,0,279,0.010752688172043012,1.5340501792114696,0.8315412186379928
2026-01-01 22:25:00,T7,287,28,987,111,15,22,25,1,3,0,441,0.034013605442176874,2.238095238095238,0.9024943310657596
2026-01-01 22:30:00,T2,416,296,171,214,14,22,30,1,3,0,940,0.014893617021276596,0.1819148936170213,0.6702127659574468
2026-01-01 22:35:00,T4,635,268,147,33,19,22,35,1,3,0,955,0.019895287958115182,0.15392670157068064,0.6994764397905759
2026-01-01 22:40:00,T10,99,203,945,150,17,22,40,1,3,0,469,0.03624733475479744,2.014925373134328,0.5309168443496801
2026-01-01 22:45:00,T4,258,126,228,78,15,22,45,1,3,0,477,0.031446540880503145,0.4779874213836478,0.7044025157232704
2026-01-01 22:50:00,T8,645,108,1193,40,11,22,50,1,3,0,804,0.013681592039800995,1.4838308457711442,0.8519900497512438
2026-01-01 22:55:00,T1,419,49,859,239,13,22,55,1,3,0,720,0.018055555555555554,1.1930555555555555,0.9138888888888889
2026-01-01 23:00:00,T7,374,106,1008,46,10,23,0,1,3,0,536,0.018656716417910446,1.8805970149253732,0.7835820895522388
2026-01-01 23:05:00,T1,415,226,756,153,2,23,5,1,3,0,796,0.002512562814070352,0.949748743718593,0.7135678391959799
2026-01-01 23:10:00,T6,588,184,422,225,2,23,10,1,3,0,999,0.002002002002002002,0.42242242242242245,0.8138138138138138
2026-01-01 23:15:00,T7,297,43,592,176,12,23,15,1,3,0,528,0.022727272727272728,1.121212121212121,0.8958333333333334
2026-01-01 23:20:00,T9,410,13,301,126,5,23,20,1,3,0,554,0.009025270758122744,0.5433212996389891,0.9675090252707581
2026-01-01 23:25:00,T5,74,19,347,235,10,23,25,1,3,0,338,0.029585798816568046,1.0266272189349113,0.9142011834319527
2026-01-01 23:30:00,T2,109,85,370,55,2,23,30,1,3,0,251,0.00796812749003984,1.4741035856573705,0.6533864541832669
2026-01-01 23:35:00,T7,25,21,328,71,14,23,35,1,3,0,131,0.10687022900763359,2.50381679389313,0.732824427480916
2026-01-01 23:40:00,T8,332,273,294,223,14,23,40,1,3,0,842,0.0166270783847981,0.3491686460807601,0.6591448931116389
2026-01-01 23:45:00,T10,610,44,665,15,7,23,45,1,3,0,676,0.010355029585798817,0.9837278106508875,0.9245562130177515
2026-01-01 23:50:00,T8,187,268,644,26,6,23,50,1,3,0,487,0.012320328542094456,1.322381930184805,0.43737166324435317
2026-01-01 23:55:00,T9,269,219,380,232,5,23,55,1,3,0,725,0.006896551724137931,0.5241379310344828,0.6910344827586207
2026-01-02 00:00:00,T5,692,141,401,62,20,0,0,2,4,0,915,0.02185792349726776,0.4382513661202186,0.8240437158469945
2026-01-02 00:05:00,T10,251,272,93,153,4,0,5,2,4,0,680,0.0058823529411764705,0.13676470588235295,0.5941176470588235
2026-01-02 00:10:00,T4,492,23,872,190,10,0,10,2,4,0,715,0.013986013986013986,1.2195804195804196,0.9538461538461539
2026-01-02 00:15:00,T7,439,118,224,14,10,0,15,2,4,0,581,0.01721170395869191,0.3855421686746988,0.7796901893287436
2026-01-02 00:20:00,T1,142,223,333,225,20,0,20,2,4,0,610,0.03278688524590164,0.5459016393442623,0.601639344262295
2026-01-02 00:25:00,T1,385,125,1178,36,19,0,25,2,4,0,565,0.033628318584070796,2.0849557522123896,0.7451327433628319
2026-01-02 00:30:00,T10,227,164,665,23,7,0,30,2,4,0,421,0.0166270783847981,1.5795724465558194,0.5938242280285035
2026-01-02 00:35:00,T9,278,244,385,164,9,0,35,2,4,0,695,0.012949640287769784,0.5539568345323741,0.6359712230215827
2026-01-02 00:40:00,T4,404,66,889,161,0,0,40,2,4,0,631,0.0,1.4088748019017432,0.8954041204437401
2026-01-02 00:45:00,T4,95,217,513,244,19,0,45,2,4,0,575,0.03304347826086956,0.8921739130434783,0.5895652173913043
2026-01-02 00:50:00,T8,638,134,916,221,4,0,50,2,4,0,997,0.004012036108324975,0.9187562688064193,0.8615847542627884
2026-01-02 00:55:00,T2,74,103,82,25,11,0,55,2,4,0,213,0.051643192488262914,0.38497652582159625,0.4647887323943662
2026-01-02 01:00:00,T5,42,274,409,51,8,1,0,2,4,0,375,0.021333333333333333,1.0906666666666667,0.248
2026-01-02 01:05:00,T9,670,75,906,219,7,1,5,2,4,0,971,0.007209062821833162,0.933058702368692,0.9155509783728115
2026-01-02 01:10:00,T4,158,235,602,146,7,1,10,2,4,0,546,0.01282051282051282,1.1025641025641026,0.5567765567765568
2026-01-02 01:15:00,T9,555,149,459,152,2,1,15,2,4,0,858,0.002331002331002331,0.534965034965035,0.824009324009324
2026-01-02 01:20:00,T9,686,48,1062,77,7,1,20,2,4,0,818,0.008557457212713936,1.2982885085574571,0.9327628361858191
2026-01-02 01:25:00,T10,166,20,1140,31,14,1,25,2,4,0,231,0.06060606060606061,4.935064935064935,0.8528138528138528
2026-01-02 01:30:00,T5,311,262,534,217,2,1,30,2,4,0,792,0.0025252525252525255,0.6742424242424242,0.6666666666666666
2026-01-02 01:35:00,T5,98,278,1196,190,6,1,35,2,4,0,572,0.01048951048951049,2.090909090909091,0.5034965034965035
2026-01-02 01:40:00,T1,677,240,844,70,7,1,40,2,4,0,994,0.007042253521126761,0.8490945674044266,0.7515090543259557
2026-01-02 01:45:00,T6,98,77,360,26,15,1,45,2,4,0,216,0.06944444444444445,1.6666666666666667,0.5740740740740741
2026-01-02 01:50:00,T7,633,82,649,95,3,1,50,2,4,0,813,0.0036900369003690036,0.7982779827798278,0.8954489544895449
2026-01-02 01:55:00,T5,489,25,374,131,17,1,55,2,4,0,662,0.0256797583081571,0.5649546827794562,0.9365558912386707
2026-01-02 02:00:00,T4,674,150,198,128,20,2,0,2,4,0,972,0.0205761316872428,0.2037037037037037,0.8251028806584362
2026-01-02 02:05:00,T9,405,200,976,185,4,2,5,2,4,0,794,0.005037783375314861,1.2292191435768263,0.743073047858942
2026-01-02 02:10:00,T6,263,205,1034,149,14,2,10,2,4,0,631,0.022187004754358162,1.6386687797147386,0.652931854199683
2026-01-02 02:15:00,T8,44,133,387,44,11,2,15,2,4,0,232,0.04741379310344827,1.668103448275862,0.3793103448275862
2026-01-02 02:20:00,T1,29,166,504,129,8,2,20,2,4,0,332,0.024096385542168676,1.5180722891566265,0.4759036144578313
2026-01-02 02:25:00,T3,564,211,445,235,7,2,25,2,4,0,1017,0.00688298918387414,0.43756145526057033,0.7856440511307768
2026-01-02 02:30:00,T2,549,254,812,242,7,2,30,2,4,0,1052,0.006653992395437262,0.7718631178707225,0.7519011406844106
2026-01-02 02:35:00,T4,95,124,131,158,17,2,35,2,4,0,394,0.04314720812182741,0.33248730964467005,0.6421319796954315
2026-01-02 02:40:00,T5,233,258,417,127,4,2,40,2,4,0,622,0.006430868167202572,0.6704180064308681,0.5787781350482315
2026-01-02 02:45:00,T4,572,197,89,40,12,2,45,2,4,0,821,0.014616321559074299,0.10840438489646773,0.7454323995127893
2026-01-02 02:50:00,T8,56,162,240,88,14,2,50,2,4,0,320,0.04375,0.75,0.45
2026-01-02 02:55:00,T1,605,175,365,38,9,2,55,2,4,0,827,0.010882708585247884,0.44135429262394194,0.777509068923821
2026-01-02 03:00:00,T2,646,90,695,113,6,3,0,2,4,0,855,0.007017543859649123,0.8128654970760234,0.887719298245614
2026-01-02 03:05:00,T7,324,93,709,229,16,3,5,2,4,0,662,0.02416918429003021,1.0709969788519638,0.8353474320241692
2026-01-02 03:10:00,T10,550,108,1181,209,16,3,10,2,4,0,883,0.01812004530011325,1.3374858437146093,0.8595696489241224
2026-01-02 03:15:00,T8,454,40,898,15,8,3,15,2,4,0,517,0.015473887814313346,1.736943907156673,0.90715667311412
2026-01-02 03:20:00,T3,598,140,1108,199,3,3,20,2,4,0,940,0.0031914893617021275,1.1787234042553192,0.847872340425532
2026-01-02 03:25:00,T7,624,157,659,63,18,3,25,2,4,0,862,0.02088167053364269,0.7645011600928074,0.796983758700696
2026-01-02 03:30:00,T2,505,65,512,110,3,3,30,2,4,0,683,0.004392386530014641,0.7496339677891655,0.9004392386530015
2026-01-02 03:35:00,T4,331,265,148,249,16,3,35,2,4,0,861,0.018583042973286876,0.1718931475029036,0.6736353077816493
2026-01-02 03:40:00,T3,486,147,442,124,6,3,40,2,4,0,763,0.007863695937090432,0.5792922673656619,0.799475753604194
2026-01-02 03:45:00,T6,76,12,730,85,16,3,45,2,4,0,189,0.08465608465608465,3.8624338624338623,0.8518518518518519
2026-01-02 03:50:00,T1,366,228,736,46,5,3,50,2,4,0,645,0.007751937984496124,1.1410852713178294,0.6387596899224807
2026-01-02 03:55:00,T6,543,75,1080,213,0,3,55,2,4,0,831,0.0,1.2996389891696751,0.9097472924187726
2026-01-02 04:00:00,T2,484,111,65,67,20,4,0,2,4,0,682,0.02932551319648094,0.09530791788856305,0.8079178885630498
2026-01-02 04:05:00,T6,165,29,178,174,6,4,5,2,4,0,374,0.016042780748663103,0.47593582887700536,0.9064171122994652
2026-01-02 04:10:00,T9,25,84,135,177,19,4,10,2,4,0,305,0.06229508196721312,0.4426229508196721,0.6622950819672131
2026-01-02 04:15:00,T5,439,234,1054,161,18,4,15,2,4,0,852,0.02112676056338028,1.2370892018779343,0.704225352112676
2026-01-02 04:20:00,T2,646,83,980,152,0,4,20,2,4,0,881,0.0,1.112372304199773,0.905788876276958
2026-01-02 04:25:00,T9,488,206,461,33,1,4,25,2,4,0,728,0.0013736263736263737,0.6332417582417582,0.7156593406593407
2026-01-02 04:30:00,T3,464,140,784,133,1,4,30,2,4,0,738,0.0013550135501355014,1.062330623306233,0.8089430894308943
2026-01-02 04:35:00,T9,364,49,171,175,3,4,35,2,4,0,591,0.005076142131979695,0.2893401015228426,0.9120135363790186
2026-01-02 04:40:00,T3,237,284,1067,128,9,4,40,2,4,0,658,0.013677811550151976,1.621580547112462,0.5547112462006079
2026-01-02 04:45:00,T7,688,246,112,95,2,4,45,2,4,0,1031,0.0019398642095053346,0.10863239573229874,0.7594568380213385
2026-01-02 04:50:00,T9,97,42,649,47,18,4,50,2,4,0,204,0.08823529411764706,3.1813725490196076,0.7058823529411765
2026-01-02 04:55:00,T5,150,197,1181,245,15,4,55,2,4,0,607,0.02471169686985173,1.9456342668863262,0.6507413509060955
2026-01-02 05:00:00,T6,627,170,524,23,17,5,0,2,4,0,837,0.02031063321385902,0.6260454002389486,0.7765830346475507
2026-01-02 05:05:00,T4,369,74,972,126,19,5,5,2,4,0,588,0.03231292517006803,1.653061224489796,0.8418367346938775
2026-01-02 05:10:00,T6,539,183,376,37,6,5,10,2,4,0,765,0.00784313725490196,0.4915032679738562,0.7529411764705882
2026-01-02 05:15:00,T5,159,283,985,113,2,5,15,2,4,0,557,0.003590664272890485,1.7684021543985637,0.4883303411131059
2026-01-02 05:20:00,T9,225,123,1160,71,7,5,20,2,4,0,426,0.01643192488262911,2.723004694835681,0.6948356807511737
2026-01-02 05:25:00,T10,91,70,1036,247,19,5,25,2,4,0,427,0.04449648711943794,2.4262295081967213,0.7915690866510539
2026-01-02 05:30:00,T8,176,85,53,243,14,5,30,2,4,0,518,0.02702702702702703,0.10231660231660232,0.8088803088803089
2026-01-02 05:35:00,T4,610,132,831,23,4,5,35,2,4,0,769,0.005201560468140442,1.0806241872561768,0.823146944083225
2026-01-02 05:40:00,T1,308,185,186,20,16,5,40,2,4,0,529,0.030245746691871456,0.3516068052930057,0.6200378071833649
2026-01-02 05:45:00,T1,473,194,1003,142,16,5,45,2,4,0,825,0.019393939393939394,1.2157575757575758,0.7454545454545455
2026-01-02 05:50:00,T7,192,136,648,37,14,5,50,2,4,0,379,0.036939313984168866,1.7097625329815302,0.604221635883905
2026-01-02 05:55:00,T9,679,69,982,51,8,5,55,2,4,0,807,0.009913258983890954,1.2168525402726147,0.9045848822800495
2026-01-02 06:00:00,T9,540,296,559,102,2,6,0,2,4,0,940,0.002127659574468085,0.5946808510638298,0.6829787234042554
2026-01-02 06:05:00,T6,350,192,824,87,16,6,5,2,4,0,645,0.024806201550387597,1.2775193798449613,0.6775193798449612
2026-01-02 06:10:00,T4,652,60,655,200,10,6,10,2,4,0,922,0.010845986984815618,0.710412147505423,0.9240780911062907
2026-01-02 06:15:00,T1,652,122,809,139,19,6,15,2,4,0,932,0.0203862660944206,0.8680257510729614,0.8487124463519313
2026-01-02 06:20:00,T10,506,10,471,133,15,6,20,2,4,0,664,0.022590361445783132,0.7093373493975904,0.9623493975903614
2026-01-02 06:25:00,T4,584,178,1157,78,14,6,25,2,4,0,854,0.01639344262295082,1.35480093676815,0.775175644028103
2026-01-02 06:30:00,T9,168,212,458,79,20,6,30,2,4,0,479,0.04175365344467641,0.9561586638830898,0.5156576200417536
2026-01-02 06:35:00,T10,538,119,1093,157,20,6,35,2,4,0,834,0.023980815347721823,1.3105515587529977,0.8333333333333334
2026-01-02 06:40:00,T6,335,10,1013,83,19,6,40,2,4,0,447,0.042505592841163314,2.266219239373602,0.9351230425055929
2026-01-02 06:45:00,T10,545,84,817,35,19,6,45,2,4,0,683,0.027818448023426062,1.1961932650073206,0.849194729136164
2026-01-02 06:50:00,T8,185,88,542,160,3,6,50,2,4,0,436,0.006880733944954129,1.2431192660550459,0.7912844036697247
2026-01-02 06:55:00,T6,514,142,590,223,16,6,55,2,4,0,895,0.017877094972067038,0.659217877094972,0.823463687150838
2026-01-02 07:00:00,T10,289,268,704,215,19,7,0,2,4,0,791,0.02402022756005057,0.8900126422250316,0.6371681415929203
2026-01-02 07:05:00,T8,668,139,1143,101,1,7,5,2,4,0,909,0.0011001100110011,1.2574257425742574,0.845984598459846
2026-01-02 07:10:00,T4,89,268,527,38,1,7,10,2,4,0,396,0.0025252525252525255,1.3308080808080809,0.3207070707070707
2026-01-02 07:15:00,T1,274,72,205,21,0,7,15,2,4,0,367,0.0,0.55858310626703,0.8038147138964578
2026-01-02 07:20:00,T1,628,206,1128,7,17,7,20,2,4,0,858,0.019813519813519812,1.3146853146853146,0.7400932400932401
2026-01-02 07:25:00,T6,99,217,946,205,14,7,25,2,4,0,535,0.026168224299065422,1.7682242990654207,0.5682242990654206
2026-01-02 07:30:00,T7,151,265,283,123,14,7,30,2,4,0,553,0.02531645569620253,0.5117540687160941,0.49547920433996384
2026-01-02 07:35:00,T6,122,233,732,44,9,7,35,2,4,0,408,0.022058823529411766,1.7941176470588236,0.4068627450980392
2026-01-02 07:40:00,T8,72,232,431,144,11,7,40,2,4,0,459,0.023965141612200435,0.9389978213507625,0.47058823529411764
2026-01-02 07:45:00,T10,473,25,473,101,10,7,45,2,4,0,609,0.016420361247947456,0.7766830870279147,0.9425287356321839
2026-01-02 07:50:00,T7,499,50,587,74,6,7,50,2,4,0,629,0.009538950715421303,0.9332273449920508,0.9109697933227345
2026-01-02 07:55:00,T3,352,187,737,79,17,7,55,2,4,0,635,0.026771653543307086,1.1606299212598425,0.6787401574803149
2026-01-02 08:00:00,T6,466,44,957,104,0,8,0,2,4,0,614,0.0,1.5586319218241043,0.9283387622149837
2026-01-02 08:05:00,T9,584,213,673,90,13,8,5,2,4,0,900,0.014444444444444444,0.7477777777777778,0.7488888888888889
2026-01-02 08:10:00,T1,146,111,1094,169,17,8,10,2,4,0,443,0.03837471783295711,2.469525959367946,0.7110609480812641
2026-01-02 08:15:00,T8,491,265,513,29,16,8,15,2,4,0,801,0.019975031210986267,0.6404494382022472,0.6491885143570537
2026-01-02 08:20:00,T4,403,185,59,160,4,8,20,2,4,0,752,0.005319148936170213,0.07845744680851063,0.7486702127659575
2026-01-02 08:25:00,T5,230,128,531,8,9,8,25,2,4,0,375,0.024,1.416,0.6346666666666667
2026-01-02 08:30:00,T4,146,49,698,203,13,8,30,2,4,0,411,0.031630170316301706,1.6982968369829683,0.8491484184914841
2026-01-02 08:35:00,T10,601,55,833,210,17,8,35,2,4,0,883,0.01925254813137033,0.9433748584371461,0.9184597961494904
2026-01-02 08:40:00,T2,362,260,117,71,1,8,40,2,4,0,694,0.001440922190201729,0.1685878962536023,0.6239193083573487
2026-01-02 08:45:00,T6,338,67,991,7,8,8,45,2,4,0,420,0.01904761904761905,2.3595238095238096,0.8214285714285714
2026-01-02 08:50:00,T2,54,288,151,209,17,8,50,2,4,0,568,0.02992957746478873,0.2658450704225352,0.4630281690140845
2026-01-02 08:55:00,T3,463,61,178,176,9,8,55,2,4,0,709,0.012693935119887164,0.25105782792665726,0.9012693935119888
2026-01-02 09:00:00,T7,85,258,683,57,2,9,0,2,4,0,402,0.004975124378109453,1.699004975124378,0.35323383084577115
2026-01-02 09:05:00,T10,325,251,59,160,13,9,5,2,4,0,749,0.017356475300400534,0.0787716955941255,0.6475300400534045
2026-01-02 09:10:00,T4,371,89,94,20,0,9,10,2,4,0,480,0.0,0.19583333333333333,0.8145833333333333
2026-01-02 09:15:00,T9,673,210,1118,30,16,9,15,2,4,0,929,0.017222820236813777,1.2034445640473628,0.7567276641550054
2026-01-02 09:20:00,T5,405,64,1149,140,6,9,20,2,4,0,615,0.00975609756097561,1.8682926829268294,0.8861788617886179
2026-01-02 09:25:00,T4,188,36,293,17,15,9,25,2,4,0,256,0.05859375,1.14453125,0.80078125
2026-01-02 09:30:00,T3,596,162,533,72,16,9,30,2,4,0,846,0.018912529550827423,0.6300236406619385,0.789598108747045
2026-01-02 09:35:00,T9,159,235,879,61,12,9,35,2,4,0,467,0.02569593147751606,1.8822269807280514,0.47109207708779444
2026-01-02 09:40:00,T6,225,166,106,121,16,9,40,2,4,0,528,0.030303030303030304,0.20075757575757575,0.6553030303030303
2026-01-02 09:45:00,T4,249,262,300,73,13,9,45,2,4,0,597,0.021775544388609715,0.5025125628140703,0.5393634840871022
2026-01-02 09:50:00,T6,56,231,175,113,13,9,50,2,4,0,413,0.031476997578692496,0.423728813559322,0.4092009685230024
2026-01-02 09:55:00,T10,347,46,1183,202,14,9,55,2,4,0,609,0.022988505747126436,1.9425287356321839,0.9014778325123153
2026-01-02 10:00:00,T3,424,137,91,14,20,10,0,2,4,0,595,0.03361344537815126,0.15294117647058825,0.7361344537815127
2026-01-02 10:05:00,T10,105,234,1198,107,11,10,5,2,4,0,457,0.024070021881838075,2.6214442013129102,0.4638949671772429
2026-01-02 10:10:00,T8,425,117,798,152,14,10,10,2,4,0,708,0.01977401129943503,1.1271186440677967,0.8149717514124294
2026-01-02 10:15:00,T10,407,92,444,165,20,10,15,2,4,0,684,0.029239766081871343,0.6491228070175439,0.8362573099415205
2026-01-02 10:20:00,T8,443,192,139,66,13,10,20,2,4,0,714,0.018207282913165267,0.19467787114845939,0.7128851540616247
2026-01-02 10:25:00,T6,663,156,1044,106,16,10,25,2,4,0,941,0.01700318809776833,1.1094580233793836,0.8172157279489904
2026-01-02 10:30:00,T2,85,289,615,39,15,10,30,2,4,0,428,0.035046728971962614,1.4369158878504673,0.2897196261682243
2026-01-02 10:35:00,T6,141,48,248,47,0,10,35,2,4,0,236,0.0,1.0508474576271187,0.7966101694915254
2026-01-02 10:40:00,T7,73,202,605,161,15,10,40,2,4,0,451,0.03325942350332594,1.3414634146341464,0.5188470066518847
2026-01-02 10:45:00,T8,133,82,602,120,3,10,45,2,4,0,338,0.008875739644970414,1.7810650887573964,0.7485207100591716
2026-01-02 10:50:00,T7,527,282,602,86,13,10,50,2,4,0,908,0.014317180616740088,0.6629955947136564,0.6751101321585903
2026-01-02 10:55:00,T9,558,69,232,160,4,10,55,2,4,0,791,0.0050568900126422255,0.29329962073324906,0.9077117572692794
2026-01-02 11:00:00,T3,331,142,97,48,18,11,0,2,4,0,539,0.03339517625231911,0.17996289424860853,0.7031539888682746
2026-01-02 11:05:00,T4,24,266,474,29,10,11,5,2,4,0,329,0.030395136778115502,1.4407294832826747,0.16109422492401215
2026-01-02 11:10:00,T7,463,161,402,195,1,11,10,2,4,0,820,0.0012195121951219512,0.4902439024390244,0.802439024390244
2026-01-02 11:15:00,T8,204,156,94,72,8,11,15,2,4,0,440,0.01818181818181818,0.21363636363636362,0.6272727272727273
2026-01-02 11:20:00,T8,659,103,399,117,5,11,20,2,4,0,884,0.005656108597285068,0.4513574660633484,0.8778280542986425
2026-01-02 11:25:00,T1,371,84,964,109,11,11,25,2,4,0,575,0.019130434782608695,1.6765217391304348,0.8347826086956521
2026-01-02 11:30:00,T4,130,179,460,91,2,11,30,2,4,0,402,0.004975124378109453,1.144278606965174,0.5497512437810945
2026-01-02 11:35:00,T6,621,299,793,216,10,11,35,2,4,0,1146,0.008726003490401396,0.6919720767888308,0.7303664921465969
2026-01-02 11:40:00,T7,582,246,545,60,1,11,40,2,4,0,889,0.0011248593925759281,0.6130483689538808,0.7221597300337458
2026-01-02 11:45:00,T2,679,244,80,240,3,11,45,2,4,0,1166,0.002572898799313894,0.0686106346483705,0.7881646655231561
2026-01-02 11:50:00,T7,146,278,244,184,19,11,50,2,4,0,627,0.030303030303030304,0.38915470494417864,0.5263157894736842
2026-01-02 11:55:00,T10,497,239,1183,199,12,11,55,2,4,0,947,0.012671594508975714,1.249208025343189,0.7349524815205913
2026-01-02 12:00:00,T4,268,276,721,84,12,12,0,2,4,0,640,0.01875,1.1265625,0.55
2026-01-02 12:05:00,T6,100,190,965,101,19,12,5,2,4,0,410,0.046341463414634146,2.3536585365853657,0.4902439024390244
2026-01-02 12:10:00,T4,173,182,990,125,19,12,10,2,4,0,499,0.03807615230460922,1.9839679358717435,0.5971943887775552
2026-01-02 12:15:00,T5,661,215,58,108,9,12,15,2,4,0,993,0.00906344410876133,0.05840886203423968,0.7744209466263847
2026-01-02 12:20:00,T6,105,76,300,154,12,12,20,2,4,0,347,0.0345821325648415,0.8645533141210374,0.7463976945244957
2026-01-02 12:25:00,T6,554,196,537,66,15,12,25,2,4,0,831,0.018050541516245487,0.6462093862815884,0.7460890493381468
2026-01-02 12:30:00,T3,674,210,391,147,14,12,30,2,4,0,1045,0.013397129186602871,0.3741626794258373,0.785645933014354
2026-01-02 12:35:00,T1,317,300,234,249,17,12,35,2,4,0,883,0.01925254813137033,0.2650056625141563,0.6409966024915063
2026-01-02 12:40:00,T3,435,96,627,245,12,12,40,2,4,0,788,0.015228426395939087,0.7956852791878173,0.8629441624365483
2026-01-02 12:45:00,T8,409,197,747,49,7,12,45,2,4,0,662,0.010574018126888218,1.1283987915407856,0.6918429003021148
2026-01-02 12:50:00,T9,220,191,855,14,1,12,50,2,4,0,426,0.002347417840375587,2.007042253521127,0.5492957746478874
2026-01-02 12:55:00,T9,181,159,472,52,5,12,55,2,4,0,397,0.012594458438287154,1.1889168765743072,0.5869017632241813
2026-01-02 13:00:00,T5,594,26,1099,51,8,13,0,2,4,0,679,0.011782032400589101,1.6185567010309279,0.9499263622974963
2026-01-02 13:05:00,T1,589,75,621,221,2,13,5,2,4,0,887,0.002254791431792559,0.7001127395715896,0.9131905298759865
2026-01-02 13:10:00,T1,301,141,327,201,1,13,10,2,4,0,644,0.0015527950310559005,0.5077639751552795,0.7795031055900621
2026-01-02 13:15:00,T4,356,120,1139,8,14,13,15,2,4,0,498,0.028112449799196786,2.28714859437751,0.7309236947791165
2026-01-02 13:20:00,T10,254,299,611,68,0,13,20,2,4,0,621,0.0,0.9838969404186796,0.5185185185185185
2026-01-02 13:25:00,T1,428,141,1055,132,12,13,25,2,4,0,713,0.016830294530154277,1.4796633941093968,0.7854137447405329
2026-01-02 13:30:00,T2,505,187,815,197,4,13,30,2,4,0,893,0.004479283314669653,0.9126539753639418,0.786114221724524
2026-01-02 13:35:00,T8,354,230,681,247,4,13,35,2,4,0,835,0.004790419161676647,0.8155688622754491,0.7197604790419162
2026-01-02 13:40:00,T7,125,66,1100,74,12,13,40,2,4,0,277,0.04332129963898917,3.9711191335740073,0.7184115523465704
2026-01-02 13:45:00,T9,316,22,932,16,2,13,45,2,4,0,356,0.0056179775280898875,2.6179775280898876,0.9325842696629213
2026-01-02 13:50:00,T4,539,125,814,64,4,13,50,2,4,0,732,0.00546448087431694,1.1120218579234973,0.8237704918032787
2026-01-02 13:55:00,T1,489,37,558,208,16,13,55,2,4,0,750,0.021333333333333333,0.744,0.9293333333333333
2026-01-02 14:00:00,T4,62,71,485,177,11,14,0,2,4,0,321,0.03426791277258567,1.5109034267912773,0.7445482866043613
2026-01-02 14:05:00,T10,173,204,589,206,12,14,5,2,4,0,595,0.020168067226890758,0.9899159663865547,0.6369747899159663
2026-01-02 14:10:00,T4,606,27,114,25,14,14,10,2,4,0,672,0.020833333333333332,0.16964285714285715,0.9389880952380952
2026-01-02 14:15:00,T3,380,135,863,64,1,14,15,2,4,0,580,0.0017241379310344827,1.4879310344827585,0.7655172413793103
2026-01-02 14:20:00,T1,257,51,701,104,6,14,20,2,4,0,418,0.014354066985645933,1.6770334928229664,0.8636363636363636
2026-01-02 14:25:00,T2,370,68,919,66,19,14,25,2,4,0,523,0.036328871892925434,1.75717017208413,0.8336520076481836
2026-01-02 14:30:00,T6,272,54,845,70,18,14,30,2,4,0,414,0.043478260869565216,2.0410628019323673,0.8260869565217391
2026-01-02 14:35:00,T4,562,294,135,17,1,14,35,2,4,0,874,0.0011441647597254005,0.15446224256292906,0.6624713958810069
2026-01-02 14:40:00,T4,677,70,604,56,18,14,40,2,4,0,821,0.02192448233861145,0.7356881851400731,0.8928136419001218
2026-01-02 14:45:00,T4,317,202,242,234,3,14,45,2,4,0,756,0.003968253968253968,0.3201058201058201,0.7288359788359788
2026-01-02 14:50:00,T4,558,207,924,216,9,14,50,2,4,0,990,0.00909090909090909,0.9333333333333333,0.7818181818181819
2026-01-02 14:55:00,T5,373,21,676,128,7,14,55,2,4,0,529,0.013232514177693762,1.277882797731569,0.947069943289225
2026-01-02 15:00:00,T6,333,101,664,185,12,15,0,2,4,0,631,0.01901743264659271,1.05229793977813,0.820919175911252
2026-01-02 15:05:00,T2,379,130,1170,149,6,15,5,2,4,0,664,0.009036144578313253,1.7620481927710843,0.7951807228915663
2026-01-02 15:10:00,T9,649,249,689,44,8,15,10,2,4,0,950,0.008421052631578947,0.7252631578947368,0.7294736842105263
2026-01-02 15:15:00,T9,656,60,606,117,13,15,15,2,4,0,846,0.015366430260047281,0.7163120567375887,0.9137115839243499
2026-01-02 15:20:00,T9,339,79,678,59,14,15,20,2,4,0,491,0.028513238289205704,1.3808553971486761,0.8105906313645621
2026-01-02 15:25:00,T3,145,60,872,143,20,15,25,2,4,0,368,0.05434782608695652,2.369565217391304,0.782608695652174
2026-01-02 15:30:00,T3,277,27,256,109,18,15,30,2,4,0,431,0.04176334106728538,0.5939675174013921,0.8955916473317865
2026-01-02 15:35:00,T9,625,83,1128,116,10,15,35,2,4,0,834,0.011990407673860911,1.3525179856115108,0.8884892086330936
2026-01-02 15:40:00,T4,194,97,567,33,15,15,40,2,4,0,339,0.04424778761061947,1.6725663716814159,0.6696165191740413
2026-01-02 15:45:00,T5,626,17,1101,209,14,15,45,2,4,0,866,0.016166281755196306,1.2713625866050808,0.964203233256351
2026-01-02 15:50:00,T1,23,132,546,177,6,15,50,2,4,0,338,0.01775147928994083,1.6153846153846154,0.591715976331361
2026-01-02 15:55:00,T2,493,24,626,87,20,15,55,2,4,0,624,0.03205128205128205,1.0032051282051282,0.9294871794871795
2026-01-02 16:00:00,T4,457,78,156,31,20,16,0,2,4,0,586,0.034129692832764506,0.26621160409556316,0.8327645051194539
2026-01-02 16:05:00,T2,378,120,276,171,2,16,5,2,4,0,671,0.0029806259314456036,0.4113263785394933,0.8181818181818182
2026-01-02 16:10:00,T1,481,188,215,110,2,16,10,2,4,0,781,0.002560819462227913,0.2752880921895006,0.7567221510883483
2026-01-02 16:15:00,T8,44,112,386,183,10,16,15,2,4,0,349,0.02865329512893983,1.1060171919770774,0.6504297994269341
2026-01-02 16:20:00,T2,172,126,224,148,5,16,20,2,4,0,451,0.011086474501108648,0.49667405764966743,0.7095343680709535
2026-01-02 16:25:00,T8,307,281,537,118,12,16,25,2,4,0,718,0.016713091922005572,0.7479108635097493,0.5919220055710307
2026-01-02 16:30:00,T4,247,237,860,174,17,16,30,2,4,0,675,0.025185185185185185,1.2740740740740741,0.6237037037037036
2026-01-02 16:35:00,T3,381,50,441,119,5,16,35,2,4,0,555,0.009009009009009009,0.7945945945945946,0.9009009009009009
2026-01-02 16:40:00,T7,292,90,981,138,16,16,40,2,4,0,536,0.029850746268656716,1.830223880597015,0.8022388059701493
2026-01-02 16:45:00,T2,101,267,1184,156,2,16,45,2,4,0,526,0.0038022813688212928,2.2509505703422055,0.48859315589353614
2026-01-02 16:50:00,T6,603,240,597,194,8,16,50,2,4,0,1045,0.007655502392344498,0.5712918660287082,0.7626794258373206
2026-01-02 16:55:00,T10,482,294,262,127,9,16,55,2,4,0,912,0.009868421052631578,0.28728070175438597,0.6677631578947368
2026-01-02 17:00:00,T4,202,223,642,51,5,17,0,2,4,0,481,0.010395010395010396,1.3347193347193347,0.525987525987526
2026-01-02 17:05:00,T2,445,101,507,148,14,17,5,2,4,0,708,0.01977401129943503,0.7161016949152542,0.8375706214689266
2026-01-02 17:10:00,T9,480,175,595,118,3,17,10,2,4,0,776,0.003865979381443299,0.7667525773195877,0.770618556701031
2026-01-02 17:15:00,T9,165,115,397,84,18,17,15,2,4,0,382,0.04712041884816754,1.0392670157068062,0.6518324607329843
2026-01-02 17:20:00,T1,228,83,170,8,17,17,20,2,4,0,336,0.050595238095238096,0.5059523809523809,0.7023809523809523
2026-01-02 17:25:00,T9,164,218,529,200,18,17,25,2,4,0,600,0.03,0.8816666666666667,0.6066666666666667
2026-01-02 17:30:00,T10,671,228,1016,46,5,17,30,2,4,0,950,0.005263157894736842,1.0694736842105264,0.7547368421052632
2026-01-02 17:35:00,T1,190,151,353,100,7,17,35,2,4,0,448,0.015625,0.7879464285714286,0.6473214285714286
2026-01-02 17:40:00,T8,542,145,937,206,6,17,40,2,4,0,899,0.006674082313681869,1.042269187986652,0.8320355951056729
2026-01-02 17:45:00,T1,563,171,253,152,9,17,45,2,4,0,895,0.01005586592178771,0.28268156424581004,0.7988826815642458
2026-01-02 17:50:00,T8,463,251,880,19,6,17,50,2,4,0,739,0.008119079837618403,1.1907983761840324,0.652232746955345
2026-01-02 17:55:00,T7,425,250,640,155,0,17,55,2,4,0,830,0.0,0.7710843373493976,0.6987951807228916
2026-01-02 18:00:00,T5,26,171,603,58,16,18,0,2,4,0,271,0.05904059040590406,2.225092250922509,0.30996309963099633
2026-01-02 18:05:00,T5,102,207,509,195,2,18,5,2,4,0,506,0.003952569169960474,1.0059288537549407,0.5869565217391305
2026-01-02 18:10:00,T8,194,117,180,199,16,18,10,2,4,0,526,0.030418250950570342,0.34220532319391633,0.747148288973384
2026-01-02 18:15:00,T2,650,73,762,186,19,18,15,2,4,0,928,0.020474137931034482,0.8211206896551724,0.9008620689655172
2026-01-02 18:20:00,T5,468,77,647,203,15,18,20,2,4,0,763,0.019659239842726082,0.8479685452162516,0.8794233289646134
2026-01-02 18:25:00,T8,455,113,203,77,13,18,25,2,4,0,658,0.019756838905775075,0.30851063829787234,0.8085106382978723
2026-01-02 18:30:00,T2,631,236,351,44,4,18,30,2,4,0,915,0.004371584699453552,0.3836065573770492,0.7377049180327869
2026-01-02 18:35:00,T5,383,212,1188,71,13,18,35,2,4,0,679,0.01914580265095729,1.7496318114874816,0.6686303387334315
2026-01-02 18:40:00,T6,699,217,569,216,12,18,40,2,4,0,1144,0.01048951048951049,0.4973776223776224,0.7998251748251748
2026-01-02 18:45:00,T10,108,241,376,103,20,18,45,2,4,0,472,0.0423728813559322,0.7966101694915254,0.4470338983050847
2026-01-02 18:50:00,T7,494,204,533,116,11,18,50,2,4,0,825,0.013333333333333334,0.6460606060606061,0.7393939393939394
2026-01-02 18:55:00,T9,588,57,206,34,14,18,55,2,4,0,693,0.020202020202020204,0.2972582972582973,0.8975468975468975
2026-01-02 19:00:00,T8,214,173,913,100,16,19,0,2,4,0,503,0.03180914512922465,1.8151093439363817,0.6242544731610338
2026-01-02 19:05:00,T7,269,59,232,106,14,19,5,2,4,0,448,0.03125,0.5178571428571429,0.8370535714285714
2026-01-02 19:10:00,T6,675,286,329,76,10,19,10,2,4,0,1047,0.009551098376313277,0.3142311365807068,0.7172874880611271
2026-01-02 19:15:00,T3,679,241,1113,174,3,19,15,2,4,0,1097,0.0027347310847766638,1.0145852324521423,0.7775752051048314
2026-01-02 19:20:00,T8,27,61,609,115,13,19,20,2,4,0,216,0.06018518518518518,2.8194444444444446,0.6574074074074074
2026-01-02 19:25:00,T8,287,238,273,161,6,19,25,2,4,0,692,0.008670520231213872,0.3945086705202312,0.6473988439306358
2026-01-02 19:30:00,T2,635,104,675,7,7,19,30,2,4,0,753,0.009296148738379814,0.896414342629482,0.852589641434263
2026-01-02 19:35:00,T5,524,206,254,7,6,19,35,2,4,0,743,0.008075370121130552,0.34185733512786004,0.7146702557200538
2026-01-02 19:40:00,T4,667,186,286,171,12,19,40,2,4,0,1036,0.011583011583011582,0.27606177606177607,0.8088803088803089
2026-01-02 19:45:00,T3,509,300,66,226,18,19,45,2,4,0,1053,0.017094017094017096,0.06267806267806268,0.698005698005698
2026-01-02 19:50:00,T6,267,48,540,42,9,19,50,2,4,0,366,0.02459016393442623,1.4754098360655739,0.8442622950819673
2026-01-02 19:55:00,T4,263,230,1067,37,12,19,55,2,4,0,542,0.02214022140221402,1.9686346863468636,0.5535055350553506
2026-01-02 20:00:00,T10,240,177,263,47,13,20,0,2,4,0,477,0.027253668763102725,0.5513626834381551,0.6016771488469602
2026-01-02 20:05:00,T6,661,48,577,5,13,20,5,2,4,0,727,0.017881705639614855,0.7936726272352133,0.9160935350756534
2026-01-02 20:10:00,T3,510,181,738,131,4,20,10,2,4,0,826,0.004842615012106538,0.8934624697336562,0.7760290556900726
2026-01-02 20:15:00,T9,606,193,614,70,15,20,15,2,4,0,884,0.016968325791855202,0.6945701357466063,0.7647058823529411
2026-01-02 20:20:00,T5,700,91,813,118,18,20,20,2,4,0,927,0.019417475728155338,0.8770226537216829,0.8824163969795038
2026-01-02 20:25:00,T4,460,37,684,231,2,20,25,2,4,0,730,0.0027397260273972603,0.936986301369863,0.9465753424657535
2026-01-02 20:30:00,T2,68,173,85,124,6,20,30,2,4,0,371,0.016172506738544475,0.22911051212938005,0.5175202156334232
2026-01-02 20:35:00,T9,609,233,1124,21,13,20,35,2,4,0,876,0.014840182648401826,1.2831050228310503,0.7191780821917808
2026-01-02 20:40:00,T7,594,287,781,208,0,20,40,2,4,0,1089,0.0,0.7171717171717171,0.736455463728191
2026-01-02 20:45:00,T10,654,38,153,244,19,20,45,2,4,0,955,0.019895287958115182,0.16020942408376965,0.9403141361256544
2026-01-02 20:50:00,T8,618,245,1023,76,0,20,50,2,4,0,939,0.0,1.0894568690095847,0.739084132055378
2026-01-02 20:55:00,T4,659,180,444,210,2,20,55,2,4,0,1051,0.0019029495718363464,0.4224548049476689,0.8268315889628924
2026-01-02 21:00:00,T5,645,211,669,139,4,21,0,2,4,0,999,0.004004004004004004,0.6696696696696697,0.7847847847847848
2026-01-02 21:05:00,T10,80,12,575,237,11,21,5,2,4,0,340,0.03235294117647059,1.6911764705882353,0.9323529411764706
2026-01-02 21:10:00,T1,667,196,426,241,11,21,10,2,4,0,1115,0.009865470852017937,0.3820627802690583,0.8143497757847533
2026-01-02 21:15:00,T8,431,67,835,36,14,21,15,2,4,0,548,0.025547445255474453,1.5237226277372262,0.8521897810218978
2026-01-02 21:20:00,T4,180,75,851,29,4,21,20,2,4,0,288,0.013888888888888888,2.954861111111111,0.7256944444444444
2026-01-02 21:25:00,T10,39,297,115,240,17,21,25,2,4,0,593,0.02866779089376054,0.19392917369308602,0.47048903878583476
2026-01-02 21:30:00,T4,450,268,122,172,0,21,30,2,4,0,890,0.0,0.13707865168539327,0.698876404494382
2026-01-02 21:35:00,T10,346,53,1010,19,11,21,35,2,4,0,429,0.02564102564102564,2.3543123543123543,0.8508158508158508
2026-01-02 21:40:00,T9,645,242,603,22,15,21,40,2,4,0,924,0.016233766233766232,0.6525974025974026,0.7218614718614719
2026-01-02 21:45:00,T2,596,32,564,162,9,21,45,2,4,0,799,0.011264080100125156,0.7058823529411765,0.9486858573216521
2026-01-02 21:50:00,T5,588,21,1111,238,13,21,50,2,4,0,860,0.015116279069767442,1.291860465116279,0.9604651162790697
2026-01-02 21:55:00,T6,509,17,876,46,12,21,55,2,4,0,584,0.02054794520547945,1.5,0.9503424657534246
2026-01-02 22:00:00,T3,447,155,881,5,16,22,0,2,4,0,623,0.025682182985553772,1.4141252006420546,0.7255216693418941
2026-01-02 22:05:00,T8,481,297,888,177,10,22,5,2,4,0,965,0.010362694300518135,0.9202072538860103,0.6818652849740933
2026-01-02 22:10:00,T5,592,47,353,174,11,22,10,2,4,0,824,0.013349514563106795,0.42839805825242716,0.9296116504854369
2026-01-02 22:15:00,T8,672,90,1113,194,14,22,15,2,4,0,970,0.01443298969072165,1.147422680412371,0.8927835051546392
2026-01-02 22:20:00,T7,467,35,1010,44,16,22,20,2,4,0,562,0.028469750889679714,1.7971530249110321,0.9092526690391459
2026-01-02 22:25:00,T8,441,15,959,86,15,22,25,2,4,0,557,0.026929982046678635,1.7217235188509874,0.9461400359066428
2026-01-02 22:30:00,T9,333,226,215,90,3,22,30,2,4,0,652,0.004601226993865031,0.32975460122699385,0.6487730061349694
2026-01-02 22:35:00,T5,502,257,1034,110,12,22,35,2,4,0,881,0.01362088535754824,1.17366628830874,0.6946651532349603
2026-01-02 22:40:00,T9,400,178,1158,86,15,22,40,2,4,0,679,0.022091310751104567,1.7054491899852724,0.7157584683357879
2026-01-02 22:45:00,T5,323,282,998,183,14,22,45,2,4,0,802,0.017456359102244388,1.2443890274314215,0.6309226932668329
2026-01-02 22:50:00,T7,315,61,431,177,0,22,50,2,4,0,553,0.0,0.779385171790235,0.8896925858951176
2026-01-02 22:55:00,T8,647,95,115,140,3,22,55,2,4,0,885,0.003389830508474576,0.12994350282485875,0.8892655367231639
2026-01-02 23:00:00,T6,63,223,204,199,20,23,0,2,4,0,505,0.039603960396039604,0.403960396039604,0.5188118811881188
2026-01-02 23:05:00,T4,267,271,94,123,2,23,5,2,4,0,663,0.0030165912518853697,0.14177978883861236,0.5882352941176471
2026-01-02 23:10:00,T2,445,223,793,149,13,23,10,2,4,0,830,0.01566265060240964,0.9554216867469879,0.7156626506024096
2026-01-02 23:15:00,T3,361,276,145,205,14,23,15,2,4,0,856,0.016355140186915886,0.169392523364486,0.6612149532710281
2026-01-02 23:20:00,T5,305,106,1129,219,2,23,20,2,4,0,632,0.0031645569620253164,1.7863924050632911,0.8291139240506329
2026-01-02 23:25:00,T3,224,262,235,78,17,23,25,2,4,0,581,0.029259896729776247,0.4044750430292599,0.5197934595524957
2026-01-02 23:30:00,T10,376,45,193,132,16,23,30,2,4,0,569,0.028119507908611598,0.3391915641476274,0.8927943760984183
2026-01-02 23:35:00,T8,149,170,886,16,13,23,35,2,4,0,348,0.03735632183908046,2.545977011494253,0.47413793103448276
2026-01-02 23:40:00,T1,470,167,471,98,14,23,40,2,4,0,749,0.018691588785046728,0.6288384512683578,0.7583444592790387
2026-01-02 23:45:00,T8,404,183,336,200,19,23,45,2,4,0,806,0.02357320099255583,0.41687344913151364,0.749379652605459
2026-01-02 23:50:00,T3,291,179,1041,200,14,23,50,2,4,0,684,0.02046783625730994,1.5219298245614035,0.7178362573099415
2026-01-02 23:55:00,T6,173,85,399,182,7,23,55,2,4,0,447,0.015659955257270694,0.8926174496644296,0.7941834451901566
2026-01-03 00:00:00,T4,487,285,1157,93,11,0,0,3,5,1,876,0.012557077625570776,1.3207762557077625,0.6621004566210046
2026-01-03 00:05:00,T7,657,45,325,118,1,0,5,3,5,1,821,0.001218026796589525,0.39585870889159563,0.9439707673568819
2026-01-03 00:10:00,T5,298,80,252,47,17,0,10,3,5,1,442,0.038461538461538464,0.5701357466063348,0.7805429864253394
2026-01-03 00:15:00,T1,472,233,115,41,1,0,15,3,5,1,747,0.0013386880856760374,0.1539491298527443,0.6867469879518072
2026-01-03 00:20:00,T3,62,131,329,184,11,0,20,3,5,1,388,0.028350515463917526,0.8479381443298969,0.634020618556701
2026-01-03 00:25:00,T3,567,297,770,243,16,0,25,3,5,1,1123,0.014247551202137132,0.6856634016028496,0.7212822796081924
2026-01-03 00:30:00,T1,35,252,1049,185,0,0,30,3,5,1,472,0.0,2.222457627118644,0.4661016949152542
2026-01-03 00:35:00,T8,455,71,86,152,0,0,35,3,5,1,678,0.0,0.12684365781710916,0.8952802359882006
2026-01-03 00:40:00,T9,633,228,301,52,3,0,40,3,5,1,916,0.0032751091703056767,0.32860262008733626,0.7478165938864629
2026-01-03 00:45:00,T8,520,113,1095,229,6,0,45,3,5,1,868,0.0069124423963133645,1.2615207373271888,0.8629032258064516
2026-01-03 00:50:00,T9,584,252,817,95,9,0,50,3,5,1,940,0.009574468085106383,0.8691489361702127,0.7223404255319149
2026-01-03 00:55:00,T5,405,283,1037,119,15,0,55,3,5,1,822,0.01824817518248175,1.2615571776155718,0.6374695863746959
2026-01-03 01:00:00,T1,497,60,733,144,1,1,0,3,5,1,702,0.0014245014245014246,1.0441595441595442,0.9131054131054132
2026-01-03 01:05:00,T5,635,167,319,101,11,1,5,3,5,1,914,0.012035010940919038,0.3490153172866521,0.8052516411378556
2026-01-03 01:10:00,T9,306,210,78,37,17,1,10,3,5,1,570,0.02982456140350877,0.1368421052631579,0.6017543859649123
2026-01-03 01:15:00,T10,316,271,393,81,9,1,15,3,5,1,677,0.013293943870014771,0.5805022156573116,0.5864106351550961
2026-01-03 01:20:00,T4,59,292,909,229,8,1,20,3,5,1,588,0.013605442176870748,1.5459183673469388,0.4897959183673469
2026-01-03 01:25:00,T5,166,117,413,97,12,1,25,3,5,1,392,0.030612244897959183,1.0535714285714286,0.6709183673469388
2026-01-03 01:30:00,T3,500,34,552,246,20,1,30,3,5,1,800,0.025,0.69,0.9325
2026-01-03 01:35:00,T10,121,71,316,96,20,1,35,3,5,1,308,0.06493506493506493,1.025974025974026,0.7045454545454546
2026-01-03 01:40:00,T2,259,117,64,155,4,1,40,3,5,1,535,0.007476635514018692,0.11962616822429907,0.7738317757009345
2026-01-03 01:45:00,T8,656,292,1005,28,9,1,45,3,5,1,985,0.009137055837563452,1.0203045685279188,0.6944162436548224
2026-01-03 01:50:00,T3,115,223,596,5,16,1,50,3,5,1,359,0.04456824512534819,1.66016713091922,0.3342618384401114
2026-01-03 01:55:00,T2,146,250,436,48,2,1,55,3,5,1,446,0.004484304932735426,0.9775784753363229,0.4349775784753363
2026-01-03 02:00:00,T10,62,81,546,52,7,2,0,3,5,1,202,0.034653465346534656,2.702970297029703,0.5643564356435643
2026-01-03 02:05:00,T10,405,239,994,84,17,2,5,3,5,1,745,0.022818791946308724,1.334228187919463,0.6563758389261745
2026-01-03 02:10:00,T10,152,42,1157,55,15,2,10,3,5,1,264,0.056818181818181816,4.382575757575758,0.7840909090909091
2026-01-03 02:15:00,T2,262,296,797,26,18,2,15,3,5,1,602,0.029900332225913623,1.323920265780731,0.47840531561461797
2026-01-03 02:20:00,T1,653,253,166,222,15,2,20,3,5,1,1143,0.013123359580052493,0.1452318460192476,0.7655293088363955
2026-01-03 02:25:00,T3,249,232,850,239,15,2,25,3,5,1,735,0.02040816326530612,1.1564625850340136,0.6639455782312925
2026-01-03 02:30:00,T7,558,209,990,172,17,2,30,3,5,1,956,0.01778242677824268,1.0355648535564854,0.7635983263598326
2026-01-03 02:35:00,T1,143,229,141,249,6,2,35,3,5,1,627,0.009569377990430622,0.22488038277511962,0.6251993620414673
2026-01-03 02:40:00,T2,574,28,945,187,9,2,40,3,5,1,798,0.011278195488721804,1.1842105263157894,0.9536340852130326
2026-01-03 02:45:00,T9,452,105,279,20,13,2,45,3,5,1,590,0.022033898305084745,0.4728813559322034,0.8
2026-01-03 02:50:00,T10,680,137,718,58,12,2,50,3,5,1,887,0.013528748590755355,0.8094701240135288,0.8320180383314544
2026-01-03 02:55:00,T1,411,287,437,107,1,2,55,3,5,1,806,0.0012406947890818859,0.5421836228287841,0.6426799007444168
2026-01-03 03:00:00,T9,143,252,610,76,14,3,0,3,5,1,485,0.0288659793814433,1.2577319587628866,0.4515463917525773
2026-01-03 03:05:00,T8,660,158,498,213,6,3,5,3,5,1,1037,0.0057859209257473485,0.4802314368370299,0.8418514946962391
2026-01-03 03:10:00,T5,642,12,209,99,1,3,10,3,5,1,754,0.001326259946949602,0.27718832891246686,0.9827586206896551
2026-01-03 03:15:00,T7,481,143,482,158,7,3,15,3,5,1,789,0.008871989860583017,0.6108998732572877,0.8098859315589354
2026-01-03 03:20:00,T10,161,111,500,119,5,3,20,3,5,1,396,0.012626262626262626,1.2626262626262625,0.7070707070707071
2026-01-03 03:25:00,T10,543,226,1095,126,0,3,25,3,5,1,895,0.0,1.223463687150838,0.7474860335195531
2026-01-03 03:30:00,T8,235,139,270,27,18,3,30,3,5,1,419,0.04295942720763723,0.6443914081145584,0.6252983293556086
2026-01-03 03:35:00,T5,235,118,557,185,20,3,35,3,5,1,558,0.035842293906810034,0.9982078853046595,0.7526881720430108
2026-01-03 03:40:00,T5,265,173,298,166,18,3,40,3,5,1,622,0.028938906752411574,0.4790996784565916,0.6929260450160771
2026-01-03 03:45:00,T5,465,48,1200,128,4,3,45,3,5,1,645,0.006201550387596899,1.8604651162790697,0.9193798449612403
2026-01-03 03:50:00,T6,183,114,953,155,13,3,50,3,5,1,465,0.02795698924731183,2.0494623655913977,0.7268817204301076
2026-01-03 03:55:00,T8,407,144,186,67,1,3,55,3,5,1,619,0.0016155088852988692,0.30048465266558966,0.7657512116316639
2026-01-03 04:00:00,T10,196,62,86,168,6,4,0,3,5,1,432,0.013888888888888888,0.19907407407407407,0.8425925925925926
2026-01-03 04:05:00,T5,403,33,364,159,20,4,5,3,5,1,615,0.032520325203252036,0.591869918699187,0.9138211382113821
2026-01-03 04:10:00,T9,220,285,528,77,9,4,10,3,5,1,591,0.015228426395939087,0.8934010152284264,0.5025380710659898
2026-01-03 04:15:00,T9,362,287,57,40,2,4,15,3,5,1,691,0.002894356005788712,0.0824891461649783,0.5817655571635311
2026-01-03 04:20:00,T2,69,115,353,16,3,4,20,3,5,1,203,0.014778325123152709,1.7389162561576355,0.4187192118226601
2026-01-03 04:25:00,T1,350,262,178,23,4,4,25,3,5,1,639,0.006259780907668232,0.27856025039123633,0.5837245696400626
2026-01-03 04:30:00,T1,28,169,408,154,14,4,30,3,5,1,365,0.038356164383561646,1.1178082191780823,0.4986301369863014
2026-01-03 04:35:00,T7,478,269,514,181,8,4,35,3,5,1,936,0.008547008547008548,0.5491452991452992,0.7040598290598291
2026-01-03 04:40:00,T6,326,118,153,219,9,4,40,3,5,1,672,0.013392857142857142,0.22767857142857142,0.8110119047619048
2026-01-03 04:45:00,T6,596,11,1192,201,4,4,45,3,5,1,812,0.0049261083743842365,1.4679802955665024,0.9815270935960592
2026-01-03 04:50:00,T5,475,11,1008,145,4,4,50,3,5,1,635,0.006299212598425197,1.5874015748031496,0.9763779527559056
2026-01-03 04:55:00,T4,71,199,830,109,15,4,55,3,5,1,394,0.03807106598984772,2.1065989847715736,0.45685279187817257
2026-01-03 05:00:00,T1,23,295,54,245,18,5,0,3,5,1,581,0.03098106712564544,0.09294320137693632,0.4612736660929432
2026-01-03 05:05:00,T3,275,221,245,149,15,5,5,3,5,1,660,0.022727272727272728,0.3712121212121212,0.6424242424242425
2026-01-03 05:10:00,T3,636,105,745,107,14,5,10,3,5,1,862,0.016241299303944315,0.8642691415313225,0.8619489559164734
2026-01-03 05:15:00,T7,319,289,276,138,17,5,15,3,5,1,763,0.022280471821756225,0.3617300131061599,0.598951507208388
2026-01-03 05:20:00,T2,601,138,1048,237,20,5,20,3,5,1,996,0.020080321285140562,1.0522088353413654,0.8413654618473896
2026-01-03 05:25:00,T8,442,226,441,240,15,5,25,3,5,1,923,0.016251354279523293,0.47778981581798485,0.7388949079089924
2026-01-03 05:30:00,T5,251,132,648,50,6,5,30,3,5,1,439,0.01366742596810934,1.4760820045558087,0.6856492027334852
2026-01-03 05:35:00,T3,97,48,1071,65,3,5,35,3,5,1,213,0.014084507042253521,5.028169014084507,0.7605633802816901
2026-01-03 05:40:00,T9,380,236,69,117,14,5,40,3,5,1,747,0.018741633199464525,0.09236947791164658,0.6653279785809906
2026-01-03 05:45:00,T7,504,49,280,179,15,5,45,3,5,1,747,0.020080321285140562,0.3748326639892905,0.9143239625167336
2026-01-03 05:50:00,T5,679,282,1066,90,0,5,50,3,5,1,1051,0.0,1.0142721217887727,0.7316841103710752
2026-01-03 05:55:00,T4,609,216,624,94,19,5,55,3,5,1,938,0.02025586353944563,0.6652452025586354,0.7494669509594882
2026-01-03 06:00:00,T9,401,205,335,163,15,6,0,3,5,1,784,0.01913265306122449,0.4272959183673469,0.7193877551020408
2026-01-03 06:05:00,T1,632,23,1027,146,18,6,5,3,5,1,819,0.02197802197802198,1.253968253968254,0.9499389499389499
2026-01-03 06:10:00,T7,325,158,214,200,8,6,10,3,5,1,691,0.011577424023154847,0.3096960926193922,0.7597684515195369
2026-01-03 06:15:00,T4,216,107,382,156,15,6,15,3,5,1,494,0.030364372469635626,0.7732793522267206,0.7530364372469636
2026-01-03 06:20:00,T10,485,280,1118,134,4,6,20,3,5,1,903,0.004429678848283499,1.2380952380952381,0.6854928017718716
2026-01-03 06:25:00,T3,89,108,1081,48,19,6,25,3,5,1,264,0.07196969696969698,4.09469696969697,0.5189393939393939
2026-01-03 06:30:00,T6,543,276,899,179,10,6,30,3,5,1,1008,0.00992063492063492,0.8918650793650794,0.7162698412698413
2026-01-03 06:35:00,T3,630,242,997,22,3,6,35,3,5,1,897,0.0033444816053511705,1.1114827201783724,0.7268673355629878
2026-01-03 06:40:00,T10,149,182,803,69,20,6,40,3,5,1,420,0.047619047619047616,1.911904761904762,0.5190476190476191
2026-01-03 06:45:00,T7,263,12,409,38,3,6,45,3,5,1,316,0.00949367088607595,1.2943037974683544,0.9525316455696202
2026-01-03 06:50:00,T3,631,137,528,120,18,6,50,3,5,1,906,0.019867549668874173,0.5827814569536424,0.8289183222958058
2026-01-03 06:55:00,T3,622,13,537,222,2,6,55,3,5,1,859,0.002328288707799767,0.6251455180442375,0.9825378346915018
2026-01-03 07:00:00,T9,645,227,330,131,9,7,0,3,5,1,1012,0.008893280632411068,0.32608695652173914,0.766798418972332
2026-01-03 07:05:00,T7,658,165,772,156,6,7,5,3,5,1,985,0.006091370558375634,0.783756345177665,0.8263959390862944
2026-01-03 07:10:00,T4,621,178,228,80,13,7,10,3,5,1,892,0.014573991031390135,0.2556053811659193,0.7858744394618834
2026-01-03 07:15:00,T3,38,86,218,86,8,7,15,3,5,1,218,0.03669724770642202,1.0,0.5688073394495413
2026-01-03 07:20:00,T5,216,276,304,48,0,7,20,3,5,1,540,0.0,0.562962962962963,0.4888888888888889
2026-01-03 07:25:00,T1,350,256,383,153,7,7,25,3,5,1,766,0.009138381201044387,0.5,0.6566579634464752
2026-01-03 07:30:00,T1,417,250,61,110,11,7,30,3,5,1,788,0.013959390862944163,0.07741116751269035,0.6687817258883249
2026-01-03 07:35:00,T2,652,46,747,173,0,7,35,3,5,1,871,0.0,0.8576349024110218,0.947187141216992
2026-01-03 07:40:00,T2,628,182,1036,198,18,7,40,3,5,1,1026,0.017543859649122806,1.0097465886939572,0.8050682261208577
2026-01-03 07:45:00,T1,342,195,887,15,5,7,45,3,5,1,557,0.008976660682226212,1.59245960502693,0.6409335727109515
2026-01-03 07:50:00,T5,312,283,55,5,11,7,50,3,5,1,611,0.01800327332242226,0.09001636661211129,0.5188216039279869
2026-01-03 07:55:00,T8,20,144,494,182,5,7,55,3,5,1,351,0.014245014245014245,1.4074074074074074,0.5754985754985755
2026-01-03 08:00:00,T3,515,266,173,35,16,8,0,3,5,1,832,0.019230769230769232,0.20793269230769232,0.6610576923076923
2026-01-03 08:05:00,T4,545,146,809,220,1,8,5,3,5,1,912,0.0010964912280701754,0.8870614035087719,0.8388157894736842
2026-01-03 08:10:00,T4,691,218,843,202,10,8,10,3,5,1,1121,0.008920606601248885,0.752007136485281,0.7966101694915254
2026-01-03 08:15:00,T9,141,184,537,27,20,8,15,3,5,1,372,0.053763440860215055,1.4435483870967742,0.45161290322580644
2026-01-03 08:20:00,T4,550,247,965,41,6,8,20,3,5,1,844,0.0071090047393364926,1.1433649289099526,0.7002369668246445
2026-01-03 08:25:00,T8,160,151,301,29,13,8,25,3,5,1,353,0.036827195467422094,0.8526912181303116,0.5354107648725213
2026-01-03 08:30:00,T3,149,271,295,205,10,8,30,3,5,1,635,0.015748031496062992,0.4645669291338583,0.5574803149606299
2026-01-03 08:35:00,T5,526,266,916,173,20,8,35,3,5,1,985,0.02030456852791878,0.9299492385786802,0.7096446700507614
2026-01-03 08:40:00,T2,82,279,1184,11,13,8,40,3,5,1,385,0.033766233766233764,3.0753246753246755,0.24155844155844156
2026-01-03 08:45:00,T10,282,14,1122,25,20,8,45,3,5,1,341,0.05865102639296188,3.2903225806451615,0.9002932551319648
2026-01-03 08:50:00,T9,273,33,571,159,10,8,50,3,5,1,475,0.021052631578947368,1.2021052631578948,0.9094736842105263
2026-01-03 08:55:00,T2,443,60,735,147,0,8,55,3,5,1,650,0.0,1.1307692307692307,0.9076923076923077
2026-01-03 09:00:00,T5,194,59,427,169,1,9,0,3,5,1,423,0.002364066193853428,1.0094562647754137,0.8581560283687943
2026-01-03 09:05:00,T5,300,99,982,92,9,9,5,3,5,1,500,0.018,1.964,0.784
2026-01-03 09:10:00,T6,629,35,1027,154,7,9,10,3,5,1,825,0.008484848484848486,1.2448484848484849,0.9490909090909091
2026-01-03 09:15:00,T6,690,117,217,143,20,9,15,3,5,1,970,0.020618556701030927,0.22371134020618558,0.8587628865979381
2026-01-03 09:20:00,T8,487,176,1005,22,3,9,20,3,5,1,688,0.00436046511627907,1.4607558139534884,0.7398255813953488
2026-01-03 09:25:00,T8,502,219,742,14,10,9,25,3,5,1,745,0.013422818791946308,0.9959731543624161,0.6926174496644295
2026-01-03 09:30:00,T10,69,234,163,62,12,9,30,3,5,1,377,0.03183023872679045,0.4323607427055703,0.34748010610079577
2026-01-03 09:35:00,T3,654,252,524,127,16,9,35,3,5,1,1049,0.015252621544327931,0.49952335557673977,0.7445185891325071
2026-01-03 09:40:00,T2,86,273,632,110,5,9,40,3,5,1,474,0.010548523206751054,1.3333333333333333,0.41350210970464135
2026-01-03 09:45:00,T3,655,91,1123,65,17,9,45,3,5,1,828,0.020531400966183576,1.356280193236715,0.8695652173913043
2026-01-03 09:50:00,T4,565,102,52,218,3,9,50,3,5,1,888,0.0033783783783783786,0.05855855855855856,0.8817567567567568
2026-01-03 09:55:00,T7,522,137,92,18,11,9,55,3,5,1,688,0.015988372093023256,0.13372093023255813,0.7848837209302325
2026-01-03 10:00:00,T6,202,250,281,27,4,10,0,3,5,1,483,0.008281573498964804,0.5817805383022774,0.474120082815735
2026-01-03 10:05:00,T10,363,173,184,96,12,10,5,3,5,1,644,0.018633540372670808,0.2857142857142857,0.7127329192546584
2026-01-03 10:10:00,T1,499,285,170,50,18,10,10,3,5,1,852,0.02112676056338028,0.19953051643192488,0.6443661971830986
2026-01-03 10:15:00,T6,505,192,1088,237,4,10,15,3,5,1,938,0.0042643923240938165,1.159914712153518,0.7910447761194029
2026-01-03 10:20:00,T6,660,26,1144,212,17,10,20,3,5,1,915,0.018579234972677595,1.2502732240437158,0.9530054644808743
2026-01-03 10:25:00,T9,609,84,981,50,19,10,25,3,5,1,762,0.024934383202099737,1.2874015748031495,0.8648293963254593
2026-01-03 10:30:00,T2,189,170,726,110,9,10,30,3,5,1,478,0.01882845188284519,1.5188284518828452,0.6255230125523012
2026-01-03 10:35:00,T2,421,156,239,93,9,10,35,3,5,1,679,0.013254786450662739,0.35198821796759944,0.7569955817378498
2026-01-03 10:40:00,T5,114,246,598,18,2,10,40,3,5,1,380,0.005263157894736842,1.5736842105263158,0.3473684210526316
2026-01-03 10:45:00,T9,147,118,68,10,5,10,45,3,5,1,280,0.017857142857142856,0.24285714285714285,0.5607142857142857
2026-01-03 10:50:00,T10,99,206,151,236,3,10,50,3,5,1,544,0.0055147058823529415,0.2775735294117647,0.6158088235294118
2026-01-03 10:55:00,T7,595,121,379,180,3,10,55,3,5,1,899,0.0033370411568409346,0.42157953281423804,0.8620689655172413
2026-01-03 11:00:00,T1,579,176,305,159,17,11,0,3,5,1,931,0.018259935553168637,0.3276047261009667,0.7926960257787325
2026-01-03 11:05:00,T6,430,232,1005,250,10,11,5,3,5,1,922,0.010845986984815618,1.0900216919739696,0.737527114967462
2026-01-03 11:10:00,T1,527,160,697,183,19,11,10,3,5,1,889,0.021372328458942633,0.7840269966254219,0.7986501687289089
2026-01-03 11:15:00,T2,161,12,437,193,14,11,15,3,5,1,380,0.03684210526315789,1.15,0.9315789473684211
2026-01-03 11:20:00,T2,272,235,747,172,14,11,20,3,5,1,693,0.020202020202020204,1.077922077922078,0.6406926406926406
2026-01-03 11:25:00,T9,621,193,289,77,7,11,25,3,5,1,898,0.0077951002227171495,0.321826280623608,0.77728285077951
2026-01-03 11:30:00,T7,503,81,219,91,8,11,30,3,5,1,683,0.01171303074670571,0.3206442166910688,0.8696925329428989
2026-01-03 11:35:00,T4,139,291,837,223,4,11,35,3,5,1,657,0.0060882800608828,1.273972602739726,0.5509893455098934
2026-01-03 11:40:00,T8,478,23,382,108,5,11,40,3,5,1,614,0.008143322475570033,0.6221498371335505,0.9543973941368078
2026-01-03 11:45:00,T2,465,120,417,76,9,11,45,3,5,1,670,0.013432835820895522,0.6223880597014926,0.8074626865671641
2026-01-03 11:50:00,T5,179,293,1084,28,18,11,50,3,5,1,518,0.03474903474903475,2.0926640926640925,0.3996138996138996
2026-01-03 11:55:00,T2,574,159,761,183,9,11,55,3,5,1,925,0.00972972972972973,0.8227027027027027,0.8183783783783783
2026-01-03 12:00:00,T2,571,189,234,146,19,12,0,3,5,1,925,0.02054054054054054,0.252972972972973,0.7751351351351351
2026-01-03 12:05:00,T1,441,187,1032,78,2,12,5,3,5,1,708,0.002824858757062147,1.4576271186440677,0.7330508474576272
2026-01-03 12:10:00,T4,599,32,480,88,2,12,10,3,5,1,721,0.0027739251040221915,0.665742024965326,0.9528432732316228
2026-01-03 12:15:00,T8,279,58,127,38,7,12,15,3,5,1,382,0.01832460732984293,0.3324607329842932,0.8298429319371727
2026-01-03 12:20:00,T7,404,91,189,150,9,12,20,3,5,1,654,0.013761467889908258,0.2889908256880734,0.8470948012232415
2026-01-03 12:25:00,T7,87,220,483,6,10,12,25,3,5,1,323,0.030959752321981424,1.4953560371517027,0.28792569659442724
2026-01-03 12:30:00,T2,63,100,401,187,14,12,30,3,5,1,364,0.038461538461538464,1.1016483516483517,0.6868131868131868
2026-01-03 12:35:00,T9,289,181,1018,231,17,12,35,3,5,1,718,0.023676880222841225,1.4178272980501392,0.724233983286908
2026-01-03 12:40:00,T10,484,33,1089,121,3,12,40,3,5,1,641,0.0046801872074883,1.6989079563182528,0.9438377535101404
2026-01-03 12:45:00,T6,674,30,89,233,14,12,45,3,5,1,951,0.014721345951629864,0.0935856992639327,0.953732912723449
2026-01-03 12:50:00,T10,119,130,113,120,13,12,50,3,5,1,382,0.034031413612565446,0.29581151832460734,0.6256544502617801
2026-01-03 12:55:00,T2,387,195,212,130,8,12,55,3,5,1,720,0.011111111111111112,0.29444444444444445,0.7180555555555556
2026-01-03 13:00:00,T10,508,79,873,173,13,13,0,3,5,1,773,0.016817593790426907,1.129366106080207,0.8809831824062095
2026-01-03 13:05:00,T9,281,12,915,216,6,13,5,3,5,1,515,0.011650485436893204,1.7766990291262137,0.9650485436893204
2026-01-03 13:10:00,T7,42,249,1020,48,0,13,10,3,5,1,339,0.0,3.0088495575221237,0.26548672566371684
2026-01-03 13:15:00,T6,665,72,649,8,5,13,15,3,5,1,750,0.006666666666666667,0.8653333333333333,0.8973333333333333
2026-01-03 13:20:00,T8,243,209,672,244,17,13,20,3,5,1,713,0.023842917251051893,0.9424964936886395,0.6830294530154277
2026-01-03 13:25:00,T4,341,206,134,54,12,13,25,3,5,1,613,0.01957585644371941,0.21859706362153344,0.6443719412724307
2026-01-03 13:30:00,T10,194,148,827,236,14,13,30,3,5,1,592,0.02364864864864865,1.3969594594594594,0.7263513513513513
2026-01-03 13:35:00,T6,547,185,70,140,11,13,35,3,5,1,883,0.01245753114382786,0.07927519818799547,0.7780294450736127
2026-01-03 13:40:00,T1,87,166,64,194,6,13,40,3,5,1,453,0.013245033112582781,0.141280353200883,0.6203090507726269
2026-01-03 13:45:00,T8,494,49,147,235,20,13,45,3,5,1,798,0.02506265664160401,0.18421052631578946,0.9135338345864662
2026-01-03 13:50:00,T2,609,189,851,224,17,13,50,3,5,1,1039,0.016361886429258902,0.8190567853705486,0.8017324350336862
2026-01-03 13:55:00,T9,234,152,761,197,3,13,55,3,5,1,586,0.005119453924914676,1.2986348122866893,0.735494880546075
2026-01-03 14:00:00,T5,264,139,754,39,13,14,0,3,5,1,455,0.02857142857142857,1.6571428571428573,0.6659340659340659
2026-01-03 14:05:00,T2,160,181,359,229,9,14,5,3,5,1,579,0.015544041450777202,0.6200345423143351,0.6718480138169257
2026-01-03 14:10:00,T6,175,205,728,112,2,14,10,3,5,1,494,0.004048582995951417,1.4736842105263157,0.5809716599190283
2026-01-03 14:15:00,T8,135,279,1041,213,5,14,15,3,5,1,632,0.007911392405063292,1.6471518987341771,0.5506329113924051
2026-01-03 14:20:00,T6,48,278,1105,15,9,14,20,3,5,1,350,0.025714285714285714,3.157142857142857,0.18
2026-01-03 14:25:00,T5,658,22,498,166,7,14,25,3,5,1,853,0.008206330597889801,0.5838218053927315,0.9660023446658851
2026-01-03 14:30:00,T9,355,208,407,250,9,14,30,3,5,1,822,0.010948905109489052,0.4951338199513382,0.7360097323600974
2026-01-03 14:35:00,T4,621,46,452,146,18,14,35,3,5,1,831,0.021660649819494584,0.5439229843561973,0.9229843561973526
2026-01-03 14:40:00,T8,125,180,586,95,10,14,40,3,5,1,410,0.024390243902439025,1.4292682926829268,0.5365853658536586
2026-01-03 14:45:00,T8,564,192,873,220,15,14,45,3,5,1,991,0.015136226034308779,0.8809283551967709,0.7911200807265388
2026-01-03 14:50:00,T7,37,14,263,114,2,14,50,3,5,1,167,0.011976047904191617,1.5748502994011977,0.9041916167664671
2026-01-03 14:55:00,T5,155,245,573,105,4,14,55,3,5,1,509,0.007858546168958742,1.12573673870334,0.5108055009823183
2026-01-03 15:00:00,T9,42,102,1022,187,12,15,0,3,5,1,343,0.03498542274052478,2.979591836734694,0.6676384839650146
2026-01-03 15:05:00,T9,524,231,749,211,5,15,5,3,5,1,971,0.005149330587023687,0.7713697219361483,0.756951596292482
2026-01-03 15:10:00,T8,221,256,210,78,11,15,10,3,5,1,566,0.019434628975265017,0.3710247349823322,0.5282685512367491
2026-01-03 15:15:00,T9,566,62,322,206,17,15,15,3,5,1,851,0.0199764982373678,0.3783783783783784,0.9071680376028202
2026-01-03 15:20:00,T9,582,65,452,44,9,15,20,3,5,1,700,0.012857142857142857,0.6457142857142857,0.8942857142857142
2026-01-03 15:25:00,T7,340,22,685,179,20,15,25,3,5,1,561,0.035650623885918005,1.2210338680926915,0.9251336898395722
2026-01-03 15:30:00,T7,557,76,763,174,10,15,30,3,5,1,817,0.012239902080783354,0.9339045287637698,0.8947368421052632
2026-01-03 15:35:00,T10,577,23,1056,243,6,15,35,3,5,1,849,0.007067137809187279,1.243816254416961,0.9658421672555948
2026-01-03 15:40:00,T5,358,190,700,104,17,15,40,3,5,1,669,0.025411061285500747,1.046337817638266,0.6905829596412556
2026-01-03 15:45:00,T4,34,277,1017,53,5,15,45,3,5,1,369,0.013550135501355014,2.7560975609756095,0.23577235772357724
2026-01-03 15:50:00,T4,119,248,388,44,0,15,50,3,5,1,411,0.0,0.9440389294403893,0.39659367396593675
2026-01-03 15:55:00,T1,696,180,725,186,20,15,55,3,5,1,1082,0.018484288354898338,0.6700554528650647,0.8151571164510166
2026-01-03 16:00:00,T9,62,201,352,86,14,16,0,3,5,1,363,0.03856749311294766,0.9696969696969697,0.40771349862258954
2026-01-03 16:05:00,T7,161,217,1094,152,14,16,5,3,5,1,544,0.025735294117647058,2.011029411764706,0.5753676470588235
2026-01-03 16:10:00,T4,205,123,1098,223,17,16,10,3,5,1,568,0.02992957746478873,1.9330985915492958,0.7535211267605634
2026-01-03 16:15:00,T9,214,65,1144,33,2,16,15,3,5,1,314,0.006369426751592357,3.643312101910828,0.7866242038216561
2026-01-03 16:20:00,T2,483,117,402,207,9,16,20,3,5,1,816,0.011029411764705883,0.49264705882352944,0.8455882352941176
2026-01-03 16:25:00,T2,573,172,712,38,7,16,25,3,5,1,790,0.008860759493670886,0.9012658227848102,0.7734177215189874
2026-01-03 16:30:00,T1,92,251,875,181,3,16,30,3,5,1,527,0.0056925996204933585,1.6603415559772297,0.5180265654648957
2026-01-03 16:35:00,T10,657,274,1178,145,19,16,35,3,5,1,1095,0.017351598173515982,1.075799086757991,0.7324200913242009
2026-01-03 16:40:00,T4,551,220,944,195,14,16,40,3,5,1,980,0.014285714285714285,0.963265306122449,0.7612244897959184
2026-01-03 16:45:00,T9,527,257,1089,90,3,16,45,3,5,1,877,0.0034207525655644243,1.241733181299886,0.7035347776510832
2026-01-03 16:50:00,T10,200,102,394,219,11,16,50,3,5,1,532,0.020676691729323307,0.7406015037593985,0.7875939849624061
2026-01-03 16:55:00,T7,108,245,136,30,16,16,55,3,5,1,399,0.040100250626566414,0.3408521303258145,0.3458646616541353
2026-01-03 17:00:00,T5,578,44,600,113,9,17,0,3,5,1,744,0.012096774193548387,0.8064516129032258,0.928763440860215
2026-01-03 17:05:00,T4,388,219,241,125,13,17,5,3,5,1,745,0.0174496644295302,0.32348993288590605,0.6885906040268457
2026-01-03 17:10:00,T4,630,52,628,226,9,17,10,3,5,1,917,0.009814612868047983,0.6848418756815703,0.9334787350054525
2026-01-03 17:15:00,T2,175,127,1011,86,2,17,15,3,5,1,390,0.005128205128205128,2.5923076923076924,0.6692307692307692
2026-01-03 17:20:00,T9,544,165,905,7,12,17,20,3,5,1,728,0.016483516483516484,1.2431318681318682,0.7568681318681318
2026-01-03 17:25:00,T7,561,192,74,88,7,17,25,3,5,1,848,0.008254716981132075,0.08726415094339622,0.7653301886792453
2026-01-03 17:30:00,T3,267,164,695,12,6,17,30,3,5,1,449,0.013363028953229399,1.5478841870824054,0.621380846325167
2026-01-03 17:35:00,T1,270,177,487,141,3,17,35,3,5,1,591,0.005076142131979695,0.8240270727580372,0.6954314720812182
2026-01-03 17:40:00,T9,131,281,773,116,9,17,40,3,5,1,537,0.01675977653631285,1.4394785847299814,0.45996275605214154
2026-01-03 17:45:00,T7,249,259,635,70,20,17,45,3,5,1,598,0.033444816053511704,1.0618729096989967,0.5334448160535117
2026-01-03 17:50:00,T8,623,79,120,35,16,17,50,3,5,1,753,0.021248339973439574,0.1593625498007968,0.8738379814077025
2026-01-03 17:55:00,T8,389,216,727,214,9,17,55,3,5,1,828,0.010869565217391304,0.8780193236714976,0.7282608695652174
2026-01-03 18:00:00,T4,470,59,181,152,17,18,0,3,5,1,698,0.024355300859598854,0.2593123209169054,0.8911174785100286
2026-01-03 18:05:00,T2,462,149,704,37,18,18,5,3,5,1,666,0.02702702702702703,1.057057057057057,0.7492492492492493
2026-01-03 18:10:00,T4,109,208,765,15,13,18,10,3,5,1,345,0.03768115942028986,2.217391304347826,0.35942028985507246
2026-01-03 18:15:00,T7,637,172,1110,249,16,18,15,3,5,1,1074,0.0148975791433892,1.0335195530726258,0.8249534450651769
2026-01-03 18:20:00,T4,37,153,1152,15,19,18,20,3,5,1,224,0.08482142857142858,5.142857142857143,0.23214285714285715
2026-01-03 18:25:00,T5,457,90,323,107,2,18,25,3,5,1,656,0.003048780487804878,0.4923780487804878,0.8597560975609756
2026-01-03 18:30:00,T6,274,174,208,57,6,18,30,3,5,1,511,0.011741682974559686,0.4070450097847358,0.6477495107632094
2026-01-03 18:35:00,T2,689,151,209,189,7,18,35,3,5,1,1036,0.006756756756756757,0.20173745173745175,0.8474903474903475
2026-01-03 18:40:00,T6,255,261,1082,123,17,18,40,3,5,1,656,0.025914634146341462,1.649390243902439,0.5762195121951219
2026-01-03 18:45:00,T8,409,241,761,187,8,18,45,3,5,1,845,0.009467455621301775,0.9005917159763314,0.7053254437869823
2026-01-03 18:50:00,T6,583,193,776,238,9,18,50,3,5,1,1023,0.008797653958944282,0.7585532746823069,0.8025415444770283
2026-01-03 18:55:00,T3,543,207,798,110,12,18,55,3,5,1,872,0.013761467889908258,0.9151376146788991,0.7488532110091743
2026-01-03 19:00:00,T4,457,211,1046,114,8,19,0,3,5,1,790,0.010126582278481013,1.3240506329113924,0.7227848101265822
2026-01-03 19:05:00,T7,31,111,778,14,2,19,5,3,5,1,158,0.012658227848101266,4.924050632911392,0.2848101265822785
2026-01-03 19:10:00,T1,574,290,689,180,11,19,10,3,5,1,1055,0.01042654028436019,0.6530805687203791,0.7146919431279621
2026-01-03 19:15:00,T8,379,178,593,26,0,19,15,3,5,1,583,0.0,1.0171526586620927,0.6946826758147513
2026-01-03 19:20:00,T10,491,225,368,183,10,19,20,3,5,1,909,0.011001100110011002,0.40484048404840484,0.7414741474147415
2026-01-03 19:25:00,T1,195,151,616,187,16,19,25,3,5,1,549,0.029143897996357013,1.122040072859745,0.6958105646630237
2026-01-03 19:30:00,T10,477,55,426,133,20,19,30,3,5,1,685,0.029197080291970802,0.621897810218978,0.8905109489051095
2026-01-03 19:35:00,T1,75,138,471,170,9,19,35,3,5,1,392,0.02295918367346939,1.2015306122448979,0.625
2026-01-03 19:40:00,T9,151,255,682,207,19,19,40,3,5,1,632,0.030063291139240507,1.0791139240506329,0.5664556962025317
2026-01-03 19:45:00,T10,635,128,1001,110,17,19,45,3,5,1,890,0.019101123595505618,1.1247191011235955,0.8370786516853933
2026-01-03 19:50:00,T8,199,234,61,15,11,19,50,3,5,1,459,0.023965141612200435,0.1328976034858388,0.4662309368191721
2026-01-03 19:55:00,T2,165,231,727,123,4,19,55,3,5,1,523,0.0076481835564053535,1.3900573613766731,0.5506692160611855
2026-01-03 20:00:00,T10,159,197,926,6,8,20,0,3,5,1,370,0.021621621621621623,2.502702702702703,0.44594594594594594
2026-01-03 20:05:00,T8,214,115,963,156,4,20,5,3,5,1,489,0.0081799591002045,1.969325153374233,0.7566462167689162
2026-01-03 20:10:00,T2,482,118,1058,217,5,20,10,3,5,1,822,0.006082725060827251,1.2871046228710463,0.8503649635036497
2026-01-03 20:15:00,T4,180,78,579,23,2,20,15,3,5,1,283,0.007067137809187279,2.045936395759717,0.7173144876325088
2026-01-03 20:20:00,T6,462,115,419,227,8,20,20,3,5,1,812,0.009852216748768473,0.5160098522167488,0.8485221674876847
2026-01-03 20:25:00,T4,478,57,1169,130,19,20,25,3,5,1,684,0.027777777777777776,1.70906432748538,0.8888888888888888
2026-01-03 20:30:00,T10,187,289,645,151,8,20,30,3,5,1,635,0.012598425196850394,1.015748031496063,0.5322834645669291
2026-01-03 20:35:00,T3,328,299,525,134,10,20,35,3,5,1,771,0.01297016861219196,0.6809338521400778,0.5992217898832685
2026-01-03 20:40:00,T8,359,200,880,9,17,20,40,3,5,1,585,0.02905982905982906,1.5042735042735043,0.629059829059829
2026-01-03 20:45:00,T5,208,250,437,192,10,20,45,3,5,1,660,0.015151515151515152,0.6621212121212121,0.6060606060606061
2026-01-03 20:50:00,T9,81,224,178,16,6,20,50,3,5,1,327,0.01834862385321101,0.5443425076452599,0.2966360856269113
2026-01-03 20:55:00,T3,330,201,885,33,14,20,55,3,5,1,578,0.02422145328719723,1.5311418685121108,0.6280276816608996
2026-01-03 21:00:00,T2,558,159,302,111,8,21,0,3,5,1,836,0.009569377990430622,0.361244019138756,0.8002392344497608
2026-01-03 21:05:00,T9,415,255,632,89,9,21,5,3,5,1,768,0.01171875,0.8229166666666666,0.65625
2026-01-03 21:10:00,T3,292,250,535,247,9,21,10,3,5,1,798,0.011278195488721804,0.6704260651629073,0.6754385964912281
2026-01-03 21:15:00,T3,271,98,632,59,15,21,15,3,5,1,443,0.033860045146726865,1.4266365688487586,0.744920993227991
2026-01-03 21:20:00,T6,306,298,731,124,13,21,20,3,5,1,741,0.017543859649122806,0.9865047233468286,0.5802968960863698
2026-01-03 21:25:00,T9,515,175,478,244,5,21,25,3,5,1,939,0.005324813631522897,0.5090521831735889,0.8083067092651757
2026-01-03 21:30:00,T2,604,40,518,5,18,21,30,3,5,1,667,0.026986506746626688,0.7766116941529235,0.9130434782608695
2026-01-03 21:35:00,T5,161,213,622,27,11,21,35,3,5,1,412,0.02669902912621359,1.5097087378640777,0.4563106796116505
2026-01-03 21:40:00,T10,74,264,902,87,0,21,40,3,5,1,425,0.0,2.1223529411764708,0.3788235294117647
2026-01-03 21:45:00,T2,630,152,880,139,5,21,45,3,5,1,926,0.005399568034557235,0.9503239740820735,0.8304535637149028
2026-01-03 21:50:00,T6,250,111,110,105,4,21,50,3,5,1,470,0.00851063829787234,0.23404255319148937,0.7553191489361702
2026-01-03 21:55:00,T10,514,16,1103,39,7,21,55,3,5,1,576,0.012152777777777778,1.9149305555555556,0.9600694444444444
2026-01-03 22:00:00,T6,339,267,303,137,19,22,0,3,5,1,762,0.024934383202099737,0.39763779527559057,0.6246719160104987
2026-01-03 22:05:00,T4,656,37,1166,88,14,22,5,3,5,1,795,0.01761006289308176,1.4666666666666666,0.9358490566037736
2026-01-03 22:10:00,T6,559,202,506,165,16,22,10,3,5,1,942,0.016985138004246284,0.5371549893842887,0.7685774946921444
2026-01-03 22:15:00,T2,456,111,290,152,7,22,15,3,5,1,726,0.009641873278236915,0.39944903581267216,0.837465564738292
2026-01-03 22:20:00,T3,297,85,1011,93,14,22,20,3,5,1,489,0.028629856850715747,2.067484662576687,0.7975460122699386
2026-01-03 22:25:00,T3,463,236,1057,126,4,22,25,3,5,1,829,0.0048250904704463205,1.2750301568154403,0.7104945717732207
2026-01-03 22:30:00,T10,120,145,475,89,19,22,30,3,5,1,373,0.05093833780160858,1.2734584450402144,0.5603217158176944
2026-01-03 22:35:00,T8,453,268,960,144,16,22,35,3,5,1,881,0.018161180476730987,1.0896708286038592,0.677639046538025
2026-01-03 22:40:00,T4,528,25,383,24,17,22,40,3,5,1,594,0.02861952861952862,0.6447811447811448,0.9292929292929293
2026-01-03 22:45:00,T2,211,264,741,249,1,22,45,3,5,1,725,0.001379310344827586,1.0220689655172415,0.6344827586206897
2026-01-03 22:50:00,T6,431,119,973,132,3,22,50,3,5,1,685,0.004379562043795621,1.4204379562043796,0.8218978102189781
2026-01-03 22:55:00,T4,481,267,612,114,12,22,55,3,5,1,874,0.013729977116704805,0.700228832951945,0.6807780320366132
2026-01-03 23:00:00,T1,561,38,811,130,3,23,0,3,5,1,732,0.004098360655737705,1.1079234972677596,0.9439890710382514
2026-01-03 23:05:00,T5,121,252,315,207,4,23,5,3,5,1,584,0.00684931506849315,0.5393835616438356,0.5616438356164384
2026-01-03 23:10:00,T4,547,214,642,50,15,23,10,3,5,1,826,0.018159806295399514,0.7772397094430993,0.7227602905569007
2026-01-03 23:15:00,T3,373,287,401,239,12,23,15,3,5,1,911,0.013172338090010977,0.44017563117453345,0.6717892425905598
2026-01-03 23:20:00,T9,258,183,423,17,16,23,20,3,5,1,474,0.03375527426160337,0.8924050632911392,0.580168776371308
2026-01-03 23:25:00,T9,627,211,881,85,19,23,25,3,5,1,942,0.020169851380042462,0.935244161358811,0.7558386411889597
2026-01-03 23:30:00,T1,219,296,188,179,12,23,30,3,5,1,706,0.0169971671388102,0.26628895184135976,0.5637393767705382
2026-01-03 23:35:00,T10,559,136,543,50,13,23,35,3,5,1,758,0.017150395778364115,0.716358839050132,0.8034300791556728
2026-01-03 23:40:00,T10,235,101,599,10,19,23,40,3,5,1,365,0.052054794520547946,1.641095890410959,0.6712328767123288
2026-01-03 23:45:00,T4,558,49,1162,28,2,23,45,3,5,1,637,0.0031397174254317113,1.8241758241758241,0.9199372056514914
2026-01-03 23:50:00,T5,678,107,364,226,19,23,50,3,5,1,1030,0.018446601941747572,0.3533980582524272,0.8776699029126214
2026-01-03 23:55:00,T8,378,30,349,221,0,23,55,3,5,1,629,0.0,0.5548489666136724,0.9523052464228935
2026-01-04 00:00:00,T7,178,31,978,103,8,0,0,4,6,1,320,0.025,3.05625,0.878125
2026-01-04 00:05:00,T9,274,14,280,44,2,0,5,4,6,1,334,0.005988023952095809,0.8383233532934131,0.9520958083832335
2026-01-04 00:10:00,T2,237,278,976,86,7,0,10,4,6,1,608,0.011513157894736841,1.605263157894737,0.53125
2026-01-04 00:15:00,T3,270,294,731,92,16,0,15,4,6,1,672,0.023809523809523808,1.087797619047619,0.5386904761904762
2026-01-04 00:20:00,T7,522,245,638,249,10,0,20,4,6,1,1026,0.009746588693957114,0.621832358674464,0.7514619883040936
2026-01-04 00:25:00,T4,285,219,825,32,14,0,25,4,6,1,550,0.025454545454545455,1.5,0.5763636363636364
2026-01-04 00:30:00,T5,348,166,1008,237,11,0,30,4,6,1,762,0.014435695538057743,1.3228346456692914,0.7677165354330708
2026-01-04 00:35:00,T3,343,213,1098,245,11,0,35,4,6,1,812,0.013546798029556651,1.3522167487684729,0.7241379310344828
2026-01-04 00:40:00,T6,197,68,927,171,18,0,40,4,6,1,454,0.039647577092511016,2.041850220264317,0.8105726872246696
2026-01-04 00:45:00,T6,654,136,727,101,19,0,45,4,6,1,910,0.020879120879120878,0.798901098901099,0.8296703296703297
2026-01-04 00:50:00,T10,81,144,1164,27,4,0,50,4,6,1,256,0.015625,4.546875,0.421875
2026-01-04 00:55:00,T4,530,214,896,36,19,0,55,4,6,1,799,0.023779724655819776,1.1214017521902377,0.7083854818523154
2026-01-04 01:00:00,T4,411,169,916,77,0,1,0,4,6,1,657,0.0,1.3942161339421613,0.7427701674277016
2026-01-04 01:05:00,T10,551,273,298,12,17,1,5,4,6,1,853,0.01992966002344666,0.3493552168815944,0.6600234466588512
2026-01-04 01:10:00,T5,458,81,774,93,8,1,10,4,6,1,640,0.0125,1.209375,0.8609375
2026-01-04 01:15:00,T3,680,294,446,183,13,1,15,4,6,1,1170,0.011111111111111112,0.3811965811965812,0.7376068376068377
2026-01-04 01:20:00,T5,194,228,582,213,20,1,20,4,6,1,655,0.030534351145038167,0.8885496183206106,0.6213740458015267
2026-01-04 01:25:00,T4,477,85,125,121,5,1,25,4,6,1,688,0.007267441860465116,0.1816860465116279,0.8691860465116279
2026-01-04 01:30:00,T8,476,214,801,150,6,1,30,4,6,1,846,0.0070921985815602835,0.9468085106382979,0.7399527186761229
2026-01-04 01:35:00,T1,146,30,938,202,20,1,35,4,6,1,398,0.05025125628140704,2.35678391959799,0.8743718592964824
2026-01-04 01:40:00,T4,274,88,359,219,0,1,40,4,6,1,581,0.0,0.6179001721170396,0.8485370051635112
2026-01-04 01:45:00,T10,412,185,618,51,6,1,45,4,6,1,654,0.009174311926605505,0.944954128440367,0.7079510703363915
2026-01-04 01:50:00,T3,364,147,722,172,19,1,50,4,6,1,702,0.027065527065527065,1.0284900284900285,0.7635327635327636
2026-01-04 01:55:00,T8,99,77,543,166,9,1,55,4,6,1,351,0.02564102564102564,1.547008547008547,0.7549857549857549
2026-01-04 02:00:00,T4,83,210,368,154,18,2,0,4,6,1,465,0.03870967741935484,0.7913978494623656,0.5096774193548387
2026-01-04 02:05:00,T1,693,156,639,126,0,2,5,4,6,1,975,0.0,0.6553846153846153,0.84
2026-01-04 02:10:00,T9,96,261,490,216,11,2,10,4,6,1,584,0.018835616438356163,0.839041095890411,0.5342465753424658
2026-01-04 02:15:00,T2,67,88,396,149,14,2,15,4,6,1,318,0.0440251572327044,1.2452830188679245,0.6792452830188679
2026-01-04 02:20:00,T8,563,209,976,233,20,2,20,4,6,1,1025,0.01951219512195122,0.9521951219512195,0.7765853658536586
2026-01-04 02:25:00,T7,101,233,917,104,11,2,25,4,6,1,449,0.024498886414253896,2.0423162583518932,0.45657015590200445
2026-01-04 02:30:00,T7,248,296,1021,62,4,2,30,4,6,1,610,0.006557377049180328,1.6737704918032787,0.5081967213114754
2026-01-04 02:35:00,T10,657,135,369,55,16,2,35,4,6,1,863,0.01853997682502897,0.4275782155272306,0.8250289687137891
2026-01-04 02:40:00,T7,164,68,1005,92,8,2,40,4,6,1,332,0.024096385542168676,3.0271084337349397,0.7710843373493976
2026-01-04 02:45:00,T10,609,135,235,17,18,2,45,4,6,1,779,0.023106546854942234,0.30166880616174585,0.803594351732991
2026-01-04 02:50:00,T2,204,140,936,140,17,2,50,4,6,1,501,0.033932135728542916,1.8682634730538923,0.6866267465069861
2026-01-04 02:55:00,T4,238,13,285,85,19,2,55,4,6,1,355,0.05352112676056338,0.8028169014084507,0.9098591549295775
2026-01-04 03:00:00,T10,218,16,592,156,14,3,0,4,6,1,404,0.034653465346534656,1.4653465346534653,0.9257425742574258
2026-01-04 03:05:00,T1,270,13,675,130,0,3,5,4,6,1,413,0.0,1.6343825665859564,0.9685230024213075
2026-01-04 03:10:00,T6,425,106,1048,185,0,3,10,4,6,1,716,0.0,1.4636871508379887,0.8519553072625698
2026-01-04 03:15:00,T6,250,142,864,125,18,3,15,4,6,1,535,0.03364485981308411,1.6149532710280374,0.7009345794392523
2026-01-04 03:20:00,T4,566,231,471,66,11,3,20,4,6,1,874,0.012585812356979404,0.5389016018306636,0.7231121281464531
2026-01-04 03:25:00,T10,537,132,129,23,20,3,25,4,6,1,712,0.028089887640449437,0.18117977528089887,0.7865168539325843
2026-01-04 03:30:00,T9,672,129,1033,38,7,3,30,4,6,1,846,0.008274231678486997,1.2210401891252955,0.8392434988179669
2026-01-04 03:35:00,T9,281,127,1108,195,2,3,35,4,6,1,605,0.003305785123966942,1.831404958677686,0.7867768595041322
2026-01-04 03:40:00,T5,468,30,1140,82,11,3,40,4,6,1,591,0.018612521150592216,1.9289340101522843,0.9306260575296108
2026-01-04 03:45:00,T2,226,108,124,99,13,3,45,4,6,1,446,0.02914798206278027,0.27802690582959644,0.7286995515695067
2026-01-04 03:50:00,T8,70,253,1163,134,13,3,50,4,6,1,470,0.027659574468085105,2.474468085106383,0.4340425531914894
2026-01-04 03:55:00,T10,452,25,1186,203,17,3,55,4,6,1,697,0.024390243902439025,1.7015781922525108,0.93974175035868
2026-01-04 04:00:00,T3,657,110,270,68,2,4,0,4,6,1,837,0.0023894862604540022,0.3225806451612903,0.8661887694145759
2026-01-04 04:05:00,T1,86,226,993,246,4,4,5,4,6,1,562,0.0071174377224199285,1.7669039145907472,0.5907473309608541
2026-01-04 04:10:00,T5,315,95,1012,77,13,4,10,4,6,1,500,0.026,2.024,0.784
2026-01-04 04:15:00,T3,244,136,825,137,3,4,15,4,6,1,520,0.0057692307692307696,1.5865384615384615,0.7326923076923076
2026-01-04 04:20:00,T10,471,155,1036,206,1,4,20,4,6,1,833,0.0012004801920768306,1.2436974789915967,0.8127250900360145
2026-01-04 04:25:00,T1,550,144,1042,14,14,4,25,4,6,1,722,0.019390581717451522,1.443213296398892,0.7811634349030471
2026-01-04 04:30:00,T10,258,109,1196,92,7,4,30,4,6,1,466,0.015021459227467811,2.5665236051502145,0.7510729613733905
2026-01-04 04:35:00,T10,314,204,622,222,4,4,35,4,6,1,744,0.005376344086021506,0.8360215053763441,0.7204301075268817
2026-01-04 04:40:00,T5,182,215,1071,29,17,4,40,4,6,1,443,0.03837471783295711,2.4176072234762978,0.4762979683972912
2026-01-04 04:45:00,T6,94,42,448,221,8,4,45,4,6,1,365,0.021917808219178082,1.2273972602739727,0.863013698630137
2026-01-04 04:50:00,T5,548,57,1129,161,11,4,50,4,6,1,777,0.014157014157014158,1.453024453024453,0.9124839124839125
2026-01-04 04:55:00,T3,374,30,838,14,6,4,55,4,6,1,424,0.014150943396226415,1.9764150943396226,0.9150943396226415
2026-01-04 05:00:00,T3,188,203,1187,198,3,5,0,4,6,1,592,0.005067567567567568,2.0050675675675675,0.652027027027027
2026-01-04 05:05:00,T9,80,171,262,187,13,5,5,4,6,1,451,0.028824833702882482,0.5809312638580931,0.5920177383592018
2026-01-04 05:10:00,T7,506,16,764,192,17,5,10,4,6,1,731,0.023255813953488372,1.0451436388508892,0.9548563611491108
2026-01-04 05:15:00,T8,681,92,781,168,1,5,15,4,6,1,942,0.0010615711252653928,0.8290870488322718,0.9012738853503185
2026-01-04 05:20:00,T1,175,67,194,191,9,5,20,4,6,1,442,0.020361990950226245,0.43891402714932126,0.8280542986425339
2026-01-04 05:25:00,T4,405,218,197,113,19,5,25,4,6,1,755,0.025165562913907286,0.2609271523178808,0.686092715231788
2026-01-04 05:30:00,T9,326,50,1099,187,2,5,30,4,6,1,565,0.0035398230088495575,1.9451327433628318,0.9079646017699115
2026-01-04 05:35:00,T7,217,41,296,156,19,5,35,4,6,1,433,0.04387990762124711,0.6836027713625866,0.8614318706697459
2026-01-04 05:40:00,T5,86,243,314,167,17,5,40,4,6,1,513,0.03313840155945419,0.6120857699805068,0.49317738791423
2026-01-04 05:45:00,T7,481,24,953,127,10,5,45,4,6,1,642,0.01557632398753894,1.4844236760124612,0.9470404984423676
2026-01-04 05:50:00,T2,42,191,382,175,19,5,50,4,6,1,427,0.04449648711943794,0.8946135831381733,0.5081967213114754
2026-01-04 05:55:00,T2,537,38,652,124,20,5,55,4,6,1,719,0.027816411682892908,0.9068150208623088,0.9193324061196105
2026-01-04 06:00:00,T10,350,124,908,211,18,6,0,4,6,1,703,0.025604551920341393,1.2916073968705548,0.7980085348506402
2026-01-04 06:05:00,T7,26,165,1103,129,17,6,5,4,6,1,337,0.050445103857566766,3.2729970326409497,0.4599406528189911
2026-01-04 06:10:00,T9,476,21,336,167,8,6,10,4,6,1,672,0.011904761904761904,0.5,0.9568452380952381
2026-01-04 06:15:00,T8,302,55,158,161,13,6,15,4,6,1,531,0.02448210922787194,0.2975517890772128,0.871939736346516
2026-01-04 06:20:00,T2,192,76,147,175,16,6,20,4,6,1,459,0.034858387799564274,0.3202614379084967,0.7995642701525054
2026-01-04 06:25:00,T4,140,31,718,95,7,6,25,4,6,1,273,0.02564102564102564,2.63003663003663,0.8608058608058609
2026-01-04 06:30:00,T10,181,220,1013,104,14,6,30,4,6,1,519,0.02697495183044316,1.951830443159923,0.5491329479768786
2026-01-04 06:35:00,T4,383,203,286,84,2,6,35,4,6,1,672,0.002976190476190476,0.4255952380952381,0.6949404761904762
2026-01-04 06:40:00,T7,520,15,1165,208,4,6,40,4,6,1,747,0.00535475234270415,1.5595716198125837,0.9745649263721553
2026-01-04 06:45:00,T2,355,21,1110,244,18,6,45,4,6,1,638,0.02821316614420063,1.7398119122257054,0.9388714733542319
2026-01-04 06:50:00,T2,415,94,310,131,11,6,50,4,6,1,651,0.016897081413210446,0.47619047619047616,0.8387096774193549
2026-01-04 06:55:00,T1,649,275,790,95,3,6,55,4,6,1,1022,0.0029354207436399216,0.7729941291585127,0.7279843444227005
2026-01-04 07:00:00,T3,435,198,535,90,4,7,0,4,6,1,727,0.005502063273727648,0.7359009628610729,0.7221458046767538
2026-01-04 07:05:00,T2,446,96,869,103,11,7,5,4,6,1,656,0.01676829268292683,1.3246951219512195,0.836890243902439
2026-01-04 07:10:00,T10,507,149,1011,243,11,7,10,4,6,1,910,0.012087912087912088,1.110989010989011,0.8241758241758241
2026-01-04 07:15:00,T2,156,285,160,83,4,7,15,4,6,1,528,0.007575757575757576,0.30303030303030304,0.45265151515151514
2026-01-04 07:20:00,T6,309,18,596,249,4,7,20,4,6,1,580,0.006896551724137931,1.0275862068965518,0.9620689655172414
2026-01-04 07:25:00,T10,47,130,675,182,10,7,25,4,6,1,369,0.02710027100271003,1.829268292682927,0.6205962059620597
2026-01-04 07:30:00,T9,546,25,84,56,0,7,30,4,6,1,627,0.0,0.1339712918660287,0.960127591706539
2026-01-04 07:35:00,T10,272,251,361,87,3,7,35,4,6,1,613,0.004893964110929853,0.5889070146818923,0.5856443719412724
2026-01-04 07:40:00,T3,164,64,338,229,19,7,40,4,6,1,476,0.03991596638655462,0.7100840336134454,0.8256302521008403
2026-01-04 07:45:00,T7,618,189,1142,192,2,7,45,4,6,1,1001,0.001998001998001998,1.1408591408591409,0.8091908091908092
2026-01-04 07:50:00,T1,209,221,963,229,3,7,50,4,6,1,662,0.004531722054380665,1.4546827794561934,0.6616314199395771
2026-01-04 07:55:00,T10,492,10,241,104,8,7,55,4,6,1,614,0.013029315960912053,0.3925081433224756,0.9706840390879479
2026-01-04 08:00:00,T1,504,202,359,124,13,8,0,4,6,1,843,0.01542111506524318,0.4258600237247924,0.7449584816132859
2026-01-04 08:05:00,T4,34,135,472,234,20,8,5,4,6,1,423,0.04728132387706856,1.115839243498818,0.6335697399527187
2026-01-04 08:10:00,T6,39,134,949,106,9,8,10,4,6,1,288,0.03125,3.295138888888889,0.5034722222222222
2026-01-04 08:15:00,T7,449,147,513,50,19,8,15,4,6,1,665,0.02857142857142857,0.7714285714285715,0.750375939849624
2026-01-04 08:20:00,T3,255,196,114,161,8,8,20,4,6,1,620,0.012903225806451613,0.18387096774193548,0.6709677419354839
2026-01-04 08:25:00,T1,523,123,382,6,16,8,25,4,6,1,668,0.023952095808383235,0.5718562874251497,0.7919161676646707
2026-01-04 08:30:00,T7,80,237,115,24,4,8,30,4,6,1,345,0.011594202898550725,0.3333333333333333,0.30144927536231886
2026-01-04 08:35:00,T2,30,109,984,187,7,8,35,4,6,1,333,0.021021021021021023,2.954954954954955,0.6516516516516516
2026-01-04 08:40:00,T2,422,234,922,130,17,8,40,4,6,1,803,0.021170610211706103,1.1481942714819426,0.6874221668742216
2026-01-04 08:45:00,T4,238,141,303,47,17,8,45,4,6,1,443,0.03837471783295711,0.6839729119638827,0.6433408577878104
2026-01-04 08:50:00,T9,245,99,224,66,2,8,50,4,6,1,412,0.0048543689320388345,0.5436893203883495,0.7548543689320388
2026-01-04 08:55:00,T4,629,89,843,162,11,8,55,4,6,1,891,0.012345679012345678,0.9461279461279462,0.8877665544332211
2026-01-04 09:00:00,T9,372,218,291,189,12,9,0,4,6,1,791,0.015170670037926675,0.36788874841972186,0.7092288242730721
2026-01-04 09:05:00,T3,423,84,573,25,8,9,5,4,6,1,540,0.014814814814814815,1.0611111111111111,0.8296296296296296
2026-01-04 09:10:00,T4,440,300,769,236,5,9,10,4,6,1,981,0.0050968399592252805,0.7838939857288482,0.6890927624872579
2026-01-04 09:15:00,T9,380,268,483,105,15,9,15,4,6,1,768,0.01953125,0.62890625,0.6315104166666666
2026-01-04 09:20:00,T3,163,235,1163,154,12,9,20,4,6,1,564,0.02127659574468085,2.0620567375886525,0.5620567375886525
2026-01-04 09:25:00,T6,695,55,80,209,13,9,25,4,6,1,972,0.013374485596707819,0.0823045267489712,0.9300411522633745
2026-01-04 09:30:00,T1,20,216,283,104,0,9,30,4,6,1,340,0.0,0.8323529411764706,0.36470588235294116
2026-01-04 09:35:00,T8,263,36,980,88,2,9,35,4,6,1,389,0.005141388174807198,2.519280205655527,0.9023136246786633
2026-01-04 09:40:00,T2,690,139,564,25,7,9,40,4,6,1,861,0.008130081300813009,0.6550522648083623,0.8304297328687572
2026-01-04 09:45:00,T10,86,141,155,111,13,9,45,4,6,1,351,0.037037037037037035,0.4415954415954416,0.5612535612535613
2026-01-04 09:50:00,T1,381,47,948,121,12,9,50,4,6,1,561,0.0213903743315508,1.6898395721925135,0.8948306595365418
2026-01-04 09:55:00,T5,428,70,1144,108,10,9,55,4,6,1,616,0.016233766233766232,1.8571428571428572,0.8701298701298701
2026-01-04 10:00:00,T7,348,21,603,186,1,10,0,4,6,1,556,0.0017985611510791368,1.0845323741007193,0.960431654676259
2026-01-04 10:05:00,T6,56,53,412,241,10,10,5,4,6,1,360,0.027777777777777776,1.1444444444444444,0.825
2026-01-04 10:10:00,T1,162,232,432,16,4,10,10,4,6,1,414,0.00966183574879227,1.0434782608695652,0.42995169082125606
2026-01-04 10:15:00,T3,471,115,716,40,8,10,15,4,6,1,634,0.012618296529968454,1.1293375394321767,0.805993690851735
2026-01-04 10:20:00,T7,191,59,1198,150,13,10,20,4,6,1,413,0.031476997578692496,2.900726392251816,0.8256658595641646
2026-01-04 10:25:00,T9,186,153,363,221,12,10,25,4,6,1,572,0.02097902097902098,0.6346153846153846,0.7115384615384616
2026-01-04 10:30:00,T4,475,29,259,66,12,10,30,4,6,1,582,0.020618556701030927,0.44501718213058417,0.929553264604811
2026-01-04 10:35:00,T3,577,241,924,210,18,10,35,4,6,1,1046,0.017208413001912046,0.8833652007648184,0.7523900573613767
2026-01-04 10:40:00,T1,263,49,950,182,12,10,40,4,6,1,506,0.023715415019762844,1.8774703557312253,0.8794466403162056
2026-01-04 10:45:00,T1,205,100,670,140,8,10,45,4,6,1,453,0.017660044150110375,1.479028697571744,0.7615894039735099
2026-01-04 10:50:00,T3,23,277,164,140,13,10,50,4,6,1,453,0.02869757174392936,0.3620309050772627,0.3598233995584989
2026-01-04 10:55:00,T3,676,109,330,154,20,10,55,4,6,1,959,0.020855057351407715,0.34410844629822734,0.8654848800834203
2026-01-04 11:00:00,T3,630,154,415,201,18,11,0,4,6,1,1003,0.01794616151545364,0.4137587238285145,0.8285144566301097
2026-01-04 11:05:00,T5,575,184,430,141,19,11,5,4,6,1,919,0.020674646354733407,0.46789989118607184,0.779107725788901
2026-01-04 11:10:00,T7,601,108,1106,154,13,11,10,4,6,1,876,0.014840182648401826,1.2625570776255708,0.8618721461187214
2026-01-04 11:15:00,T9,174,270,323,244,1,11,15,4,6,1,689,0.001451378809869376,0.46879535558780844,0.6066763425253991
