timestamp,edge_id,cpu_pct,gpu_pct,memory_pct,requests_per_min,latency_ms,resource_utilization,processing_efficiency,latency_efficiency,edge_health
2026-01-01 00:00:00,E1,50.5,31.65,76.16,3614,9.26,52.77,71.56435643564356,390.280777537797,46.17999999999999
2026-01-01 00:05:00,E4,85.13,13.18,29.44,7805,10.42,42.583333333333336,91.68330788206273,749.0403071017274,39.091
2026-01-01 00:10:00,E4,35.42,34.55,23.86,3076,7.92,31.276666666666667,86.84359119141727,388.3838383838384,26.278000000000002
2026-01-01 00:15:00,E4,65.73,44.28,45.17,4009,11.23,51.72666666666667,60.99193671078655,356.9902048085485,44.37200000000001
2026-01-01 00:20:00,E2,23.42,45.4,15.88,4510,8.34,28.23333333333333,192.57045260461143,540.7673860911272,22.538
2026-01-01 00:25:00,E2,83.0,40.78,68.21,7213,11.45,63.99666666666667,86.90361445783132,629.9563318777293,55.80899999999999
2026-01-01 00:30:00,E1,22.85,7.11,63.22,4242,8.4,31.060000000000002,185.64551422319474,505.0,28.923
2026-01-01 00:35:00,E3,97.83,34.49,60.82,2136,10.8,64.38,21.83379331493407,197.77777777777777,56.65299999999999
2026-01-01 00:40:00,E3,83.68,52.27,94.62,7571,9.88,76.85666666666667,90.47562141491395,766.2955465587044,65.92
2026-01-01 00:45:00,E3,46.69,5.58,71.06,842,6.93,41.11,18.03384022274577,121.50072150072151,37.827000000000005
2026-01-01 00:50:00,E2,12.35,95.38,50.79,1957,7.15,52.839999999999996,158.46153846153845,273.7062937062937,39.448
2026-01-01 00:55:00,E2,96.29,21.09,25.15,3970,10.1,47.51,41.22961885969467,393.0693069306931,42.67000000000001
2026-01-01 01:00:00,E2,22.01,83.72,67.38,4568,5.62,57.70333333333334,207.54202635165834,812.8113879003558,44.685
2026-01-01 01:05:00,E2,82.57,59.28,87.61,6762,8.89,76.48666666666666,81.8941504178273,760.6299212598425,64.688
2026-01-01 01:10:00,E4,90.79,20.03,73.96,4406,12.25,61.593333333333334,48.529573741601496,359.6734693877551,55.881
2026-01-01 01:15:00,E4,50.26,44.93,53.04,2035,8.78,49.41,40.48945483485873,231.77676537585424,41.732
2026-01-01 01:20:00,E2,76.72,9.91,26.8,1415,9.31,37.809999999999995,18.443691345151198,151.98711063372716,34.9
2026-01-01 01:25:00,E4,76.48,94.8,19.94,4027,11.01,63.74,52.654288702928866,365.75840145322434,50.087999999999994
2026-01-01 01:30:00,E3,28.48,74.01,43.1,1304,8.73,48.53,45.78651685393258,149.36998854524626,38.022000000000006
2026-01-01 01:35:00,E1,97.07,13.85,21.86,3284,12.01,44.25999999999999,33.83125579478727,273.43880099916737,40.851
2026-01-01 01:40:00,E1,50.1,59.09,56.28,4761,9.45,55.156666666666666,95.02994011976048,503.80952380952385,45.622
2026-01-01 01:45:00,E1,94.14,70.65,77.11,2857,9.48,80.63333333333334,30.34841725090291,301.3713080168776,67.401
2026-01-01 01:50:00,E3,84.12,55.82,93.27,2889,9.34,77.73666666666666,34.34379457917261,309.3147751605996,66.249
2026-01-01 01:55:00,E2,28.33,53.78,20.52,561,8.24,34.21,19.802329685845393,68.08252427184466,27.058999999999997
2026-01-01 02:00:00,E2,49.52,54.1,47.72,294,7.75,50.446666666666665,5.936995153473344,37.935483870967744,41.542
2026-01-01 02:05:00,E4,70.78,7.52,33.4,2035,9.08,37.23333333333333,28.751059621361968,224.11894273127754,34.574
2026-01-01 02:10:00,E2,73.64,30.79,66.25,2161,9.91,56.89333333333334,29.345464421510048,218.06256306760847,50.107
2026-01-01 02:15:00,E2,78.33,98.65,24.18,2874,12.2,67.05333333333334,36.69092301800077,235.5737704918033,52.922999999999995
2026-01-01 02:20:00,E4,10.94,86.83,11.73,5300,4.5,36.5,484.4606946983547,1177.7777777777778,25.067
2026-01-01 02:25:00,E3,51.64,45.16,97.57,2599,8.67,64.79,50.32920216886135,299.76931949250286,55.529
2026-01-01 02:30:00,E1,74.09,15.36,31.21,1125,9.21,40.22,15.18423538939128,122.14983713355048,36.504
2026-01-01 02:35:00,E4,88.01,44.77,64.55,7081,10.1,65.77666666666666,80.45676627655948,701.0891089108911,56.742
2026-01-01 02:40:00,E1,93.72,14.34,90.78,1020,10.37,66.28,10.88348271446863,98.36065573770493,60.292
2026-01-01 02:45:00,E4,44.65,85.49,90.73,1020,7.55,73.62333333333333,22.84434490481523,135.09933774834437,59.222
2026-01-01 02:50:00,E3,93.15,48.79,24.09,6122,10.7,55.343333333333334,65.72195383789587,572.1495327102804,47.07
2026-01-01 02:55:00,E2,85.31,57.84,44.13,2920,10.37,62.42666666666667,34.22810924862267,281.5814850530376,52.474000000000004
2026-01-01 03:00:00,E4,61.54,61.71,60.17,3397,8.69,61.14000000000001,55.19987000324992,390.90909090909093,50.593
2026-01-01 03:05:00,E3,46.03,50.32,44.14,3041,8.39,46.830000000000005,66.06560938518358,362.45530393325384,38.79299999999999
2026-01-01 03:10:00,E1,24.58,86.19,96.26,5647,8.29,69.01,229.73962571196097,681.1821471652594,55.147999999999996
2026-01-01 03:15:00,E4,33.21,39.66,27.76,3134,6.89,33.54333333333334,94.36916591388136,454.86211901306245,27.601
2026-01-01 03:20:00,E2,25.14,39.17,38.62,4903,6.15,34.31,195.02784407319012,797.2357723577235,28.192
2026-01-01 03:25:00,E4,79.38,91.33,70.45,3471,10.51,80.38666666666666,43.726379440665156,330.2568981921979,65.31700000000001
2026-01-01 03:30:00,E2,53.4,99.76,74.88,1479,10.16,76.01333333333334,27.696629213483146,145.57086614173227,60.468
2026-01-01 03:35:00,E2,65.64,9.94,59.21,1834,9.27,44.93,27.94028031687995,197.84250269687163,41.297
2026-01-01 03:40:00,E3,57.29,79.73,45.46,3246,6.89,60.826666666666675,56.65910281026357,471.11756168359943,48.148999999999994
2026-01-01 03:45:00,E4,32.76,81.39,41.32,7642,7.12,51.82333333333333,233.2722832722833,1073.314606741573,39.926
2026-01-01 03:50:00,E4,10.41,71.98,27.68,3246,5.57,36.69,311.8155619596542,582.7648114901257,26.937
2026-01-01 03:55:00,E1,52.98,5.91,43.82,7696,8.74,34.23666666666667,145.2623631559079,880.5491990846682,31.969999999999995
2026-01-01 04:00:00,E1,11.05,97.3,85.73,3526,6.08,64.69333333333333,319.09502262443436,579.9342105263158,49.71
2026-01-01 04:05:00,E4,87.28,23.98,19.04,5649,12.13,43.43333333333334,64.72273143904674,465.70486397361907,39.118
2026-01-01 04:10:00,E2,50.41,14.72,27.14,7811,9.19,30.756666666666664,154.94941479865108,849.9455930359086,28.046999999999997
2026-01-01 04:15:00,E3,45.54,78.13,83.77,4828,8.98,69.14666666666666,106.01668862538428,537.6391982182628,56.214999999999996
2026-01-01 04:20:00,E4,14.89,62.05,63.88,5855,6.92,46.94,393.216924110141,846.0982658959538,37.425
2026-01-01 04:25:00,E3,94.81,32.0,18.54,2589,13.0,48.449999999999996,27.307246071089548,199.15384615384616,43.005
2026-01-01 04:30:00,E4,67.09,73.3,47.51,1630,11.03,62.633333333333326,24.29572216425697,147.77878513145967,51.246
2026-01-01 04:35:00,E3,85.77,65.02,94.78,1566,11.85,81.85666666666667,18.25813221406086,132.15189873417722,69.539
2026-01-01 04:40:00,E4,22.02,78.79,76.16,1959,6.01,58.99,88.96457765667576,325.9567387687188,46.414
2026-01-01 04:45:00,E1,57.69,15.9,22.46,4141,10.19,32.01666666666667,71.78020454151499,406.37880274779195,29.262999999999998
2026-01-01 04:50:00,E3,67.52,8.84,10.16,6195,8.1,28.84,91.75059241706161,764.8148148148149,26.691999999999997
2026-01-01 04:55:00,E1,56.89,77.85,47.6,5516,7.82,60.78,96.9590437686764,705.3708439897698,48.481
2026-01-01 05:00:00,E1,64.11,11.16,83.63,5292,8.37,52.96666666666666,82.54562470753393,632.2580645161291,48.228
2026-01-01 05:05:00,E2,40.22,47.74,42.73,6224,7.5,43.56333333333333,154.7488811536549,829.8666666666667,35.93299999999999
2026-01-01 05:10:00,E2,13.21,62.67,11.06,676,3.92,28.98,51.17335352006056,172.44897959183675,20.599
2026-01-01 05:15:00,E1,27.38,30.44,60.64,2159,6.96,39.48666666666667,78.85317750182615,310.2011494252874,33.886
2026-01-01 05:20:00,E1,64.59,89.87,93.42,361,11.09,82.62666666666667,5.5891004799504564,32.55184851217313,67.595
2026-01-01 05:25:00,E1,89.31,5.26,60.48,432,11.62,51.68333333333334,4.837084313066845,37.177280550774526,48.312999999999995
2026-01-01 05:30:00,E4,10.23,52.12,49.35,6274,4.73,37.23333333333333,613.2942326490713,1326.4270613107822,29.244
2026-01-01 05:35:00,E4,76.26,58.97,25.71,6896,10.75,53.646666666666675,90.42748492001049,641.4883720930233,44.535
2026-01-01 05:40:00,E4,59.89,58.71,70.58,208,8.86,63.06,3.4730338954750377,23.476297968397294,52.654999999999994
2026-01-01 05:45:00,E3,47.75,7.71,13.17,4153,7.69,22.876666666666665,86.9738219895288,540.0520156046814,21.355999999999998
2026-01-01 05:50:00,E4,47.42,39.31,94.1,1845,8.73,60.276666666666664,38.90763390974272,211.340206185567,52.064
2026-01-01 05:55:00,E3,72.34,79.86,86.06,7969,9.25,79.42,110.16035388443461,861.5135135135135,65.342
2026-01-01 06:00:00,E1,87.99,77.74,33.99,3129,11.09,66.57333333333334,35.56085918854416,282.1460775473399,54.36
2026-01-01 06:05:00,E4,36.56,61.41,19.36,6187,8.5,39.11,169.22866520787744,727.8823529411765,30.758
2026-01-01 06:10:00,E1,73.09,23.55,22.16,7387,11.69,39.6,101.06717745245587,631.9076133447392,35.623
2026-01-01 06:15:00,E1,33.69,54.8,92.99,1712,6.09,60.49333333333333,50.81626595428911,281.11658456486043,50.182
2026-01-01 06:20:00,E2,37.84,46.74,81.64,7228,7.93,55.40666666666667,191.014799154334,911.4754098360656,46.778000000000006
2026-01-01 06:25:00,E3,74.61,12.75,30.26,6908,10.46,39.20666666666667,92.58812491623107,660.4206500956022,36.102999999999994
2026-01-01 06:30:00,E3,97.63,85.59,33.4,6870,13.02,72.20666666666666,70.36771484174946,527.6497695852535,59.03099999999999
2026-01-01 06:35:00,E2,79.56,73.0,82.11,3454,12.17,78.22333333333334,43.413775766716945,283.8126540673788,65.535
2026-01-01 06:40:00,E4,61.18,73.05,98.35,3858,9.77,77.52666666666666,63.05982347172279,394.8822927328557,64.42299999999999
2026-01-01 06:45:00,E2,34.13,27.0,84.63,3741,7.68,48.586666666666666,109.61031350717843,487.109375,42.564
2026-01-01 06:50:00,E2,70.41,6.44,87.1,2444,10.7,54.65,34.710978554182645,228.41121495327104,50.681
2026-01-01 06:55:00,E2,95.68,22.07,47.7,5281,12.07,55.15,55.194397993311036,437.53106876553437,49.842000000000006
2026-01-01 07:00:00,E4,74.21,49.99,25.09,7930,11.47,49.76333333333333,106.85891389300635,691.3687881429817,42.081999999999994
2026-01-01 07:05:00,E3,50.08,86.14,25.76,5266,8.19,53.99333333333333,105.15175718849841,642.979242979243,41.618
2026-01-01 07:10:00,E4,19.17,56.68,17.12,1534,5.89,30.99,80.02086593635889,260.4414261460102,23.401
2026-01-01 07:15:00,E2,51.07,84.84,49.14,3693,9.09,61.68333333333334,72.31251223810456,406.2706270627063,48.849
2026-01-01 07:20:00,E2,98.21,62.7,35.24,4512,10.61,65.38333333333334,45.94236839425721,425.25918944392083,54.697
2026-01-01 07:25:00,E1,73.0,18.45,67.61,6255,10.54,53.02,85.68493150684931,593.4535104364327,47.980999999999995
2026-01-01 07:30:00,E2,79.49,61.34,67.13,7711,9.01,69.32,97.00591269342057,855.826859045505,58.05599999999999
2026-01-01 07:35:00,E2,23.39,8.58,55.01,2850,6.32,28.99333333333333,121.8469431380932,450.9493670886076,26.5
2026-01-01 07:40:00,E2,63.94,28.58,81.94,5434,10.66,58.15333333333333,84.98592430403504,509.7560975609756,51.611999999999995
2026-01-01 07:45:00,E3,38.88,31.07,24.43,3680,9.42,31.459999999999997,94.65020576131687,390.6581740976645,27.091
2026-01-01 07:50:00,E4,99.82,46.73,24.07,6985,12.76,56.87333333333333,69.97595672209978,547.4137931034483,49.065000000000005
2026-01-01 07:55:00,E4,14.87,33.82,69.71,1123,4.22,39.46666666666666,75.52118359112308,266.1137440758294,32.982
2026-01-01 08:00:00,E1,29.88,92.37,11.23,7876,5.23,44.49333333333333,263.5876840696118,1505.927342256214,31.852999999999998
2026-01-01 08:05:00,E4,40.0,52.77,87.17,1630,9.28,59.98,40.75,175.64655172413794,50.561
2026-01-01 08:10:00,E3,79.8,73.85,39.92,7646,8.9,64.52333333333333,95.81453634085213,859.1011235955056,52.465999999999994
2026-01-01 08:15:00,E4,77.16,43.05,79.64,6116,10.86,66.61666666666666,79.26386728875065,563.1675874769797,57.821999999999996
2026-01-01 08:20:00,E2,77.66,83.79,75.7,671,8.65,79.05,8.640226628895185,77.57225433526011,64.496
2026-01-01 08:25:00,E1,57.3,73.31,54.1,320,9.44,61.57,5.5846422338568935,33.898305084745765,49.96999999999999
2026-01-01 08:30:00,E1,45.87,92.05,10.76,2892,8.39,49.559999999999995,63.047743623283196,344.6960667461263,37.077
2026-01-01 08:35:00,E1,22.6,14.55,59.46,1130,5.9,32.20333333333334,50.0,191.52542372881354,28.708000000000002
2026-01-01 08:40:00,E4,37.41,59.16,63.63,6719,8.28,53.4,179.60438385458434,811.4734299516908,43.8
2026-01-01 08:45:00,E4,47.72,98.5,38.04,4814,7.41,61.419999999999995,100.88013411567478,649.6626180836707,46.910000000000004
2026-01-01 08:50:00,E1,91.9,43.75,68.32,1426,10.94,67.99,15.516866158868334,130.3473491773309,59.004000000000005
2026-01-01 08:55:00,E3,74.4,5.96,17.48,5778,9.04,32.61333333333334,77.66129032258064,639.1592920353983,30.564
2026-01-01 09:00:00,E4,51.71,72.08,60.3,7015,8.01,61.36333333333332,135.66041384645135,875.7802746566791,49.621
2026-01-01 09:05:00,E4,58.87,71.28,66.75,2609,8.77,65.63333333333334,44.3179887888568,297.4914481185861,53.69599999999999
2026-01-01 09:10:00,E4,39.62,44.75,79.66,3978,8.82,54.67666666666667,100.40383644623928,451.0204081632653,46.498
2026-01-01 09:15:00,E2,90.2,54.12,35.72,2695,11.43,60.01333333333333,29.878048780487806,235.7830271216098,50.886
2026-01-01 09:20:00,E3,61.44,8.82,39.27,5825,9.24,36.51,94.80794270833334,630.4112554112554,33.824999999999996
2026-01-01 09:25:00,E3,61.7,39.0,45.23,6690,10.69,48.64333333333334,108.42787682333874,625.8185219831619,42.017
2026-01-01 09:30:00,E4,83.88,82.47,83.42,2611,9.84,83.25666666666666,31.127801621363854,265.3455284552846,68.652
2026-01-01 09:35:00,E4,97.59,33.61,81.25,4948,10.14,70.81666666666666,50.70191617993647,487.9684418145956,62.402
2026-01-01 09:40:00,E1,66.81,49.41,91.27,4128,8.86,69.16333333333334,61.78715761113605,465.91422121896164,59.077999999999996
2026-01-01 09:45:00,E3,68.52,52.73,43.44,7942,11.12,54.89666666666667,115.90776415645068,714.2086330935252,46.35799999999999
2026-01-01 09:50:00,E1,59.14,11.28,43.19,2516,10.3,37.87,42.543118025025365,244.27184466019415,35.015
2026-01-01 09:55:00,E4,61.58,29.92,62.24,4159,9.7,51.24666666666667,67.53816174082495,428.7628865979382,45.07
2026-01-01 10:00:00,E1,40.55,30.98,41.23,4358,8.65,37.586666666666666,107.47225647348952,503.8150289017341,32.459999999999994
2026-01-01 10:05:00,E3,11.9,41.43,93.23,3254,5.38,48.85333333333333,273.4453781512605,604.8327137546469,40.901
2026-01-01 10:10:00,E1,40.95,61.97,93.44,7935,7.42,65.45333333333333,193.77289377289375,1069.4070080862534,54.195
2026-01-01 10:15:00,E2,59.25,30.45,53.29,289,7.91,47.663333333333334,4.877637130801688,36.53603034134007,41.434
2026-01-01 10:20:00,E2,66.5,93.01,19.83,6329,7.59,59.779999999999994,95.17293233082707,833.8603425559947,46.019
2026-01-01 10:25:00,E1,79.54,26.93,83.07,2539,10.08,63.18,31.921046014583855,251.88492063492063,56.184999999999995
2026-01-01 10:30:00,E1,70.69,22.33,27.93,5399,8.44,40.31666666666666,76.37572499646343,639.6919431279621,35.74
2026-01-01 10:35:00,E4,67.51,52.46,41.25,2295,8.77,53.74,33.99496370908013,261.68757126567846,44.874
2026-01-01 10:40:00,E1,11.83,29.84,21.33,4407,4.53,21.0,372.5274725274725,972.8476821192053,16.822
2026-01-01 10:45:00,E1,98.1,46.02,10.98,5786,12.62,51.699999999999996,58.98063200815495,458.4786053882726,44.452
2026-01-01 10:50:00,E3,63.92,20.34,92.24,4335,10.97,58.833333333333336,67.81914893617021,395.1686417502279,53.11
2026-01-01 10:55:00,E3,39.17,50.29,32.24,522,8.99,40.56666666666667,13.326525402093438,58.064516129032256,33.278999999999996
2026-01-01 11:00:00,E1,35.86,76.21,92.85,1143,8.88,68.30666666666666,31.873954266592303,128.7162162162162,55.631
2026-01-01 11:05:00,E3,83.86,7.24,86.89,2908,10.73,59.330000000000005,34.676842356308136,271.0158434296365,54.819
2026-01-01 11:10:00,E2,99.34,7.11,38.02,7323,11.62,48.156666666666666,73.71652909200725,630.2065404475044,44.954
2026-01-01 11:15:00,E1,26.56,20.56,34.13,7667,7.87,27.083333333333332,288.6671686746988,974.2058449809402,23.893
2026-01-01 11:20:00,E1,24.07,80.81,66.54,4644,8.2,57.14000000000001,192.93726630660572,566.3414634146342,44.985
2026-01-01 11:25:00,E4,56.47,35.17,23.49,986,9.15,38.376666666666665,17.46059854790154,107.75956284153006,32.852000000000004
2026-01-01 11:30:00,E3,68.09,69.37,58.63,4293,8.12,65.36333333333333,63.04890585989132,528.6945812807883,53.514
2026-01-01 11:35:00,E3,55.87,5.14,62.87,3344,9.92,41.29333333333333,59.85323071415787,337.0967741935484,38.63399999999999
2026-01-01 11:40:00,E4,11.82,49.98,53.19,6770,4.27,38.33,572.7580372250422,1585.4800936768152,30.352999999999998
2026-01-01 11:45:00,E4,15.33,31.33,14.68,2028,4.6,20.446666666666665,132.28962818003913,440.8695652173913,16.189
2026-01-01 11:50:00,E1,78.2,16.98,15.73,3309,8.53,36.970000000000006,42.31457800511509,387.9249706916765,33.281000000000006
2026-01-01 11:55:00,E1,35.71,53.84,20.04,4676,6.98,36.53,130.94371324558946,669.9140401146132,28.889000000000003
2026-01-01 12:00:00,E4,17.05,85.59,43.96,6494,4.7,48.86666666666667,380.8797653958944,1381.7021276595744,36.361000000000004
2026-01-01 12:05:00,E2,53.52,14.69,87.9,6654,9.46,52.03666666666667,124.32735426008968,703.38266384778,47.25600000000001
2026-01-01 12:10:00,E1,70.03,81.2,84.4,5752,7.9,78.54333333333334,82.1362273311438,728.1012658227847,64.149
2026-01-01 12:15:00,E1,44.8,46.73,10.79,3747,7.5,34.10666666666666,83.63839285714286,499.6,27.523
2026-01-01 12:20:00,E4,20.38,48.31,24.38,4821,7.97,31.02333333333333,236.55544651619235,604.8933500627353,24.684
2026-01-01 12:25:00,E1,26.1,59.08,46.26,7570,7.75,43.81333333333333,290.0383141762452,976.7741935483871,35.074
2026-01-01 12:30:00,E2,85.81,70.27,87.27,3130,12.52,81.11666666666666,36.47593520568698,250.0,68.482
2026-01-01 12:35:00,E4,60.35,61.46,74.49,5068,8.64,65.43333333333334,83.976801988401,586.574074074074,54.472
2026-01-01 12:40:00,E2,63.98,77.23,28.83,4656,10.97,56.68000000000001,72.77274148171304,424.43026435733816,45.483000000000004
2026-01-01 12:45:00,E2,11.7,9.64,40.92,3803,6.15,20.753333333333334,325.04273504273505,618.3739837398374,18.944
2026-01-01 12:50:00,E2,74.7,14.65,79.49,6179,9.58,56.28,82.71753681392235,644.9895615866388,51.102999999999994
2026-01-01 12:55:00,E4,89.73,85.42,46.71,6864,12.64,73.95333333333333,76.49615513206285,543.0379746835442,60.544
2026-01-01 13:00:00,E3,33.62,89.75,30.16,6113,6.07,51.17666666666667,181.82629387269483,1007.0840197693575,38.297999999999995
2026-01-01 13:05:00,E4,32.62,11.98,47.41,4983,6.27,30.669999999999998,152.75904353157574,794.7368421052632,27.659000000000002
2026-01-01 13:10:00,E3,45.44,51.62,94.86,244,8.98,63.973333333333336,5.369718309859155,27.171492204899774,54.21
2026-01-01 13:15:00,E2,15.77,25.61,43.93,6573,4.19,28.436666666666667,416.80405833861766,1568.7350835322195,23.87
2026-01-01 13:20:00,E4,59.47,91.08,70.48,5697,7.28,73.67666666666668,95.79619976458719,782.554945054945,58.65700000000001
2026-01-01 13:25:00,E2,30.16,86.11,74.83,7979,7.11,63.699999999999996,264.5557029177719,1122.2222222222222,50.141
2026-01-01 13:30:00,E4,16.04,22.76,49.67,3440,6.44,29.49,214.4638403990025,534.1614906832298,25.553
2026-01-01 13:35:00,E2,31.39,31.08,10.8,1264,8.36,24.423333333333332,40.267601146862056,151.19617224880383,20.544999999999998
2026-01-01 13:40:00,E2,57.62,20.36,36.42,5171,10.39,38.13333333333333,89.74314474140924,497.6900866217517,34.362
2026-01-01 13:45:00,E1,59.61,39.92,78.35,3325,10.23,59.29333333333333,55.77923167253817,325.0244379276637,51.418
2026-01-01 13:50:00,E2,71.05,79.14,99.9,528,11.27,83.36333333333333,7.431386347642506,46.850044365572316,69.367
2026-01-01 13:55:00,E1,46.16,5.01,61.22,6666,8.68,37.46333333333333,144.4107452339688,767.9723502304148,34.952
2026-01-01 14:00:00,E2,90.66,39.81,27.19,7531,9.67,52.553333333333335,83.06860798588131,778.8004136504653,45.25099999999999
2026-01-01 14:05:00,E1,76.72,13.07,23.47,479,11.58,37.75333333333333,6.243482794577686,41.36442141623489,34.987
2026-01-01 14:10:00,E4,53.55,37.05,25.1,1599,8.11,38.56666666666666,29.859943977591037,197.16399506781752,32.626999999999995
2026-01-01 14:15:00,E2,92.24,91.46,80.88,7251,13.14,88.19333333333333,78.61014744145707,551.8264840182649,72.856
2026-01-01 14:20:00,E3,37.39,19.27,47.61,7237,7.58,34.75666666666667,193.5544263171971,954.7493403693932,30.869999999999997
2026-01-01 14:25:00,E3,17.54,54.53,31.81,2411,4.49,34.626666666666665,137.45724059293045,536.9710467706013,26.608999999999998
2026-01-01 14:30:00,E1,43.95,49.2,89.21,5220,8.13,60.78666666666667,118.77133105802046,642.0664206642066,51.413999999999994
2026-01-01 14:35:00,E3,56.08,86.94,90.14,746,9.32,77.71999999999998,13.302425106990015,80.04291845493562,63.118
2026-01-01 14:40:00,E2,95.44,45.45,60.62,6145,9.76,67.17,64.38600167644594,629.610655737705,57.86
2026-01-01 14:45:00,E2,28.48,32.48,92.11,7491,5.46,51.02333333333333,263.02668539325845,1371.978021978022,43.765
2026-01-01 14:50:00,E2,15.24,52.08,27.84,6197,6.59,31.72,406.6272965879265,940.3641881638847,24.658
2026-01-01 14:55:00,E1,52.55,55.71,34.33,1137,9.54,47.529999999999994,21.636536631779258,119.18238993710693,39.114000000000004
2026-01-01 15:00:00,E3,56.12,8.99,18.21,2720,8.54,27.77333333333333,48.467569493941554,318.5011709601874,25.805
2026-01-01 15:05:00,E2,60.76,72.97,58.02,2619,9.42,63.916666666666664,43.104015799868336,278.02547770700636,52.112
2026-01-01 15:10:00,E4,36.75,33.75,49.65,4061,8.12,40.050000000000004,110.50340136054422,500.12315270935966,34.294000000000004
2026-01-01 15:15:00,E2,37.82,81.55,76.68,6366,6.78,65.35000000000001,168.32363828662082,938.9380530973451,52.016
2026-01-01 15:20:00,E4,16.63,27.96,52.69,818,4.47,32.42666666666667,49.18821407095611,182.9977628635347,27.281999999999996
2026-01-01 15:25:00,E1,45.22,64.13,64.22,504,6.16,57.85666666666666,11.145510835913313,81.81818181818181,46.89
2026-01-01 15:30:00,E1,87.02,19.06,47.44,5055,11.84,51.173333333333325,58.09009423121122,426.94256756756755,46.518
2026-01-01 15:35:00,E1,38.59,65.07,31.91,364,9.45,45.19,9.43249546514641,38.51851851851852,36.054
2026-01-01 15:40:00,E1,22.34,38.6,12.6,6949,5.99,24.513333333333332,311.05640107430617,1160.100166944908,19.400000000000002
2026-01-01 15:45:00,E1,23.01,54.02,54.78,6898,6.54,43.93666666666667,299.7827031725337,1054.7400611620794,35.449000000000005
2026-01-01 15:50:00,E4,65.86,69.13,32.29,565,9.17,55.76,8.578803522623748,61.61395856052344,45.105000000000004
2026-01-01 15:55:00,E4,78.39,65.35,84.07,1475,8.63,75.93666666666667,18.816175532593444,170.91541135573578,63.534
2026-01-01 16:00:00,E3,37.98,97.01,31.02,7919,7.56,55.33666666666667,208.50447604002107,1047.4867724867725,41.614
2026-01-01 16:05:00,E2,84.73,24.72,19.69,4823,11.61,43.046666666666674,56.92198748967308,415.4177433247201,38.592
2026-01-01 16:10:00,E2,18.13,50.99,38.31,438,6.3,35.81,24.158852730281303,69.52380952380953,28.390000000000004
2026-01-01 16:15:00,E1,12.73,9.32,86.12,189,4.35,36.056666666666665,14.846818538884524,43.44827586206897,32.389
2026-01-01 16:20:00,E1,62.84,64.29,81.9,7354,8.96,69.67666666666668,117.02737110120941,820.7589285714284,58.072
2026-01-01 16:25:00,E1,18.17,50.05,43.46,4453,8.12,37.22666666666667,245.07429829389102,548.3990147783252,30.123
2026-01-01 16:30:00,E4,45.78,74.9,15.13,2415,8.25,45.27,52.75229357798165,292.72727272727275,34.903
2026-01-01 16:35:00,E2,90.58,98.3,95.07,2865,10.59,94.64999999999999,31.629498785603886,270.53824362606235,77.473
2026-01-01 16:40:00,E2,49.7,9.63,96.16,3953,7.86,51.830000000000005,79.53722334004024,502.92620865139946,47.256
2026-01-01 16:45:00,E4,75.53,45.7,72.47,4896,11.37,64.56666666666666,64.82192506288892,430.60686015831135,55.814
2026-01-01 16:50:00,E3,39.98,93.52,75.83,5600,6.67,69.77666666666666,140.07003501750876,839.5802098950525,54.781000000000006
2026-01-01 16:55:00,E3,55.25,14.75,27.83,4285,10.65,32.61,77.55656108597285,402.34741784037556,30.003999999999994
2026-01-01 17:00:00,E2,33.72,36.34,40.74,2298,5.53,36.93333333333334,68.14946619217082,415.5515370705244,30.712000000000003
2026-01-01 17:05:00,E3,67.76,43.43,66.74,1080,8.34,59.31,15.938606847697756,129.49640287769785,50.704
2026-01-01 17:10:00,E1,14.99,14.83,31.15,3064,6.38,20.323333333333334,204.40293529019345,480.2507836990596,18.084
2026-01-01 17:15:00,E3,86.23,92.65,97.19,6924,10.73,92.02333333333333,80.29688043604314,645.2935694315005,75.702
2026-01-01 17:20:00,E3,24.33,43.7,76.02,1955,6.47,48.01666666666667,80.35347307850391,302.16383307573415,40.138999999999996
2026-01-01 17:25:00,E1,18.73,88.57,46.69,2767,8.2,51.330000000000005,147.73091297383877,337.43902439024396,38.98
2026-01-01 17:30:00,E1,70.53,78.02,39.1,7868,10.04,62.550000000000004,111.55536651070466,783.6653386454184,50.501
2026-01-01 17:35:00,E3,67.85,41.67,39.88,586,8.92,49.800000000000004,8.636698599852616,65.69506726457399,42.437
2026-01-01 17:40:00,E1,45.34,57.39,91.23,5280,8.9,64.65333333333334,116.45346272606969,593.2584269662921,54.229
2026-01-01 17:45:00,E3,41.19,42.6,67.49,2494,8.84,50.426666666666655,60.548676863316345,282.12669683257917,42.891999999999996
2026-01-01 17:50:00,E3,46.42,77.06,70.97,1370,9.34,64.81666666666666,29.51314088754847,146.6809421841542,52.49700000000001
2026-01-01 17:55:00,E4,94.12,94.88,25.73,7959,9.93,71.57666666666667,84.5622609434764,801.5105740181269,56.917
2026-01-01 18:00:00,E1,60.58,15.11,49.0,5161,7.19,41.56333333333333,85.19313304721031,717.8025034770515,37.334
2026-01-01 18:05:00,E1,39.12,6.44,74.09,4188,8.72,39.88333333333333,107.05521472392638,480.27522935779814,36.995
2026-01-01 18:10:00,E1,65.87,86.81,82.89,7803,10.35,78.52333333333333,118.46060422043418,753.9130434782609,64.06
2026-01-01 18:15:00,E2,14.31,24.11,34.9,6174,7.86,24.439999999999998,431.4465408805031,785.4961832061068,21.157
2026-01-01 18:20:00,E3,10.41,90.71,15.94,1483,4.46,39.019999999999996,142.4591738712776,332.5112107623318,26.939
2026-01-01 18:25:00,E2,93.02,54.58,87.4,4370,11.11,78.33333333333333,46.97914427004945,393.33933393339333,67.264
2026-01-01 18:30:00,E3,82.4,23.12,65.63,3412,9.4,57.050000000000004,41.40776699029126,362.97872340425533,50.913000000000004
2026-01-01 18:35:00,E4,36.84,15.96,50.85,4612,6.31,34.550000000000004,125.19001085776328,730.9033280507132,30.761000000000003
2026-01-01 18:40:00,E2,30.55,20.4,58.15,5164,9.04,36.36666666666667,169.0343698854337,571.2389380530974,32.498
2026-01-01 18:45:00,E1,22.14,47.94,79.88,7123,5.35,49.98666666666666,321.72538392050586,1331.4018691588785,41.264
2026-01-01 18:50:00,E3,46.48,34.51,37.74,3053,7.42,39.57666666666666,65.68416523235801,411.455525606469,33.652
2026-01-01 18:55:00,E2,54.64,16.28,80.53,2543,6.71,50.48333333333333,46.54099560761347,378.9865871833085,45.149
2026-01-01 19:00:00,E1,37.73,36.77,56.5,5687,7.66,43.666666666666664,150.72886297376095,742.4281984334203,37.155
2026-01-01 19:05:00,E2,38.81,79.57,43.92,1893,6.04,54.1,48.77608863694924,313.41059602649005,41.941
2026-01-01 19:10:00,E4,68.71,48.03,97.58,1405,9.44,71.44,20.448260806287298,148.83474576271186,61.38099999999999
2026-01-01 19:15:00,E1,46.07,58.57,68.67,4778,9.82,57.77,103.71174299978294,486.5580448065173,48.099999999999994
2026-01-01 19:20:00,E2,56.36,54.57,12.07,3325,7.12,41.0,58.99574166075231,466.9943820224719,32.867
2026-01-01 19:25:00,E2,34.39,51.51,62.88,5462,9.23,49.593333333333334,158.8252398953184,591.7659804983748,41.32900000000001
2026-01-01 19:30:00,E1,36.82,85.43,10.78,2585,7.55,44.343333333333334,70.20640956002173,342.3841059602649,32.876
2026-01-01 19:35:00,E1,52.99,50.0,36.42,7430,10.33,46.470000000000006,140.21513493111908,719.2642787996127,38.889
2026-01-01 19:40:00,E1,47.0,88.67,22.57,5575,6.19,52.74666666666667,118.61702127659575,900.6462035541194,39.843
2026-01-01 19:45:00,E2,16.84,20.53,63.81,2420,4.55,33.72666666666667,143.70546318289786,531.8681318681319,29.211000000000002
2026-01-01 19:50:00,E1,13.06,94.17,50.52,5051,7.42,52.583333333333336,386.7534456355283,680.7277628032346,39.392
2026-01-01 19:55:00,E1,87.04,97.21,62.37,163,9.76,82.20666666666666,1.8727022058823528,16.700819672131146,66.217
2026-01-01 20:00:00,E3,74.83,91.0,90.57,216,9.47,85.46666666666665,2.8865428304156087,22.80887011615628,69.714
2026-01-01 20:05:00,E1,68.01,31.19,36.57,2400,9.38,45.25666666666667,35.288928098808995,255.863539445629,39.488
2026-01-01 20:10:00,E1,24.39,61.21,24.91,4725,5.14,36.836666666666666,193.72693726937268,919.2607003891051,28.06
2026-01-01 20:15:00,E4,40.54,23.79,12.27,5161,7.43,25.53333333333333,127.30636408485447,694.6164199192464,22.087
2026-01-01 20:20:00,E4,46.35,69.29,42.82,7518,8.31,52.82,162.20064724919092,904.6931407942237,42.271
2026-01-01 20:25:00,E2,80.21,20.88,90.62,5449,11.48,63.90333333333333,67.93417279640943,474.65156794425087,57.721
2026-01-01 20:30:00,E3,55.11,99.55,23.43,3525,10.48,59.36333333333334,63.96298312465977,336.35496183206106,45.568
2026-01-01 20:35:00,E1,76.01,93.45,72.74,6138,10.1,80.73333333333333,80.75253256150506,607.7227722772277,65.335
2026-01-01 20:40:00,E3,95.89,66.07,15.98,2865,12.86,59.313333333333325,29.877985191365106,222.78382581648523,49.346999999999994
2026-01-01 20:45:00,E3,47.93,93.48,20.38,1643,7.46,53.93,34.27915710411016,220.24128686327077,40.681
2026-01-01 20:50:00,E3,77.13,38.49,23.84,855,9.4,46.48666666666667,11.085180863477246,90.95744680851064,39.869
2026-01-01 20:55:00,E4,89.05,91.42,40.19,6363,9.24,73.55333333333333,71.45423919146548,688.6363636363636,58.903999999999996
2026-01-01 21:00:00,E2,82.01,71.39,88.9,6091,11.33,80.76666666666667,74.27143031337641,537.5992939099735,67.81700000000001
2026-01-01 21:05:00,E1,89.78,20.75,20.66,2568,9.35,43.73,28.603252394742704,274.65240641711233,39.152
2026-01-01 21:10:00,E2,14.0,99.22,50.42,5374,4.66,54.54666666666666,383.85714285714283,1153.2188841201717,40.102000000000004
2026-01-01 21:15:00,E2,62.67,30.09,18.51,1121,7.94,37.09,17.887346417743736,141.18387909319898,31.96
2026-01-01 21:20:00,E1,68.05,19.26,53.33,368,7.88,46.879999999999995,5.407788390889053,46.7005076142132,41.842
2026-01-01 21:25:00,E3,72.08,32.7,26.37,6074,11.02,43.71666666666667,84.26748057713651,551.1796733212342,38.279
2026-01-01 21:30:00,E1,66.39,11.82,37.6,255,10.99,38.60333333333333,3.8409399005874376,23.202911737943584,35.759
2026-01-01 21:35:00,E1,16.0,81.52,49.95,1737,6.63,49.156666666666666,108.5625,261.99095022624437,37.415
2026-01-01 21:40:00,E2,67.0,82.55,37.59,2679,8.49,62.38,39.985074626865675,315.547703180212,49.585
2026-01-01 21:45:00,E4,50.23,89.41,48.09,7353,8.02,62.57666666666666,146.38662154091182,916.8329177057357,48.982
2026-01-01 21:50:00,E2,42.91,41.96,38.47,6640,9.15,41.11333333333334,154.74248426940107,725.6830601092896,34.635999999999996
2026-01-01 21:55:00,E4,16.71,6.62,56.66,1987,7.56,26.66333333333333,118.91083183722321,262.83068783068785,24.846999999999998
2026-01-01 22:00:00,E4,78.38,72.43,84.45,1842,9.41,78.42,23.500893084970656,195.74920297555792,65.217
2026-01-01 22:05:00,E3,69.47,95.02,79.45,3647,9.22,81.31333333333333,52.497480927018856,395.55314533622555,65.524
2026-01-01 22:10:00,E2,15.33,86.95,34.18,1216,7.38,45.48666666666667,79.32159165035877,164.76964769647697,33.719
2026-01-01 22:15:00,E2,67.42,56.35,26.91,2267,10.6,50.22666666666667,33.62503708098487,213.8679245283019,41.689
2026-01-01 22:20:00,E2,41.67,13.89,55.8,4626,9.46,37.12,111.01511879049676,489.00634249471454,33.911
2026-01-01 22:25:00,E3,64.32,37.71,88.46,4669,8.85,63.49666666666667,72.59017412935324,527.5706214689266,55.145999999999994
2026-01-01 22:30:00,E4,29.82,46.6,74.68,1406,7.85,50.366666666666674,47.1495640509725,179.10828025477707,42.24
2026-01-01 22:35:00,E3,63.05,26.89,30.04,2427,7.69,39.99333333333333,38.493259318001584,315.6046814044213,34.843
2026-01-01 22:40:00,E1,97.5,92.56,69.15,6054,13.27,86.40333333333335,62.09230769230769,456.21703089675964,71.161
2026-01-01 22:45:00,E4,95.85,86.38,82.66,3211,10.54,88.29666666666667,33.50026082420449,304.6489563567363,72.937
2026-01-01 22:50:00,E4,52.32,39.64,47.71,581,10.23,46.55666666666667,11.10474006116208,56.79374389051808,39.983000000000004
2026-01-01 22:55:00,E1,99.18,96.34,65.09,796,13.5,86.87,8.02581165557572,58.96296296296296,71.24900000000001
2026-01-01 23:00:00,E2,64.96,46.4,35.21,1944,9.93,48.85666666666666,29.92610837438424,195.7703927492447,41.31699999999999
2026-01-01 23:05:00,E3,20.23,42.57,48.28,4279,7.17,37.026666666666664,211.51754819574887,596.792189679219,30.501
2026-01-01 23:10:00,E1,29.91,67.5,52.66,6305,5.78,50.02333333333333,210.7990638582414,1090.8304498269895,39.427
2026-01-01 23:15:00,E2,62.05,75.96,31.01,4851,8.6,56.339999999999996,78.17888799355359,564.0697674418604,44.83
2026-01-01 23:20:00,E4,20.53,28.04,51.5,6469,4.42,33.35666666666666,315.09985387238186,1463.5746606334842,28.101
2026-01-01 23:25:00,E1,33.62,92.53,33.22,3609,6.1,53.123333333333335,107.34681737061274,591.6393442622951,39.778
2026-01-01 23:30:00,E1,20.6,89.23,43.58,7232,5.55,51.13666666666668,351.06796116504853,1303.063063063063,38.21
2026-01-01 23:35:00,E1,77.19,54.29,47.4,890,8.74,59.626666666666665,11.529990931467808,101.83066361556064,49.983
2026-01-01 23:40:00,E3,76.51,44.14,18.64,6389,10.52,46.43000000000001,83.50542412756502,607.319391634981,39.477
2026-01-01 23:45:00,E4,17.04,17.41,24.93,5626,4.95,19.793333333333333,330.1643192488263,1136.5656565656566,17.063
2026-01-01 23:50:00,E4,56.49,67.97,88.39,4069,8.67,70.95,72.03044786687909,469.3194925028835,58.792
2026-01-01 23:55:00,E3,89.85,37.81,48.84,5573,11.2,58.833333333333336,62.02559821925432,497.5892857142857,51.409
2026-01-02 00:00:00,E2,17.31,51.55,90.62,799,4.97,53.160000000000004,46.15829000577701,160.76458752515092,43.683
2026-01-02 00:05:00,E1,89.03,50.15,46.99,2322,11.84,62.05666666666667,26.081096259687744,196.11486486486487,53.20400000000001
2026-01-02 00:10:00,E3,36.0,24.08,87.62,4838,7.86,49.23333333333333,134.38888888888889,615.5216284987278,43.474000000000004
2026-01-02 00:15:00,E3,86.27,41.88,80.87,3400,9.04,69.67333333333333,39.4111510374406,376.1061946902655,60.326
2026-01-02 00:20:00,E2,90.79,52.44,37.56,4203,10.24,60.26333333333334,46.29364467452362,410.44921875,51.041000000000004
2026-01-02 00:25:00,E2,65.35,86.11,13.23,2045,10.74,54.896666666666654,31.293037490436117,190.4096834264432,42.944
2026-01-02 00:30:00,E1,74.69,55.19,99.35,7657,11.53,76.41,102.51707055830768,664.093668690373,65.556
2026-01-02 00:35:00,E1,34.55,99.64,89.63,118,6.46,74.60666666666667,3.4153400868306805,18.26625386996904,58.474000000000004
2026-01-02 00:40:00,E4,40.79,29.84,11.31,3325,6.04,27.313333333333333,81.51507722481,550.4966887417219,22.805999999999997
2026-01-02 00:45:00,E4,93.32,22.59,66.25,6895,11.03,60.72,73.88555507929705,625.1133272892113,54.595
2026-01-02 00:50:00,E3,70.08,76.5,15.37,5926,11.01,53.98333333333333,84.56050228310502,538.2379654859219,43.13699999999999
2026-01-02 00:55:00,E1,28.93,34.59,21.99,4291,5.57,28.503333333333334,148.32353957829244,770.3770197486534,23.308000000000003
2026-01-02 01:00:00,E1,68.67,93.48,87.55,7045,8.92,83.23333333333333,102.59210717926314,789.7982062780269,67.346
2026-01-02 01:05:00,E4,92.55,76.11,50.93,3838,10.65,73.19666666666667,41.46947595894112,360.3755868544601,60.395999999999994
2026-01-02 01:10:00,E1,37.61,59.8,73.47,968,8.1,56.96,25.737835681999467,119.50617283950618,46.904
2026-01-02 01:15:00,E4,83.69,14.76,55.95,3118,11.94,51.46666666666667,37.25654200023898,261.1390284757119,47.23199999999999
2026-01-02 01:20:00,E1,39.53,99.1,38.97,3352,7.44,59.199999999999996,84.79635719706552,450.5376344086021,44.858000000000004
2026-01-02 01:25:00,E4,56.21,89.24,87.91,1909,6.78,77.78666666666666,33.96192848247643,281.56342182890853,62.44
2026-01-02 01:30:00,E4,86.87,5.65,37.43,4223,12.24,43.31666666666667,48.61286980545643,345.016339869281,40.868
2026-01-02 01:35:00,E1,57.23,41.23,67.76,5665,7.28,55.406666666666666,98.98654551808492,778.1593406593406,47.199
2026-01-02 01:40:00,E4,59.44,69.55,67.64,4112,10.1,65.54333333333334,69.17900403768506,407.1287128712871,54.053999999999995
2026-01-02 01:45:00,E1,89.33,91.22,32.18,1896,11.6,70.91000000000001,21.224672562409044,163.44827586206898,57.017
2026-01-02 01:50:00,E2,91.33,70.86,78.17,4343,9.37,80.12,47.5528303952699,463.5005336179296,66.89599999999999
2026-01-02 01:55:00,E3,93.15,33.4,85.28,650,12.03,70.61,6.977992485238862,54.03158769742311,62.615
2026-01-02 02:00:00,E4,90.26,42.93,14.48,7907,11.2,49.22333333333333,87.60248171947705,705.9821428571429,42.248000000000005
2026-01-02 02:05:00,E4,54.34,19.35,84.04,3452,7.4,52.576666666666675,63.525947736474045,466.48648648648646,46.864
2026-01-02 02:10:00,E3,59.55,31.51,15.42,3402,8.62,35.49333333333333,57.12846347607053,394.6635730858469,30.517
2026-01-02 02:15:00,E2,64.85,92.1,60.85,2787,9.08,72.6,42.97609868928296,306.9383259911894,57.946
2026-01-02 02:20:00,E3,14.45,10.86,91.85,1609,5.98,39.053333333333335,111.34948096885813,269.0635451505016,35.257999999999996
2026-01-02 02:25:00,E4,90.7,47.27,38.55,6866,9.18,58.839999999999996,75.70011025358323,747.9302832244009,50.065
2026-01-02 02:30:00,E2,68.68,33.08,65.4,2783,8.87,55.720000000000006,40.52125800815375,313.7542277339346,48.614000000000004
2026-01-02 02:35:00,E1,44.77,72.73,30.56,2414,9.24,49.35333333333333,53.92003573821755,261.2554112554113,38.993
2026-01-02 02:40:00,E1,35.64,57.96,69.66,735,8.45,54.419999999999995,20.622895622895623,86.98224852071007,44.872
2026-01-02 02:45:00,E2,58.24,92.75,30.77,346,9.33,60.58666666666667,5.940934065934066,37.08467309753483,47.11900000000001
2026-01-02 02:50:00,E1,80.23,14.48,40.42,6231,10.15,45.04333333333333,77.66421538078025,613.8916256157635,41.121
2026-01-02 02:55:00,E3,50.22,55.83,75.42,4685,9.58,60.49,93.289526085225,489.03966597077243,50.774
2026-01-02 03:00:00,E3,81.65,79.05,29.41,4284,10.95,63.37,52.46785058175137,391.2328767123288,51.318
2026-01-02 03:05:00,E3,70.13,9.69,31.56,2077,8.11,37.126666666666665,29.61642663624697,256.1035758323058,34.06699999999999
2026-01-02 03:10:00,E1,80.35,13.19,64.7,4268,9.41,52.74666666666667,53.1176104542626,453.56004250797025,48.03499999999999
2026-01-02 03:15:00,E1,75.92,21.7,83.28,4969,11.84,60.300000000000004,65.45047418335089,419.67905405405406,54.467999999999996
2026-01-02 03:20:00,E2,18.2,62.79,67.23,3085,7.14,49.406666666666666,169.5054945054945,432.07282913165267,39.614999999999995
2026-01-02 03:25:00,E4,25.59,13.86,96.42,1205,5.38,45.29,47.088706525986716,223.97769516728624,40.451
2026-01-02 03:30:00,E4,10.88,43.54,87.72,4364,3.93,47.379999999999995,401.10294117647055,1110.4325699745546,39.074
2026-01-02 03:35:00,E4,58.85,32.21,29.78,5435,10.14,40.28,92.35344095157178,535.9960552268244,35.059
2026-01-02 03:40:00,E3,71.41,82.26,48.85,6433,9.93,67.50666666666667,90.08542220977455,647.8348439073515,54.516
2026-01-02 03:45:00,E1,91.99,78.21,61.35,1580,9.21,77.18333333333332,17.175779976084357,171.55266015200868,63.486
2026-01-02 03:50:00,E2,39.55,68.63,18.13,3463,6.11,42.10333333333333,87.56005056890014,566.7757774140753,32.251999999999995
2026-01-02 03:55:00,E2,80.68,66.24,80.32,5587,12.16,75.74666666666667,69.24888448190381,459.45723684210526,63.98
2026-01-02 04:00:00,E1,45.71,32.7,31.92,7602,7.97,36.776666666666664,166.3093415007657,953.8268506900879,31.423000000000002
2026-01-02 04:05:00,E2,36.53,23.91,86.46,3968,5.54,48.96666666666666,108.62304954831644,716.2454873646209,42.787
2026-01-02 04:10:00,E1,61.51,71.99,64.91,5494,9.23,66.13666666666667,89.3188099496017,595.2329360780064,54.17
2026-01-02 04:15:00,E4,85.43,91.11,33.99,3889,9.96,70.17666666666668,45.52265012290764,390.4618473895582,56.04
2026-01-02 04:20:00,E3,11.18,34.71,83.54,7246,5.08,43.14333333333334,648.1216457960644,1426.3779527559054,36.374
2026-01-02 04:25:00,E3,23.97,5.06,81.64,5219,7.89,36.89,217.7304964539007,661.4702154626109,34.273
2026-01-02 04:30:00,E1,77.07,70.73,46.42,4173,9.9,64.74000000000001,54.14558193849747,421.5151515151515,53.172999999999995
2026-01-02 04:35:00,E2,28.39,20.87,31.39,2963,6.29,26.883333333333336,104.36773511799929,471.0651828298887,23.365999999999996
2026-01-02 04:40:00,E3,25.03,52.55,33.2,2055,5.18,36.92666666666667,82.10147822612865,396.7181467181467,29.015
2026-01-02 04:45:00,E1,81.02,49.37,56.53,520,8.62,62.306666666666665,6.418168353492965,60.32482598607889,52.86299999999999
2026-01-02 04:50:00,E1,81.12,57.12,92.23,1574,12.04,76.82333333333334,19.40335305719921,130.73089700996678,65.837
2026-01-02 04:55:00,E4,69.39,36.09,77.29,1994,9.01,60.92333333333334,28.736129125234182,221.30965593784686,53.024
2026-01-02 05:00:00,E3,73.17,83.42,71.79,3142,10.67,76.12666666666667,42.94109607762744,294.4704779756326,62.30600000000001
2026-01-02 05:05:00,E1,90.61,47.66,33.17,2206,10.17,57.14666666666667,24.346098664606554,216.91248770894788,48.7
2026-01-02 05:10:00,E3,13.55,17.2,10.94,6431,7.15,13.896666666666667,474.6125461254612,899.4405594405594,12.217
2026-01-02 05:15:00,E3,47.32,40.02,83.77,7522,8.47,57.03666666666667,158.96027049873203,888.0755608028335,49.025000000000006
2026-01-02 05:20:00,E4,92.96,75.01,62.82,6647,9.24,76.92999999999999,71.50387263339071,719.3722943722944,63.584
2026-01-02 05:25:00,E3,64.37,76.55,64.95,1532,9.74,68.62333333333333,23.799906788876804,157.28952772073922,56.054
2026-01-02 05:30:00,E1,22.19,38.95,88.65,5383,7.34,49.93000000000001,242.5867507886435,733.3787465940055,42.510000000000005
2026-01-02 05:35:00,E2,40.67,13.45,57.5,3026,7.87,37.20666666666667,74.40373739857388,384.49809402795427,33.714999999999996
2026-01-02 05:40:00,E2,29.63,76.67,57.61,495,6.63,54.63666666666666,16.70604117448532,74.6606334841629,42.832
2026-01-02 05:45:00,E3,69.23,92.87,45.12,4079,9.06,69.07333333333334,58.919543550483894,450.22075055187634,54.691
2026-01-02 05:50:00,E4,64.9,66.92,93.63,5410,8.1,75.14999999999999,83.35901386748844,667.9012345679013,62.562999999999995
2026-01-02 05:55:00,E4,63.84,83.71,78.77,4370,7.55,75.44,68.45238095238095,578.8079470198676,61.035000000000004
2026-01-02 06:00:00,E4,27.85,46.85,34.36,5083,5.55,36.35333333333333,182.51346499102334,915.8558558558559,29.143
2026-01-02 06:05:00,E3,94.69,94.29,52.2,1874,11.55,80.39333333333333,19.790896609990497,162.25108225108224,65.235
2026-01-02 06:10:00,E3,31.93,73.33,89.82,5614,5.91,65.02666666666666,175.8221108675227,949.9153976311336,52.373
2026-01-02 06:15:00,E1,39.08,80.17,39.35,5058,6.66,52.86666666666667,129.42681678607985,759.4594594594595,40.895
2026-01-02 06:20:00,E3,74.51,8.88,13.49,3630,9.22,32.29333333333333,48.71829284659777,393.7093275488069,30.020000000000003
2026-01-02 06:25:00,E1,64.01,36.2,18.69,355,7.83,39.63333333333333,5.546008436181846,45.33844189016603,33.61600000000001
2026-01-02 06:30:00,E4,97.49,40.62,74.06,7595,9.59,70.72333333333333,77.90542619755873,791.970802919708,61.507
2026-01-02 06:35:00,E3,67.2,81.58,69.81,6764,8.45,72.86333333333333,100.6547619047619,800.4733727810651,59.108999999999995
2026-01-02 06:40:00,E2,75.68,38.13,58.95,3585,9.38,57.586666666666666,47.370507399577164,382.1961620469083,49.891
2026-01-02 06:45:00,E1,75.65,83.9,14.48,5429,9.29,58.01,71.76470588235294,584.3918191603875,45.677
2026-01-02 06:50:00,E4,57.6,77.82,72.81,1434,8.51,69.41,24.895833333333332,168.50763807285546,56.388999999999996
2026-01-02 06:55:00,E1,21.69,91.88,40.7,5233,8.19,51.423333333333325,241.263254956201,638.949938949939,38.731
2026-01-02 07:00:00,E3,61.99,74.79,34.78,4347,9.08,57.18666666666667,70.12421358283594,478.74449339207047,45.80500000000001
2026-01-02 07:05:00,E1,45.62,48.37,60.74,3463,9.64,51.57666666666666,75.90968873301185,359.2323651452282,43.51
2026-01-02 07:10:00,E3,64.67,40.37,98.05,263,9.79,67.69666666666666,4.0668006803773,26.864147088866194,58.848
2026-01-02 07:15:00,E2,79.5,71.14,65.52,1344,10.62,72.05333333333333,16.90566037735849,126.5536723163842,59.858000000000004
2026-01-02 07:20:00,E1,10.58,87.74,33.67,6811,5.14,43.99666666666667,643.7618147448015,1325.0972762645915,31.851
2026-01-02 07:25:00,E3,46.18,70.63,77.26,5217,8.66,64.69,112.97098310957125,602.4249422632795,52.89
2026-01-02 07:30:00,E4,43.37,86.0,64.71,436,8.35,64.69333333333333,10.053032049804013,52.215568862275454,51.294
2026-01-02 07:35:00,E4,94.43,54.79,35.47,5494,13.16,61.56333333333333,58.180662924917925,417.4772036474164,52.559999999999995
2026-01-02 07:40:00,E4,17.38,31.23,45.53,3900,6.19,31.38,224.3958573072497,630.0484652665589,26.357
2026-01-02 07:45:00,E1,46.18,11.06,76.95,7334,8.38,44.73,158.81333910783889,875.178997613365,40.827
2026-01-02 07:50:00,E3,29.75,7.17,49.86,1905,6.26,28.926666666666666,64.03361344537815,304.3130990415336,26.568999999999996
2026-01-02 07:55:00,E3,46.79,10.24,60.89,4670,6.83,39.306666666666665,99.80765120752298,683.7481698389458,35.718
2026-01-02 08:00:00,E3,95.72,75.91,13.06,681,11.26,61.56333333333333,7.114500626828249,60.47957371225577,50.068
2026-01-02 08:05:00,E1,22.45,53.85,49.4,146,5.68,41.9,6.503340757238307,25.704225352112676,33.461000000000006
2026-01-02 08:10:00,E1,36.94,63.13,41.17,4215,8.03,47.080000000000005,114.10395235517055,524.9066002490661,37.665
2026-01-02 08:15:00,E3,94.49,92.99,39.96,7627,12.93,75.81333333333333,80.71753624722193,589.8685228151586,61.51899999999999
2026-01-02 08:20:00,E4,16.18,11.53,37.14,4104,4.41,21.616666666666664,253.64647713226205,930.6122448979592,19.184
2026-01-02 08:25:00,E4,81.69,89.24,35.24,4222,11.71,68.72333333333334,51.68319255722855,360.54654141759175,55.269
2026-01-02 08:30:00,E4,56.39,40.13,56.3,4903,8.56,50.94,86.94804043270084,572.7803738317757,43.545
2026-01-02 08:35:00,E1,55.95,5.01,40.26,5708,6.92,33.74,102.01966041108132,824.8554913294798,31.249
2026-01-02 08:40:00,E1,40.69,89.14,37.69,6331,9.39,55.839999999999996,155.59105431309905,674.2279020234291,43.22
2026-01-02 08:45:00,E4,66.68,41.54,61.16,1182,8.75,56.46,17.726454709058185,135.0857142857143,48.41
2026-01-02 08:50:00,E4,83.86,95.11,30.22,3264,11.94,69.73,38.922012878607205,273.3668341708543,55.63399999999999
2026-01-02 08:55:00,E4,46.2,19.66,92.4,388,9.01,52.75333333333333,8.398268398268398,43.06326304106548,47.314
2026-01-02 09:00:00,E4,32.85,67.53,25.27,389,7.35,41.88333333333333,11.841704718417047,52.925170068027214,32.412
2026-01-02 09:05:00,E4,60.6,70.36,88.81,4667,9.03,73.25666666666667,77.01320132013201,516.8327796234773,60.701
2026-01-02 09:10:00,E1,73.75,86.56,63.82,5920,11.89,74.71,80.27118644067797,497.8973927670311,60.961
2026-01-02 09:15:00,E4,73.85,60.85,47.82,4762,10.07,60.839999999999996,64.48205822613406,472.88977159880835,50.68500000000001
2026-01-02 09:20:00,E2,46.39,27.96,83.45,2599,10.07,52.6,56.02500538909248,258.0933465739821,46.558
2026-01-02 09:25:00,E1,98.2,11.78,33.81,1742,10.47,47.93000000000001,17.739307535641547,166.38013371537727,44.053000000000004
2026-01-02 09:30:00,E2,96.28,93.7,40.3,315,12.65,76.76,3.271707519734109,24.90118577075099,62.244
2026-01-02 09:35:00,E2,20.08,73.33,60.67,4049,6.04,51.35999999999999,201.64342629482073,670.364238410596,40.099
2026-01-02 09:40:00,E1,29.54,60.26,33.5,4176,8.96,41.1,141.36763710223426,466.07142857142856,32.756
2026-01-02 09:45:00,E2,34.98,91.21,55.25,3535,7.98,60.48,101.05774728416239,442.98245614035085,46.907
2026-01-02 09:50:00,E2,33.45,24.84,34.68,6195,5.33,30.99,185.20179372197308,1162.2889305816134,26.473
2026-01-02 09:55:00,E2,62.91,71.07,78.38,4311,10.28,70.78666666666666,68.52646638054364,419.35797665369654,58.657
2026-01-02 10:00:00,E1,48.69,18.73,21.1,4573,8.75,29.50666666666667,93.92072294105566,522.6285714285714,26.433
2026-01-02 10:05:00,E2,36.51,37.11,11.97,2433,7.19,28.53,66.6392769104355,338.3866481223922,23.404
2026-01-02 10:10:00,E2,77.67,6.2,16.51,2539,11.08,33.46,32.689584138019825,229.15162454873646,31.709999999999997
2026-01-02 10:15:00,E3,56.21,50.69,25.71,4340,7.54,44.20333333333334,77.21046077210461,575.5968169761273,36.222
2026-01-02 10:20:00,E3,25.51,5.54,88.43,1672,7.95,39.82666666666667,65.54292434339474,210.31446540880503,36.88
2026-01-02 10:25:00,E4,89.26,44.89,19.38,387,11.89,51.17666666666667,4.335648666816042,32.548359966358284,43.948
2026-01-02 10:30:00,E3,52.0,49.43,99.64,5253,7.62,67.02333333333333,101.01923076923077,689.3700787401575,56.902
2026-01-02 10:35:00,E3,98.83,47.13,39.17,5552,9.6,61.71,56.17727410705252,578.3333333333334,52.745999999999995
2026-01-02 10:40:00,E3,74.83,11.89,34.57,5422,9.89,40.43,72.45757049311773,548.2305358948432,37.176
2026-01-02 10:45:00,E3,63.59,47.64,66.03,6495,9.0,59.086666666666666,102.13870105362477,721.6666666666666,50.214
2026-01-02 10:50:00,E3,79.93,38.09,67.17,6056,10.1,61.73,75.76629550857,599.6039603960396,53.76800000000001
2026-01-02 10:55:00,E2,77.55,68.1,69.79,6315,9.15,71.81333333333333,81.43133462282398,690.1639344262295,59.652
2026-01-02 11:00:00,E4,84.69,38.19,74.56,4034,9.1,65.81333333333333,47.63254221277601,443.2967032967033,57.233
2026-01-02 11:05:00,E3,85.2,69.75,50.05,5815,12.63,68.33333333333333,68.25117370892019,460.4117181314331,57.051
2026-01-02 11:10:00,E1,42.11,81.97,97.22,4804,7.5,73.76666666666667,114.08216575635241,640.5333333333333,59.693
2026-01-02 11:15:00,E3,85.41,12.6,50.42,594,9.55,49.47666666666667,6.954689146469969,62.19895287958115,45.179
2026-01-02 11:20:00,E1,42.02,98.47,82.78,7148,9.72,74.42333333333333,170.1094716801523,735.3909465020575,59.078
2026-01-02 11:25:00,E2,36.1,17.31,63.85,2722,8.29,39.086666666666666,75.4016620498615,328.34740651387216,35.105000000000004
2026-01-02 11:30:00,E2,10.77,81.74,10.75,1060,7.48,34.419999999999995,98.42154131847725,141.71122994652404,24.3
2026-01-02 11:35:00,E1,93.54,25.5,47.75,7666,9.96,55.59666666666667,81.95424417361556,769.6787148594377,49.47899999999999
2026-01-02 11:40:00,E1,87.58,37.05,88.23,3278,11.31,70.95333333333333,37.42863667503996,289.83200707338636,62.415
2026-01-02 11:45:00,E2,24.68,30.03,91.19,5575,7.92,48.63333333333333,225.89141004862236,703.9141414141415,42.351
2026-01-02 11:50:00,E4,67.87,88.92,26.89,1070,8.33,61.22666666666667,15.765433917783998,128.45138055222088,47.878
2026-01-02 11:55:00,E4,17.56,52.79,90.76,7296,5.77,53.70333333333334,415.48974943052394,1264.471403812825,44.208
2026-01-02 12:00:00,E1,51.62,74.49,39.8,1551,8.8,55.30333333333332,30.046493607129023,176.24999999999997,44.083999999999996
2026-01-02 12:05:00,E4,10.77,6.01,94.0,3647,6.06,36.92666666666667,338.62581244196843,601.8151815181518,33.845
2026-01-02 12:10:00,E3,96.43,73.29,79.08,5183,9.73,82.93333333333334,53.748833350617026,532.6824254881809,69.257
2026-01-02 12:15:00,E3,25.68,47.29,25.47,7683,5.02,32.81333333333333,299.18224299065423,1530.4780876494026,25.807
2026-01-02 12:20:00,E3,29.08,73.3,45.67,2645,7.77,49.35,90.95598349381018,340.41184041184044,38.639
2026-01-02 12:25:00,E1,91.78,96.16,90.09,1130,9.85,92.67666666666666,12.312050555676619,114.72081218274113,75.763
2026-01-02 12:30:00,E2,25.42,19.71,67.33,2845,8.5,37.48666666666667,111.91974822974035,334.70588235294116,33.467
2026-01-02 12:35:00,E3,95.53,78.9,99.21,2349,9.61,91.21333333333332,24.5891343033602,244.43288241415195,76.124
2026-01-02 12:40:00,E4,35.76,38.76,25.52,2260,6.84,33.346666666666664,63.199105145413874,330.4093567251462,27.503999999999998
2026-01-02 12:45:00,E2,48.3,42.71,91.79,4901,6.5,60.93333333333334,101.46997929606626,754.0,51.869
2026-01-02 12:50:00,E2,76.31,43.88,61.99,1140,10.39,60.72666666666667,14.939064342812213,109.72088546679498,52.34400000000001
2026-01-02 12:55:00,E3,28.4,22.21,96.88,5897,8.11,49.163333333333334,207.64084507042256,727.1270036991369,43.647999999999996
2026-01-02 13:00:00,E3,61.57,85.7,30.36,7290,7.31,59.21,118.40181906772779,997.2640218878249,46.181000000000004
2026-01-02 13:05:00,E2,50.68,74.51,25.65,3128,8.21,50.28,61.720599842146804,380.9987819732034,39.443000000000005
2026-01-02 13:10:00,E1,69.61,22.21,18.53,5778,8.06,36.78333333333333,83.00531532825744,716.8734491315136,32.496
2026-01-02 13:15:00,E4,47.43,77.07,48.31,5940,10.07,57.60333333333333,125.23719165085389,589.87090367428,46.150000000000006
2026-01-02 13:20:00,E3,21.91,60.44,29.68,2942,5.32,37.343333333333334,134.27658603377452,553.0075187969925,28.629
2026-01-02 13:25:00,E2,75.43,33.98,98.27,7140,10.04,69.22666666666667,94.65729815723186,711.1553784860558,60.914
2026-01-02 13:30:00,E3,62.23,41.44,81.13,2607,8.92,61.599999999999994,41.89297766350635,292.2645739910314,53.07999999999999
2026-01-02 13:35:00,E2,68.2,95.0,41.7,7986,9.47,68.3,117.09677419354838,843.2946145723337,53.864
2026-01-02 13:40:00,E3,63.43,22.96,44.43,2712,10.0,43.60666666666666,42.755793788428186,271.2,38.95
2026-01-02 13:45:00,E1,66.99,83.13,96.2,3218,7.83,82.10666666666667,48.03702045081356,410.9833971902937,67.149
2026-01-02 13:50:00,E3,46.35,62.44,85.4,6337,7.89,64.73,136.72060409924487,803.1685678073511,53.59100000000001
2026-01-02 13:55:00,E1,66.15,94.27,35.71,1267,8.73,65.37666666666668,19.15343915343915,145.13172966781212,51.158
2026-01-02 14:00:00,E1,17.86,8.48,13.04,7666,8.13,13.126666666666665,429.2273236282195,942.9274292742926,12.591999999999999
2026-01-02 14:05:00,E4,97.15,24.36,53.34,5894,10.53,58.28333333333334,60.669068450849196,559.7340930674264,52.12499999999999
2026-01-02 14:10:00,E1,12.34,48.02,97.58,616,6.03,52.64666666666667,49.91896272285251,102.1558872305141,43.786
2026-01-02 14:15:00,E1,38.44,45.09,97.17,1706,6.33,60.23333333333333,44.38085327783559,269.5102685624013,50.96699999999999
2026-01-02 14:20:00,E4,44.08,6.1,36.37,5569,8.13,28.849999999999998,126.33847549909257,684.9938499384994,26.980999999999998
2026-01-02 14:25:00,E4,53.33,13.92,17.92,214,10.32,28.39,4.0127507969248075,20.73643410852713,26.223
2026-01-02 14:30:00,E2,87.09,74.73,12.89,6502,12.76,58.23666666666666,74.65839935698702,509.5611285266458,47.492
2026-01-02 14:35:00,E1,37.96,91.76,94.47,5015,5.54,74.73,132.1127502634352,905.2346570397112,59.189
2026-01-02 14:40:00,E3,57.83,45.97,18.2,715,7.12,40.666666666666664,12.363825004323017,100.42134831460675,33.427
2026-01-02 14:45:00,E3,66.42,40.27,33.1,877,10.07,46.596666666666664,13.20385426076483,87.09036742800397,39.924
2026-01-02 14:50:00,E1,49.49,54.29,12.49,815,7.97,38.75666666666667,16.46797332794504,102.25846925972397,31.046
2026-01-02 14:55:00,E4,70.16,38.99,98.34,4202,10.37,69.16333333333334,59.89167616875713,405.20732883317265,60.422
2026-01-02 15:00:00,E4,79.9,83.09,30.98,6891,10.68,64.65666666666667,86.2453066332916,645.2247191011236,52.01800000000001
2026-01-02 15:05:00,E4,16.76,13.63,84.59,5092,4.88,38.32666666666667,303.81861575178993,1043.4426229508197,34.107
2026-01-02 15:10:00,E1,33.0,64.6,73.85,6889,8.11,57.15,208.75757575757575,849.4451294697905,46.596999999999994
2026-01-02 15:15:00,E3,20.59,26.82,60.56,5835,7.57,35.99,283.38999514327344,770.8058124174372,31.223
2026-01-02 15:20:00,E1,58.2,74.84,50.11,6560,8.41,61.05000000000001,112.7147766323024,780.0237812128419,49.14300000000001
2026-01-02 15:25:00,E4,28.07,21.56,21.7,1570,8.14,23.776666666666667,55.931599572497326,192.87469287469287,20.871000000000002
2026-01-02 15:30:00,E3,82.49,6.73,90.01,7932,9.09,59.74333333333334,96.15710995272154,872.6072607260726,54.913999999999994
2026-01-02 15:35:00,E1,77.31,32.66,61.77,2855,11.47,57.24666666666667,36.929245893157415,248.91020052310373,50.55
2026-01-02 15:40:00,E1,54.5,60.19,56.35,7438,9.2,57.01333333333333,136.47706422018348,808.4782608695652,47.132999999999996
2026-01-02 15:45:00,E3,86.56,14.29,79.18,1961,9.9,60.01,22.654805914972272,198.08080808080808,54.559999999999995
2026-01-02 15:50:00,E4,59.43,18.2,54.16,5705,8.2,43.93,95.99528857479388,695.7317073170732,39.357
2026-01-02 15:55:00,E4,54.11,52.62,85.91,1562,9.68,64.21333333333332,28.86712252818333,161.36363636363637,54.466
2026-01-02 16:00:00,E2,19.79,68.49,31.95,7065,7.83,40.07666666666667,356.99848408287016,902.2988505747127,30.785999999999998
2026-01-02 16:05:00,E1,73.91,40.29,53.96,6508,8.53,56.053333333333335,88.0530374780138,762.9542790152403,48.125
2026-01-02 16:10:00,E1,86.81,55.37,69.54,4502,9.59,70.57333333333334,51.86038474830089,469.4473409801877,59.897
2026-01-02 16:15:00,E2,39.88,41.54,10.99,906,8.56,30.80333333333333,22.718154463390167,105.8411214953271,25.281
2026-01-02 16:20:00,E1,50.99,23.29,79.11,5664,7.42,51.129999999999995,111.08060404000784,763.3423180592991,45.172000000000004
2026-01-02 16:25:00,E4,27.11,65.22,83.27,672,6.71,58.53333333333333,24.78790114348949,100.14903129657228,47.5
2026-01-02 16:30:00,E2,83.76,74.56,89.78,7357,10.58,82.7,87.83428844317096,695.3686200378072,69.09
2026-01-02 16:35:00,E3,17.02,17.12,91.51,667,4.38,41.88333333333333,39.18918918918919,152.28310502283105,36.859
2026-01-02 16:40:00,E4,64.68,38.98,93.13,5646,9.22,65.59666666666666,87.291280148423,612.3644251626897,56.983
2026-01-02 16:45:00,E2,76.59,87.75,67.44,1423,12.0,77.26,18.57944901423162,118.58333333333333,63.159
2026-01-02 16:50:00,E3,39.52,38.16,45.17,1468,6.36,40.95,37.14574898785425,230.81761006289307,34.311
2026-01-02 16:55:00,E3,21.05,14.03,23.16,6033,4.69,19.41333333333333,286.603325415677,1286.3539445628996,17.006999999999998
2026-01-02 17:00:00,E3,86.64,66.06,14.98,4817,9.38,55.893333333333324,55.59787626962142,513.5394456289978,45.574
2026-01-02 17:05:00,E1,63.82,26.43,59.96,1532,10.38,50.07,24.00501410216233,147.59152215799614,44.496
2026-01-02 17:10:00,E4,48.09,5.73,28.62,2796,9.69,27.480000000000004,58.14098565190268,288.54489164086687,26.096999999999998
2026-01-02 17:15:00,E3,67.16,80.26,94.68,271,10.87,80.7,4.035139964264443,24.931002759889605,66.778
2026-01-02 17:20:00,E4,63.23,71.22,32.4,5836,10.41,55.61666666666667,92.29795982919501,560.6147934678194,45.01499999999999
2026-01-02 17:25:00,E3,28.39,47.98,38.07,3109,8.63,38.14666666666667,109.5103909827404,360.2549246813441,31.259999999999998
2026-01-02 17:30:00,E1,42.74,60.05,21.57,6347,9.37,41.453333333333326,148.50257370145061,677.3745997865528,33.177
2026-01-02 17:35:00,E1,35.78,60.09,65.87,1792,7.77,53.913333333333334,50.08384572386808,230.63063063063063,44.06700000000001
2026-01-02 17:40:00,E1,52.43,45.55,47.59,1432,7.06,48.52333333333333,27.312607285905017,202.83286118980172,40.528
2026-01-02 17:45:00,E1,78.19,21.92,55.18,855,11.49,51.76333333333333,10.934902161401714,74.41253263707571,46.693
2026-01-02 17:50:00,E1,88.23,64.86,35.34,7641,12.82,62.81,86.6031961917715,596.0218408736349,52.607000000000006
2026-01-02 17:55:00,E3,40.95,69.64,49.83,3062,9.63,53.473333333333336,74.77411477411476,317.9646936656282,43.088
2026-01-02 18:00:00,E4,29.27,82.85,20.26,5624,7.83,44.126666666666665,192.14212504270586,718.2630906768837,32.995
2026-01-02 18:05:00,E2,85.09,9.3,28.78,6830,11.15,41.056666666666665,80.26795158067928,612.5560538116591,38.251
2026-01-02 18:10:00,E1,66.6,88.83,44.19,5449,7.97,66.54,81.81681681681683,683.6888331242159,52.596999999999994
2026-01-02 18:15:00,E4,24.69,62.16,34.76,6523,6.74,40.53666666666666,264.19603078169297,967.8041543026706,31.614999999999995
2026-01-02 18:20:00,E1,12.84,93.02,76.0,354,4.58,60.620000000000005,27.570093457943926,77.29257641921397,46.172
2026-01-02 18:25:00,E2,43.4,88.34,96.84,6401,5.93,76.19333333333334,147.48847926267283,1079.4266441821248,60.926
2026-01-02 18:30:00,E1,60.78,75.76,59.83,1568,7.14,65.45666666666666,25.79795985521553,219.60784313725492,52.76299999999999
2026-01-02 18:35:00,E3,68.52,7.11,41.08,619,9.43,38.90333333333333,9.033858727378869,65.64156945917286,36.188
2026-01-02 18:40:00,E3,76.83,13.27,23.12,4693,8.34,37.74,61.082910321489,562.7098321342926,34.306999999999995
2026-01-02 18:45:00,E2,57.39,17.76,39.36,382,8.76,38.17,6.656211883603415,43.60730593607306,34.329
2026-01-02 18:50:00,E4,57.36,10.96,18.5,2550,7.61,28.939999999999998,44.45606694560669,335.0854139290407,26.472
2026-01-02 18:55:00,E4,54.33,49.79,38.92,1389,9.67,47.68000000000001,25.565985643291,143.6401240951396,39.867
2026-01-02 19:00:00,E4,98.15,85.64,66.78,4767,10.66,83.52333333333334,48.56851757514009,447.1857410881801,68.739
2026-01-02 19:05:00,E3,87.31,83.54,50.33,3648,9.78,73.72666666666667,41.78215553773909,373.00613496932516,59.956
2026-01-02 19:10:00,E2,81.56,84.19,21.89,1227,12.33,62.54666666666666,15.044139283962727,99.51338199513381,50.339
2026-01-02 19:15:00,E1,44.13,85.11,25.65,7024,7.91,51.63,159.16610015862224,887.9898862199747,39.538000000000004
2026-01-02 19:20:00,E2,21.45,8.4,41.25,5829,7.64,23.7,271.74825174825173,762.9581151832462,22.018
2026-01-02 19:25:00,E2,26.12,85.67,36.94,2140,6.2,49.576666666666675,81.92955589586524,345.1612903225806,37.292
2026-01-02 19:30:00,E3,82.24,99.61,60.93,3214,12.03,80.92666666666666,39.0807392996109,267.1654197838737,65.279
2026-01-02 19:35:00,E3,33.2,94.02,29.86,836,8.53,52.35999999999999,25.180722891566262,98.00703399765534,39.428000000000004
2026-01-02 19:40:00,E1,19.67,10.86,32.97,6468,6.16,21.166666666666668,328.8256227758007,1050.0,19.195999999999998
2026-01-02 19:45:00,E3,39.25,85.89,54.45,110,8.11,59.86333333333334,2.8025477707006368,13.563501849568436,46.910000000000004
2026-01-02 19:50:00,E4,69.92,67.72,56.6,146,8.41,64.74666666666666,2.088100686498856,17.360285374554103,53.182
2026-01-02 19:55:00,E4,52.55,87.87,60.63,714,7.44,67.01666666666667,13.587059942911514,95.96774193548387,53.016
2026-01-02 20:00:00,E4,18.86,81.49,36.0,1498,6.96,45.449999999999996,79.42735949098622,215.22988505747128,34.147999999999996
2026-01-02 20:05:00,E1,58.02,8.17,83.05,838,10.41,49.74666666666667,14.443295415374008,80.49951969260327,46.037
2026-01-02 20:10:00,E4,20.34,33.29,94.9,2823,5.7,49.51,138.7905604719764,495.2631578947368,42.370000000000005
2026-01-02 20:15:00,E4,60.5,24.08,26.01,6861,9.17,36.86333333333334,113.40495867768595,748.2006543075246,32.603
2026-01-02 20:20:00,E4,11.94,80.53,68.75,4331,4.58,53.74,362.73031825795647,945.6331877729258,41.229
2026-01-02 20:25:00,E3,55.59,61.99,37.87,3984,10.65,51.81666666666667,71.66756610901241,374.0845070422535,42.566
2026-01-02 20:30:00,E1,75.92,27.46,36.29,1653,9.49,46.556666666666665,21.77291886195996,174.18335089567967,41.053000000000004
2026-01-02 20:35:00,E1,28.88,22.0,37.6,3009,7.5,29.49333333333333,104.18975069252078,401.2,25.844
2026-01-02 20:40:00,E1,40.84,74.78,18.9,1092,9.65,44.84,26.738491674828598,113.16062176165802,34.808
2026-01-02 20:45:00,E2,62.13,29.4,21.84,6342,9.13,37.79,102.07629164654756,694.6330777656078,32.897
2026-01-02 20:50:00,E1,87.96,80.8,74.26,454,12.28,81.00666666666666,5.16143701682583,36.97068403908795,67.28200000000001
2026-01-02 20:55:00,E2,35.26,86.16,48.32,6848,6.01,56.57999999999999,194.2144072603517,1139.434276206323,43.507999999999996
2026-01-02 21:00:00,E1,46.69,40.19,36.12,7173,9.34,41.0,153.6303276932962,767.9871520342613,34.749
2026-01-02 21:05:00,E3,21.26,13.29,30.28,3014,5.4,21.61,141.76857949200377,558.1481481481482,19.199999999999996
2026-01-02 21:10:00,E4,56.16,62.03,71.9,7171,10.31,63.36333333333334,127.68874643874645,695.5383123181377,52.885999999999996
2026-01-02 21:15:00,E4,83.25,87.31,13.81,5964,11.26,61.45666666666667,71.63963963963964,529.6625222024867,48.832
2026-01-02 21:20:00,E4,95.89,58.08,72.93,3855,13.14,75.63333333333334,40.20231515277923,293.37899543378995,64.89
2026-01-02 21:25:00,E3,59.09,6.41,60.25,545,10.88,41.916666666666664,9.223218818751057,50.09191176470588,39.260000000000005
2026-01-02 21:30:00,E1,28.04,83.22,34.78,5779,7.68,48.68,206.0984308131241,752.4739583333334,37.026
2026-01-02 21:35:00,E3,80.01,52.84,71.21,5144,10.16,68.02,64.29196350456192,506.2992125984252,57.965999999999994
2026-01-02 21:40:00,E1,94.73,86.48,62.57,3833,10.37,81.26,40.4623667264858,369.62391513982647,66.56
2026-01-02 21:45:00,E1,49.36,23.03,50.03,3379,7.87,40.806666666666665,68.45623987034035,429.35196950444725,35.997
2026-01-02 21:50:00,E2,84.35,93.95,46.56,6588,9.94,74.95333333333333,78.10314167160641,662.7766599597586,60.051
2026-01-02 21:55:00,E1,88.74,89.29,86.32,6353,10.4,88.11666666666667,71.59116520171287,610.8653846153846,72.45599999999999
2026-01-02 22:00:00,E3,52.75,91.18,70.16,689,7.13,71.36333333333333,13.061611374407583,96.63394109396914,56.535
2026-01-02 22:05:00,E4,91.91,30.69,69.43,1317,11.28,64.01,14.32923512131433,116.75531914893618,56.796
2026-01-02 22:10:00,E4,29.55,67.96,98.25,6451,8.63,65.25333333333333,218.30795262267344,747.5086906141366,53.658
2026-01-02 22:15:00,E2,88.11,97.13,45.74,2836,9.1,76.99333333333334,32.18703892861196,311.64835164835165,61.401
2026-01-02 22:20:00,E3,63.89,45.54,70.78,2926,9.98,60.07,45.79746439192362,293.186372745491,51.505
2026-01-02 22:25:00,E3,31.65,27.67,18.88,6261,5.73,26.066666666666666,197.81990521327015,1092.6701570680627,21.839
2026-01-02 22:30:00,E4,74.27,23.93,23.49,6733,8.0,40.563333333333325,90.65571563215296,841.625,35.714
2026-01-02 22:35:00,E3,83.05,88.16,80.6,163,10.07,83.93666666666665,1.9626730885009032,16.18669314796425,68.74099999999999
2026-01-02 22:40:00,E2,29.85,71.02,52.64,3369,6.46,51.169999999999995,112.8643216080402,521.5170278637771,40.243
2026-01-02 22:45:00,E3,10.68,77.43,82.9,387,6.81,57.00333333333334,36.235955056179776,56.82819383259912,44.922000000000004
2026-01-02 22:50:00,E3,20.19,69.02,52.63,4501,5.41,47.28,222.9321446260525,831.9778188539741,36.732
2026-01-02 22:55:00,E2,20.87,36.49,58.05,2079,4.93,38.47,99.6166746526114,421.7038539553753,31.96
2026-01-02 23:00:00,E2,39.13,20.51,22.79,2050,7.98,27.47666666666667,52.389470994122156,256.8922305764411,24.274
2026-01-02 23:05:00,E2,71.95,23.62,26.1,5961,8.24,40.55666666666667,82.84920083391243,723.4223300970874,35.787000000000006
2026-01-02 23:10:00,E1,62.15,70.87,69.27,5637,8.87,67.43,90.69991954947707,635.5129650507329,55.374
2026-01-02 23:15:00,E1,43.74,27.53,73.72,776,6.6,48.330000000000005,17.74119798811157,117.57575757575758,42.064
2026-01-02 23:20:00,E4,39.93,87.9,67.87,5790,9.09,65.23333333333333,145.0037565740045,636.963696369637,51.738
2026-01-02 23:25:00,E2,14.98,21.98,18.43,1942,5.66,18.463333333333335,129.6395193591455,343.10954063604237,15.551
2026-01-02 23:30:00,E3,85.55,44.74,59.01,1953,10.15,63.099999999999994,22.82875511396844,192.41379310344826,54.346000000000004
2026-01-02 23:35:00,E2,25.43,12.46,99.48,2637,7.93,45.79,103.69642154935116,332.5346784363178,41.551
2026-01-02 23:40:00,E2,46.2,92.87,48.78,4692,8.44,62.61666666666667,101.55844155844156,555.9241706161138,48.75600000000001
2026-01-02 23:45:00,E2,70.41,59.13,34.39,4344,10.8,54.64333333333334,61.69578184916916,402.2222222222222,45.426
2026-01-02 23:50:00,E3,91.91,87.1,44.14,1771,11.97,74.38333333333333,19.26884996191927,147.953216374269,60.62899999999999
2026-01-02 23:55:00,E1,45.54,53.05,59.59,4518,9.99,52.72666666666667,99.2094861660079,452.2522522522522,44.147
2026-01-03 00:00:00,E1,69.96,14.67,76.99,4986,11.44,53.873333333333335,71.26929674099486,435.83916083916085,49.30699999999999
2026-01-03 00:05:00,E4,60.57,52.49,90.26,1717,8.72,67.77333333333333,28.34736668317649,196.90366972477062,57.491
2026-01-03 00:10:00,E4,61.6,28.1,13.35,4165,8.7,34.35,67.61363636363636,478.7356321839081,29.845
2026-01-03 00:15:00,E4,64.45,65.09,19.48,6153,7.68,49.67333333333334,95.46935608999223,801.171875,39.733000000000004
2026-01-03 00:20:00,E1,86.08,59.19,97.04,5396,11.99,80.77,62.685873605947954,450.0417014178482,69.172
2026-01-03 00:25:00,E1,71.35,99.93,96.1,5093,10.94,89.12666666666667,71.38051857042747,465.53930530164536,72.409
2026-01-03 00:30:00,E1,63.61,25.93,54.21,4542,8.63,47.916666666666664,71.40386731645968,526.3035921205098,42.257999999999996
2026-01-03 00:35:00,E2,31.53,93.09,39.98,1561,6.84,54.86666666666667,49.508404693942275,228.21637426900585,41.439
2026-01-03 00:40:00,E3,78.45,23.42,41.07,6242,12.0,47.64666666666667,79.5666029318037,520.1666666666666,42.94
2026-01-03 00:45:00,E1,41.11,83.92,51.32,7092,5.94,58.78333333333333,172.51277061542203,1193.9393939393938,45.70100000000001
2026-01-03 00:50:00,E3,63.27,60.75,15.09,2607,10.42,46.370000000000005,41.20436225699383,250.1919385796545,37.742000000000004
2026-01-03 00:55:00,E2,68.89,42.99,36.97,6337,9.37,49.61666666666667,91.98722601248367,676.307363927428,42.230000000000004
2026-01-03 01:00:00,E3,76.36,20.05,68.97,4937,8.36,55.126666666666665,64.65426925091671,590.5502392344498,49.28099999999999
2026-01-03 01:05:00,E4,80.38,36.55,60.78,7472,10.58,59.23666666666666,92.9584473749689,706.2381852551985,51.773999999999994
2026-01-03 01:10:00,E2,30.05,28.73,44.1,1390,5.36,34.29333333333333,46.25623960066556,259.3283582089552,29.063
2026-01-03 01:15:00,E2,35.03,12.74,67.92,5642,6.33,38.56333333333333,161.06194690265485,891.3112164296998,34.699
2026-01-03 01:20:00,E4,20.5,15.99,57.45,3803,6.44,31.313333333333333,185.5121951219512,590.5279503105589,27.871
2026-01-03 01:25:00,E3,24.21,77.34,79.78,6278,5.17,60.443333333333335,259.3143329202809,1214.3133462282399,47.699000000000005
2026-01-03 01:30:00,E2,80.72,73.92,37.06,4193,8.79,63.9,51.94499504459861,477.01934015927196,51.876000000000005
2026-01-03 01:35:00,E2,91.05,5.28,98.67,3860,12.62,65.0,42.39428885227897,305.8637083993661,60.495999999999995
2026-01-03 01:40:00,E1,35.67,43.68,68.07,4327,7.89,49.13999999999999,121.30641996075133,548.4157160963244,41.436
2026-01-03 01:45:00,E4,84.66,72.19,92.07,401,11.91,82.97333333333333,4.736593432553745,33.66918555835432,69.839
2026-01-03 01:50:00,E1,11.32,48.21,75.79,100,4.29,45.10666666666666,8.8339222614841,23.31002331002331,36.633
2026-01-03 01:55:00,E2,41.32,72.62,47.29,2420,5.81,53.74333333333333,58.56727976766699,416.52323580034425,42.269
2026-01-03 02:00:00,E1,44.88,18.04,25.71,4912,9.95,29.543333333333333,109.44741532976826,493.66834170854275,26.775
2026-01-03 02:05:00,E1,62.16,35.3,99.46,3919,10.91,65.64,63.04697554697555,359.211732355637,57.727999999999994
2026-01-03 02:10:00,E2,58.02,84.8,72.71,6488,9.34,71.84333333333332,111.8235091347811,694.6466809421842,58.047000000000004
2026-01-03 02:15:00,E1,83.99,73.56,99.18,7429,8.76,85.57666666666667,88.45100607215146,848.0593607305937,71.41499999999999
2026-01-03 02:20:00,E3,81.89,11.44,81.99,2039,11.19,58.44,24.8992550983026,182.21626452189454,53.69
2026-01-03 02:25:00,E2,57.22,63.04,23.75,5065,10.55,48.00333333333333,88.51800069905627,480.0947867298578,39.009
2026-01-03 02:30:00,E3,81.1,5.17,94.18,4321,9.08,60.15,53.27990135635019,475.8810572687225,55.434
2026-01-03 02:35:00,E4,35.13,15.57,89.05,5586,7.84,46.583333333333336,159.00939368061483,712.5,41.936
2026-01-03 02:40:00,E4,50.04,17.57,87.72,5921,9.71,51.776666666666664,118.32533972821743,609.783728115345,46.784
2026-01-03 02:45:00,E1,49.69,47.12,95.81,3642,6.83,64.20666666666666,73.29442543771383,533.2357247437775,54.44
2026-01-03 02:50:00,E4,20.49,18.14,21.14,5722,8.09,19.923333333333332,279.25817471937535,707.2929542645242,17.734999999999996
2026-01-03 02:55:00,E4,56.38,48.98,77.01,7837,7.47,60.79,139.00319262149696,1049.1298527443107,51.307
2026-01-03 03:00:00,E1,56.34,37.42,21.96,5789,10.65,38.57333333333333,102.75115370962016,543.5680751173709,33.104000000000006
2026-01-03 03:05:00,E2,59.2,17.64,63.07,6027,7.79,46.63666666666666,101.80743243243242,773.6842105263158,41.767
2026-01-03 03:10:00,E1,81.06,13.23,54.81,4207,11.46,49.70000000000001,51.89982728842833,367.1029668411867,45.699000000000005
2026-01-03 03:15:00,E4,51.36,78.96,19.61,5586,9.06,49.97666666666667,108.76168224299066,616.5562913907285,38.894999999999996
2026-01-03 03:20:00,E2,77.44,97.62,15.22,2470,10.9,63.42666666666667,31.895661157024794,226.60550458715596,49.502
2026-01-03 03:25:00,E4,54.02,40.09,44.84,3567,8.41,46.31666666666667,66.03109959274343,424.13793103448273,39.358000000000004
2026-01-03 03:30:00,E1,80.45,76.59,84.35,1192,8.95,80.46333333333334,14.816656308266003,133.18435754189946,66.548
2026-01-03 03:35:00,E2,71.66,46.63,84.8,2242,8.05,67.69666666666666,31.286631314540887,278.50931677018633,57.873999999999995
2026-01-03 03:40:00,E1,67.97,89.75,93.85,5573,8.08,83.85666666666667,81.99205531852287,689.7277227722773,68.112
2026-01-03 03:45:00,E3,62.17,68.36,22.64,1056,7.87,51.05666666666667,16.98568441370436,134.18043202033036,40.689
2026-01-03 03:50:00,E4,20.58,9.08,55.54,6775,5.89,28.399999999999995,329.20310981535476,1150.2546689303906,25.83
2026-01-03 03:55:00,E2,11.59,92.8,84.09,192,6.93,62.826666666666675,16.56600517687662,27.705627705627705,48.65
2026-01-03 04:00:00,E2,57.99,13.63,54.94,5131,7.87,42.18666666666667,88.48077254699086,651.9695044472682,38.178999999999995
2026-01-03 04:05:00,E3,15.01,38.99,70.32,3595,6.93,41.44,239.50699533644237,518.7590187590188,34.783
2026-01-03 04:10:00,E4,18.94,45.81,53.0,548,7.96,39.25,28.933474128827875,68.84422110552764,32.336
2026-01-03 04:15:00,E1,29.8,39.67,11.14,5996,7.4,26.87,201.20805369127515,810.2702702702702,21.696
2026-01-03 04:20:00,E4,65.35,94.0,39.46,1487,10.52,66.27,22.75439938791125,141.34980988593156,52.347
2026-01-03 04:25:00,E3,46.05,73.18,83.4,2334,6.47,67.54333333333334,50.68403908794789,360.741885625966,54.765
2026-01-03 04:30:00,E1,34.55,65.47,32.74,7925,7.07,44.25333333333333,229.37771345875544,1120.933521923621,34.695
2026-01-03 04:35:00,E3,92.17,50.63,31.59,2029,11.53,58.13,22.01367039166757,175.97571552471814,49.56
2026-01-03 04:40:00,E1,25.21,48.55,79.62,7948,8.17,51.126666666666665,315.2717175723919,972.827417380661,42.793
2026-01-03 04:45:00,E2,56.1,52.57,41.33,3952,7.03,50.0,70.44563279857397,562.1621621621622,41.149
2026-01-03 04:50:00,E3,19.47,14.82,14.96,7958,7.34,16.416666666666668,408.73138161273755,1084.1961852861036,14.761
2026-01-03 04:55:00,E2,54.05,57.88,55.81,7818,9.3,55.913333333333334,144.64384828862165,840.6451612903226,46.394
2026-01-03 05:00:00,E2,79.82,34.17,47.15,3984,8.76,53.71333333333333,49.91230268103233,454.79452054794524,46.677
2026-01-03 05:05:00,E2,41.56,51.45,50.01,3648,8.29,47.67333333333334,87.776708373436,440.0482509047045,39.419000000000004
2026-01-03 05:10:00,E1,14.98,9.23,73.78,2742,6.16,32.663333333333334,183.04405874499332,445.12987012987014,29.706
2026-01-03 05:15:00,E4,90.61,52.31,92.63,5358,12.64,78.51666666666667,59.132546076591986,423.8924050632911,67.962
2026-01-03 05:20:00,E4,13.21,21.14,36.1,4974,6.47,23.483333333333334,376.53292959878877,768.7789799072643,20.315
2026-01-03 05:25:00,E1,44.93,26.38,77.75,4458,7.86,49.68666666666667,99.22101046071667,567.175572519084,43.652
2026-01-03 05:30:00,E3,23.07,79.42,93.05,6561,7.95,65.18,284.39531859557866,825.2830188679245,52.31
2026-01-03 05:35:00,E1,99.55,65.16,14.18,965,13.58,59.629999999999995,9.69362129583124,71.06038291605302,49.867
2026-01-03 05:40:00,E4,14.84,20.8,13.49,7992,6.49,16.37666666666667,538.544474393531,1231.4329738058552,13.956999999999999
2026-01-03 05:45:00,E2,80.98,73.74,58.98,3126,12.04,71.23333333333333,38.60212398122993,259.63455149501664,59.144000000000005
2026-01-03 05:50:00,E4,27.54,87.77,97.73,5285,6.99,71.01333333333334,191.90268700072622,756.0801144492132,56.532999999999994
2026-01-03 05:55:00,E4,33.94,48.67,25.83,3937,8.51,36.14666666666667,115.99882144961698,462.6321974148061,29.366999999999997
2026-01-03 06:00:00,E1,81.57,43.34,44.38,6487,8.66,56.43,79.52678680887581,749.0762124711316,48.184999999999995
2026-01-03 06:05:00,E2,30.76,39.62,68.81,1196,8.86,46.39666666666667,38.8816644993498,134.98871331828443,39.567
2026-01-03 06:10:00,E4,21.87,72.17,98.39,1160,4.48,64.14333333333333,53.04069501600365,258.9285714285714,51.408
2026-01-03 06:15:00,E1,66.28,69.56,61.85,3078,9.67,65.89666666666666,46.43934821967411,318.30403309203723,54.285
2026-01-03 06:20:00,E1,53.0,55.42,75.04,4893,8.3,61.153333333333336,92.32075471698113,589.5180722891565,51.156000000000006
2026-01-03 06:25:00,E3,67.89,43.13,56.09,1984,11.25,55.70333333333334,29.22374429223744,176.35555555555555,48.07000000000001
2026-01-03 06:30:00,E3,72.54,23.1,35.48,4348,10.4,43.70666666666667,59.93934381031155,418.07692307692304,39.105999999999995
2026-01-03 06:35:00,E4,84.38,83.29,41.02,5939,9.28,69.56333333333335,70.38397724579285,639.9784482758621,56.13399999999999
2026-01-03 06:40:00,E3,72.12,9.29,94.9,3925,8.71,58.77,54.42318358291735,450.6314580941446,53.705999999999996
2026-01-03 06:45:00,E1,24.0,38.47,35.39,6789,5.97,32.62,282.875,1137.1859296482412,26.704999999999995
2026-01-03 06:50:00,E1,57.89,58.32,73.44,1988,7.0,63.21666666666667,34.3409915356711,284.0,52.463
2026-01-03 06:55:00,E1,55.33,22.36,85.31,1813,10.51,54.333333333333336,32.76703415868426,172.5023786869648,48.766
2026-01-03 07:00:00,E2,92.96,24.24,20.76,7885,10.99,45.98666666666666,84.82142857142858,717.4704276615105,41.162
2026-01-03 07:05:00,E1,91.12,62.77,73.44,5951,11.12,75.77666666666667,65.30948200175592,535.1618705035971,64.146
2026-01-03 07:10:00,E2,58.89,8.49,46.97,5836,10.21,38.11666666666667,99.10001698081169,571.5964740450538,35.498
2026-01-03 07:15:00,E4,41.77,64.09,17.85,5211,9.63,41.23666666666667,124.75460857074454,541.1214953271027,32.63
2026-01-03 07:20:00,E2,44.32,56.95,78.66,4688,8.69,59.97666666666667,105.77617328519855,539.4706559263522,50.022
2026-01-03 07:25:00,E3,66.01,35.56,72.88,713,9.58,58.15,10.801393728222996,74.4258872651357,50.69499999999999
2026-01-03 07:30:00,E2,46.42,26.2,61.01,1957,7.68,44.54333333333333,42.15855234812581,254.81770833333334,39.004999999999995
2026-01-03 07:35:00,E4,71.49,40.95,43.36,512,8.75,51.93333333333334,7.1618408168974685,58.51428571428571,44.394999999999996
2026-01-03 07:40:00,E4,52.84,89.12,34.02,3680,6.54,58.660000000000004,69.6442089326268,562.6911314984709,45.190000000000005
2026-01-03 07:45:00,E1,27.55,9.55,30.23,6029,8.62,22.44333333333333,218.83847549909257,699.4199535962878,20.968
2026-01-03 07:50:00,E2,20.91,47.06,73.08,452,5.23,47.01666666666667,21.616451458632234,86.4244741873805,38.655
2026-01-03 07:55:00,E2,37.44,71.19,66.71,4523,8.61,58.44666666666666,120.80662393162393,525.3193960511034,47.205
2026-01-03 08:00:00,E3,74.53,9.84,77.54,843,8.71,53.970000000000006,11.310881524218436,96.78530424799081,49.330999999999996
2026-01-03 08:05:00,E3,40.68,18.63,18.86,3544,6.71,26.05666666666667,87.11897738446412,528.1669150521609,22.93
2026-01-03 08:10:00,E2,69.48,14.33,76.63,2855,8.24,53.48,41.090961427748994,346.4805825242718,48.347
2026-01-03 08:15:00,E1,59.87,70.82,44.25,2844,8.35,58.31333333333333,47.502922999832975,340.5988023952096,47.07
2026-01-03 08:20:00,E2,58.21,62.53,30.6,2683,8.82,50.446666666666665,46.091736814980244,304.1950113378685,40.913000000000004
2026-01-03 08:25:00,E4,82.97,80.93,95.8,7784,9.12,86.56666666666666,93.8170423044474,853.5087719298247,71.64099999999999
2026-01-03 08:30:00,E1,90.37,68.23,65.13,7767,9.22,74.57666666666667,85.9466637158349,842.407809110629,62.14000000000001
2026-01-03 08:35:00,E3,55.42,76.02,29.42,3937,10.31,53.620000000000005,71.03933597979069,381.8622696411251,42.718
2026-01-03 08:40:00,E4,92.17,61.35,62.98,6425,11.7,72.16666666666667,69.70814798741456,549.1452991452992,61.155
2026-01-03 08:45:00,E4,89.21,62.62,36.78,1023,9.56,62.87,11.467324290998768,107.00836820083681,52.233
2026-01-03 08:50:00,E3,93.41,66.55,14.97,2288,9.36,58.309999999999995,24.494165506905045,244.44444444444446,47.696
2026-01-03 08:55:00,E1,45.56,33.33,55.42,891,6.29,44.77,19.55662862159789,141.65341812400635,38.21800000000001
2026-01-03 09:00:00,E3,95.14,38.23,48.35,5723,12.62,60.57333333333333,60.153458061803654,453.486529318542,53.217
2026-01-03 09:05:00,E1,19.41,44.35,18.9,5940,6.36,27.55333333333333,306.02782071097374,933.9622641509434,21.634999999999998
2026-01-03 09:10:00,E1,40.81,11.1,54.41,4404,5.93,35.44,107.9147267826513,742.664418212479,31.971999999999998
2026-01-03 09:15:00,E1,34.26,13.56,98.73,761,6.58,48.85,22.21249270286048,115.65349544072949,43.925
2026-01-03 09:20:00,E4,22.73,93.5,33.97,5504,4.8,50.06666666666666,242.14694236691597,1146.6666666666667,36.669999999999995
2026-01-03 09:25:00,E1,77.64,45.13,76.87,868,8.8,66.54666666666667,11.179804224626482,98.63636363636363,57.138999999999996
2026-01-03 09:30:00,E1,83.1,73.29,10.52,4935,10.86,55.63666666666666,59.38628158844766,454.41988950276243,44.91599999999999
2026-01-03 09:35:00,E1,25.99,9.61,92.32,885,5.54,42.63999999999999,34.051558291650636,159.74729241877256,38.522999999999996
2026-01-03 09:40:00,E1,66.96,61.28,50.15,3576,10.89,59.46333333333334,53.40501792114696,328.3746556473829,49.56699999999999
2026-01-03 09:45:00,E1,86.46,29.38,15.49,7080,10.85,43.776666666666664,81.88757807078419,652.5345622119816,38.631
2026-01-03 09:50:00,E2,53.3,19.5,81.77,3927,7.68,51.52333333333333,73.67729831144466,511.328125,45.957
2026-01-03 09:55:00,E2,26.9,79.63,18.72,1245,6.78,41.75,46.28252788104089,183.6283185840708,30.968
2026-01-03 10:00:00,E4,60.52,83.4,17.61,7440,7.53,53.84333333333334,122.93456708526107,988.0478087649402,41.625
2026-01-03 10:05:00,E2,11.05,64.11,95.63,4776,6.97,56.93,432.21719457013575,685.2223816355811,46.21999999999999
2026-01-03 10:10:00,E3,94.15,82.15,62.83,828,10.45,79.71,8.794476898566117,79.23444976076556,65.614
2026-01-03 10:15:00,E3,71.62,56.63,28.86,2841,11.02,52.370000000000005,39.66769058922088,257.80399274047187,43.674
2026-01-03 10:20:00,E3,35.05,69.42,56.94,4402,7.79,53.803333333333335,125.59201141226819,565.0834403080872,43.038999999999994
2026-01-03 10:25:00,E1,33.83,85.42,51.0,6574,8.52,56.75,194.32456399645287,771.5962441314555,44.236999999999995
2026-01-03 10:30:00,E1,71.67,69.81,60.62,778,10.33,67.36666666666667,10.855309055392771,75.31461761858664,55.715
2026-01-03 10:35:00,E2,11.48,82.83,13.41,3710,4.43,35.906666666666666,323.1707317073171,837.4717832957111,24.918999999999997
2026-01-03 10:40:00,E4,83.75,58.8,55.53,229,10.37,66.02666666666667,2.734328358208955,22.082931533269047,55.617999999999995
2026-01-03 10:45:00,E3,94.17,45.9,26.58,6938,12.39,55.54999999999999,73.67526813210152,559.9677158999193,47.882999999999996
2026-01-03 10:50:00,E3,84.9,81.18,59.12,3483,9.12,75.06666666666668,41.024734982332156,381.90789473684214,61.266
2026-01-03 10:55:00,E4,38.1,31.87,42.98,1133,7.08,37.65,29.73753280839895,160.02824858757063,32.114
2026-01-03 11:00:00,E2,65.71,73.87,54.56,133,9.09,64.71333333333332,2.0240450464160706,14.631463146314632,52.67299999999999
2026-01-03 11:05:00,E3,55.95,41.54,91.39,198,8.91,62.96,3.5388739946380694,22.22222222222222,54.292
2026-01-03 11:10:00,E2,66.9,34.92,96.45,134,7.88,66.09,2.0029895366218233,17.00507614213198,57.565000000000005
2026-01-03 11:15:00,E1,55.38,14.15,23.64,1829,10.65,31.05666666666667,33.02636330805345,171.73708920187792,28.666
2026-01-03 11:20:00,E3,37.73,76.52,93.99,1425,8.34,69.41333333333334,37.76835409488471,170.863309352518,56.48799999999999
2026-01-03 11:25:00,E2,17.99,12.96,77.64,5242,6.79,36.196666666666665,291.38410227904393,772.0176730486008,32.638999999999996
2026-01-03 11:30:00,E4,15.51,73.17,32.93,6809,7.74,40.53666666666667,439.0070921985816,879.7157622739018,30.714
2026-01-03 11:35:00,E2,81.68,94.34,85.84,1705,11.0,87.28666666666668,20.874142997061703,155.0,71.324
2026-01-03 11:40:00,E2,13.38,51.37,14.73,786,4.27,26.493333333333336,58.74439461883408,184.07494145199064,19.561
2026-01-03 11:45:00,E3,62.52,33.31,27.77,1943,8.28,41.2,31.07805502239283,234.6618357487923,35.404999999999994
2026-01-03 11:50:00,E2,72.69,41.73,10.7,2276,7.9,41.70666666666666,31.311046911542167,288.1012658227848,34.943
2026-01-03 11:55:00,E2,35.42,89.66,79.28,2522,8.36,68.12,71.2027103331451,301.6746411483254,54.013999999999996
2026-01-03 12:00:00,E2,82.43,62.9,69.56,6489,11.27,71.63000000000001,78.72133931820939,575.776397515528,60.431000000000004
2026-01-03 12:05:00,E3,10.87,63.69,33.54,4691,7.26,36.03333333333333,431.5547378104876,646.1432506887053,27.512999999999998
2026-01-03 12:10:00,E3,13.0,35.21,89.3,3529,4.95,45.836666666666666,271.46153846153845,712.929292929293,38.722
2026-01-03 12:15:00,E2,25.85,43.9,23.51,6589,6.2,31.08666666666667,254.89361702127658,1062.741935483871,24.828000000000003
2026-01-03 12:20:00,E1,87.4,82.37,65.13,5346,10.59,78.3,61.1670480549199,504.8158640226629,64.351
2026-01-03 12:25:00,E4,10.5,11.13,54.05,339,5.93,25.22666666666667,32.285714285714285,57.16694772344014,22.777
2026-01-03 12:30:00,E1,80.8,13.29,29.97,6797,8.67,41.35333333333333,84.12128712871288,783.9677047289504,37.623
2026-01-03 12:35:00,E2,65.37,17.98,91.63,5079,8.59,58.326666666666675,77.69619091326295,591.2689173457509,52.414
2026-01-03 12:40:00,E2,82.84,73.79,37.83,5525,11.61,64.82,66.69483341380975,475.8828596037899,53.281
2026-01-03 12:45:00,E2,50.22,26.18,50.72,3422,8.4,42.373333333333335,68.14018319394664,407.38095238095235,37.198
2026-01-03 12:50:00,E2,98.86,42.59,49.45,7943,12.94,63.633333333333326,80.34594375885091,613.8330757341577,55.599000000000004
2026-01-03 12:55:00,E1,20.08,37.0,92.7,4391,4.6,49.92666666666667,218.6752988047809,954.5652173913044,42.153999999999996
2026-01-03 13:00:00,E4,80.37,69.66,58.55,5173,10.0,69.52666666666666,64.36481274107254,517.3,57.608
2026-01-03 13:05:00,E2,46.09,22.83,51.74,2795,9.16,40.22,60.642221740073765,305.13100436681225,35.747
2026-01-03 13:10:00,E1,63.72,66.9,37.56,5225,10.2,56.06,81.99937225360954,512.2549019607843,45.804
2026-01-03 13:15:00,E1,83.4,92.44,70.78,7134,11.83,82.20666666666666,85.53956834532373,603.0431107354184,67.10799999999999
2026-01-03 13:20:00,E2,95.06,24.89,81.57,4611,9.55,67.17333333333333,48.50620660635388,482.82722513089004,59.876999999999995
2026-01-03 13:25:00,E1,29.97,39.3,92.67,510,7.43,53.98,17.017017017017018,68.6406460296097,46.138
2026-01-03 13:30:00,E2,64.48,39.08,81.09,2569,9.43,61.550000000000004,39.841811414392055,272.4284199363733,53.373000000000005
2026-01-03 13:35:00,E3,34.88,59.83,72.63,350,8.39,55.78,10.03440366972477,41.71632896305125,45.89699999999999
2026-01-03 13:40:00,E1,37.13,61.89,75.52,1110,5.61,58.18000000000001,29.894963641260436,197.8609625668449,47.295
2026-01-03 13:45:00,E1,22.44,5.64,86.33,4207,8.35,38.13666666666666,187.4777183600713,503.83233532934133,35.429
2026-01-03 13:50:00,E1,25.08,63.1,64.18,5501,7.85,50.78666666666667,219.33811802232856,700.7643312101911,40.967999999999996
2026-01-03 13:55:00,E4,14.47,40.88,70.65,5747,5.69,42.0,397.1665514858327,1010.0175746924428,34.85
2026-01-03 14:00:00,E1,74.33,34.94,89.73,4083,11.84,66.33333333333333,54.930714381810844,344.84797297297297,58.574000000000005
2026-01-03 14:05:00,E3,80.64,43.8,25.62,6656,8.77,50.02,82.53968253968254,758.9509692132269,42.391999999999996
2026-01-03 14:10:00,E1,17.1,10.34,35.02,7474,6.34,20.820000000000004,437.07602339181284,1178.864353312303,18.972
2026-01-03 14:15:00,E2,78.16,14.65,19.54,5779,10.21,37.449999999999996,73.93807574206755,566.0137120470126,34.282
2026-01-03 14:20:00,E3,33.35,16.85,84.9,7891,6.93,45.03333333333334,236.61169415292352,1138.6724386724388,40.23100000000001
2026-01-03 14:25:00,E3,56.89,99.98,10.84,624,10.76,55.903333333333336,10.968535770785726,57.992565055762086,42.467000000000006
2026-01-03 14:30:00,E2,46.32,76.77,94.54,5487,8.42,72.54333333333334,118.45854922279793,651.6627078384798,59.296
2026-01-03 14:35:00,E4,43.59,41.96,82.97,1361,9.82,56.17333333333334,31.222757513191098,138.59470468431772,48.324
2026-01-03 14:40:00,E3,57.0,11.55,19.92,704,9.74,29.49,12.350877192982455,72.27926078028747,27.333999999999996
2026-01-03 14:45:00,E3,10.88,93.94,56.33,4760,3.98,53.71666666666666,437.49999999999994,1195.9798994974874,39.74699999999999
2026-01-03 14:50:00,E4,60.52,91.87,22.38,5393,10.73,58.25666666666667,89.11103767349636,502.6095060577819,45.39
2026-01-03 14:55:00,E4,45.72,39.99,69.1,2963,10.04,51.60333333333333,64.80752405949256,295.11952191235065,44.452
2026-01-03 15:00:00,E2,78.12,63.12,90.94,7530,11.67,77.39333333333333,96.39016897081413,645.2442159383033,65.676
2026-01-03 15:05:00,E4,36.08,42.17,12.78,4029,6.31,30.343333333333334,111.66851441241685,638.5103011093503,24.354000000000003
2026-01-03 15:10:00,E4,86.05,68.82,66.36,491,10.79,73.74333333333334,5.705984892504358,45.50509731232623,61.644999999999996
2026-01-03 15:15:00,E4,69.42,29.76,98.81,4604,8.83,65.99666666666667,66.32094497263036,521.4043035107587,58.187000000000005
2026-01-03 15:20:00,E1,63.98,57.61,34.07,211,10.75,51.88666666666666,3.2979055954985936,19.627906976744185,43.086999999999996
2026-01-03 15:25:00,E4,32.9,13.36,92.0,6131,8.69,46.086666666666666,186.35258358662614,705.5235903337169,41.879999999999995
2026-01-03 15:30:00,E2,19.31,17.88,89.22,745,7.34,42.13666666666666,38.58104609010876,101.49863760217984,37.602999999999994
2026-01-03 15:35:00,E3,99.41,91.83,12.31,4563,10.58,67.85000000000001,45.900814807363446,431.2854442344045,53.99799999999999
2026-01-03 15:40:00,E3,89.39,68.34,71.86,6795,10.37,76.53000000000002,76.01521422977962,655.2555448408872,64.117
2026-01-03 15:45:00,E3,91.45,38.0,81.91,7670,11.14,70.45333333333333,83.87096774193549,688.5098743267504,61.83599999999999
2026-01-03 15:50:00,E2,24.02,99.0,50.38,2910,7.79,57.800000000000004,121.14904246461282,373.5558408215661,43.678000000000004
2026-01-03 15:55:00,E2,48.49,66.05,33.04,1624,6.72,49.19333333333333,33.49144153433698,241.66666666666669,39.013
2026-01-03 16:00:00,E2,83.79,15.9,39.61,4729,9.79,46.43333333333334,56.43871583721207,483.0439223697651,42.158
2026-01-03 16:05:00,E2,68.5,37.91,23.62,2621,9.7,43.343333333333334,38.262773722627735,270.2061855670103,37.158
2026-01-03 16:10:00,E3,51.82,30.86,48.77,3625,9.33,43.81666666666667,69.95368583558472,388.5316184351554,38.215
2026-01-03 16:15:00,E4,20.6,88.13,22.22,7199,7.06,43.65,349.4660194174757,1019.6883852691219,31.884
2026-01-03 16:20:00,E2,20.33,10.87,49.72,5714,4.68,26.97333333333333,281.0624692572553,1220.940170940171,24.125
2026-01-03 16:25:00,E2,22.42,5.22,80.16,3681,6.02,35.93333333333333,164.1837644959857,611.4617940199336,33.022
2026-01-03 16:30:00,E4,62.79,65.91,36.42,7485,10.45,55.04,119.2068800764453,716.2679425837321,45.035
2026-01-03 16:35:00,E3,98.7,44.83,39.3,4882,10.37,60.94333333333333,49.46301925025329,470.7810993249759,52.44
2026-01-03 16:40:00,E1,59.21,42.57,20.61,6396,8.48,40.79666666666667,108.02229353149805,754.2452830188679,34.156
2026-01-03 16:45:00,E1,52.27,40.21,95.26,2904,8.91,62.580000000000005,55.557681270327144,325.9259259259259,54.083
2026-01-03 16:50:00,E3,27.05,94.71,77.95,2119,5.9,66.57,78.33641404805915,359.1525423728813,51.62200000000001
2026-01-03 16:55:00,E1,81.82,62.46,64.57,6019,8.75,69.61666666666666,73.56392080175996,687.8857142857142,58.15899999999999
2026-01-03 17:00:00,E3,61.39,26.48,67.65,2181,9.64,51.84,35.526958788076236,226.24481327800828,45.93599999999999
2026-01-03 17:05:00,E4,27.27,89.63,22.49,1487,8.79,46.46333333333333,54.52878621195453,169.1695108077361,34.612
2026-01-03 17:10:00,E4,46.43,65.64,39.96,2130,8.81,50.67666666666667,45.87551152272238,241.77071509648127,40.807
2026-01-03 17:15:00,E4,36.08,83.28,54.64,2394,8.11,58.0,66.35254988913526,295.19112207151665,45.494
2026-01-03 17:20:00,E3,50.08,99.51,71.84,6476,7.81,73.81,129.31309904153355,829.1933418693983,58.04
2026-01-03 17:25:00,E3,59.42,30.04,81.52,4773,10.12,56.99333333333334,80.32648939750925,471.6403162055336,50.314
2026-01-03 17:30:00,E4,81.51,91.61,72.44,4943,10.45,81.85333333333334,60.6428659060238,473.0143540669857,66.59700000000001
2026-01-03 17:35:00,E4,75.75,30.6,21.82,5225,8.68,42.72333333333333,68.97689768976898,601.9585253456221,37.126999999999995
2026-01-03 17:40:00,E2,61.21,96.41,41.66,2833,8.92,66.42666666666666,46.283287044600556,317.60089686098655,51.92699999999999
2026-01-03 17:45:00,E3,20.81,77.07,43.39,3472,7.27,47.089999999999996,166.84286400768863,477.5790921595599,36.128
2026-01-03 17:50:00,E4,15.8,98.9,26.56,5915,6.3,47.086666666666666,374.3670886075949,938.8888888888889,33.748
2026-01-03 17:55:00,E2,74.76,88.0,48.16,1783,11.79,70.30666666666666,23.849652220438735,151.2298558100085,56.834
2026-01-03 18:00:00,E4,59.66,80.44,21.52,428,9.83,53.873333333333335,7.17398592021455,43.540183112919635,42.40800000000001
2026-01-03 18:05:00,E1,14.49,87.79,56.66,4206,7.79,52.98,290.2691511387163,539.9229781771502,40.461
2026-01-03 18:10:00,E3,30.15,97.49,39.74,3055,8.63,55.79333333333333,101.32669983416253,353.99768250289685,42.191
2026-01-03 18:15:00,E4,72.61,93.51,16.8,7310,10.42,60.973333333333336,100.6748381765597,701.535508637236,47.609
2026-01-03 18:20:00,E2,74.72,55.29,30.26,1468,9.83,53.423333333333325,19.646680942184155,149.33875890132248,44.51800000000001
2026-01-03 18:25:00,E3,87.02,90.22,28.12,4225,10.62,68.45333333333333,48.55205699839118,397.83427495291903,54.71
2026-01-03 18:30:00,E3,78.91,17.02,41.35,6689,12.14,45.76,84.76745659612217,550.9884678747941,41.91
2026-01-03 18:35:00,E4,51.91,82.66,79.33,2069,8.48,71.3,39.857445578886534,243.98584905660377,57.599999999999994
2026-01-03 18:40:00,E1,92.37,67.57,79.67,4943,10.87,79.87,53.51304536104796,454.73781048758053,67.30000000000001
2026-01-03 18:45:00,E1,46.66,84.77,56.73,4678,7.35,62.72,100.25717959708531,636.4625850340136,49.440999999999995
2026-01-03 18:50:00,E1,31.94,99.35,27.23,5586,7.33,52.839999999999996,174.89041953663119,762.0736698499318,39.087
2026-01-03 18:55:00,E1,51.82,55.71,13.57,6949,7.81,40.36666666666667,134.0988035507526,889.7567221510884,32.321
2026-01-03 19:00:00,E2,49.7,93.08,47.37,1069,9.19,63.38333333333333,21.509054325955734,116.32208922742112,49.574999999999996
2026-01-03 19:05:00,E3,46.73,75.21,63.49,3919,7.52,61.81,83.86475497539055,521.1436170212767,49.612
2026-01-03 19:10:00,E1,60.99,34.39,45.3,2225,10.85,46.89333333333334,36.48139039186752,205.06912442396313,40.935
2026-01-03 19:15:00,E3,70.6,40.63,71.36,6787,11.26,60.86333333333332,96.13314447592069,602.753108348135,52.966
2026-01-03 19:20:00,E3,27.68,81.36,62.74,6902,7.08,57.26,249.34971098265896,974.8587570621469,44.81399999999999
2026-01-03 19:25:00,E3,31.06,94.93,22.22,6286,5.26,49.403333333333336,202.38248551191245,1195.0570342205324,36.022
2026-01-03 19:30:00,E2,18.59,34.84,59.06,4596,6.8,37.49666666666667,247.22969338353954,675.8823529411765,31.623
2026-01-03 19:35:00,E1,74.9,41.41,20.57,4973,11.5,45.626666666666665,66.39519359145527,432.4347826086956,39.223
2026-01-03 19:40:00,E2,25.1,41.91,95.26,901,8.62,54.089999999999996,35.89641434262948,104.52436194895593,46.21399999999999
2026-01-03 19:45:00,E1,93.26,48.69,11.95,6344,9.78,51.29999999999999,68.02487668882694,648.6707566462168,43.257000000000005
2026-01-03 19:50:00,E2,62.82,95.08,76.8,7545,7.77,78.23333333333333,120.10506208213944,971.0424710424711,62.456
2026-01-03 19:55:00,E4,74.58,36.46,94.9,6355,9.92,68.64666666666666,85.21051220166265,640.625,60.120000000000005
2026-01-03 20:00:00,E3,13.98,55.36,16.03,1798,6.12,28.456666666666667,128.61230329041487,293.7908496732026,21.299000000000003
2026-01-03 20:05:00,E1,63.88,54.37,44.43,7106,8.58,54.22666666666667,111.2398246712586,828.2051282051282,45.083000000000006
2026-01-03 20:10:00,E4,25.54,9.56,68.87,7994,7.99,34.656666666666666,312.9992169146437,1000.5006257822278,31.833
2026-01-03 20:15:00,E2,10.04,56.45,35.49,7463,4.74,33.99333333333334,743.3266932270917,1574.4725738396623,25.897
2026-01-03 20:20:00,E3,32.58,85.2,49.59,7910,6.03,55.79,242.78698588090853,1311.7744610281923,42.897000000000006
2026-01-03 20:25:00,E2,30.97,52.3,39.84,5819,7.21,41.03666666666667,187.8915079108815,807.0735090152566,33.144999999999996
2026-01-03 20:30:00,E1,47.19,34.66,74.78,4207,9.6,52.21,89.15024369569825,438.2291666666667,45.443
2026-01-03 20:35:00,E3,44.04,46.48,64.95,1435,9.06,51.82333333333333,32.584014532243415,158.38852097130243,43.80499999999999
2026-01-03 20:40:00,E1,15.99,69.55,90.66,758,5.1,58.73333333333333,47.40462789243277,148.62745098039215,46.925000000000004
2026-01-03 20:45:00,E3,55.83,16.46,14.93,5600,10.39,29.073333333333334,100.30449579079348,538.9797882579403,26.598
2026-01-03 20:50:00,E1,17.77,38.27,68.91,3052,6.7,41.65,171.75014068655037,455.5223880597015,34.998000000000005
2026-01-03 20:55:00,E1,71.64,17.83,25.13,7947,8.1,38.199999999999996,110.92964824120602,981.1111111111112,34.217
2026-01-03 21:00:00,E3,49.9,28.32,99.82,3890,8.13,59.346666666666664,77.9559118236473,478.4747847478474,52.205999999999996
2026-01-03 21:05:00,E3,16.62,96.43,49.25,7956,7.89,54.1,478.7003610108303,1008.3650190114068,40.625
2026-01-03 21:10:00,E2,77.88,98.75,73.62,5369,10.75,83.41666666666667,68.93939393939394,499.4418604651163,67.35000000000001
2026-01-03 21:15:00,E1,42.4,21.87,13.94,6329,8.03,26.069999999999997,149.2688679245283,788.1693648816937,22.881999999999998
2026-01-03 21:20:00,E4,50.45,11.72,90.29,2782,9.07,50.82,55.14370664023786,306.72546857772875,46.38
2026-01-03 21:25:00,E1,47.59,19.93,20.61,4368,9.56,29.37666666666667,91.78398823282201,456.90376569037653,26.358
2026-01-03 21:30:00,E4,28.31,40.35,53.34,3474,8.43,40.666666666666664,122.71282232426705,412.0996441281139,34.251
2026-01-03 21:35:00,E1,92.44,12.81,64.3,5583,9.46,56.51666666666667,60.395932496754654,590.1691331923889,51.476000000000006
2026-01-03 21:40:00,E1,34.29,16.06,61.72,1215,7.55,37.35666666666666,35.43307086614173,160.9271523178808,33.525
2026-01-03 21:45:00,E2,20.35,82.12,96.76,110,6.96,66.41000000000001,5.405405405405405,15.804597701149426,52.949000000000005
2026-01-03 21:50:00,E1,66.53,33.95,75.26,7229,8.09,58.580000000000005,108.65774838418758,893.5723114956737,50.945
2026-01-03 21:55:00,E3,73.36,99.03,21.63,5964,10.28,64.67333333333333,81.29770992366413,580.1556420233463,50.358999999999995
2026-01-03 22:00:00,E3,26.68,52.72,37.89,7491,5.92,39.09666666666667,280.7721139430285,1265.3716216216217,31.099
2026-01-03 22:05:00,E2,19.26,47.01,15.84,3094,5.3,27.37,160.64382139148492,583.7735849056604,20.991999999999997
2026-01-03 22:10:00,E3,50.87,32.07,21.82,4442,7.04,34.919999999999995,87.32062119127187,630.9659090909091,29.629
2026-01-03 22:15:00,E4,72.39,7.7,50.4,4359,8.15,43.49666666666667,60.21549937836718,534.8466257668712,40.007
2026-01-03 22:20:00,E1,80.35,72.41,34.04,3986,9.79,62.26666666666666,49.607965152458,407.15015321756897,50.75699999999999
2026-01-03 22:25:00,E2,75.43,27.31,32.81,4479,9.28,45.18333333333334,59.37955720535595,482.6508620689655,39.79
2026-01-03 22:30:00,E1,51.42,31.58,89.49,6872,9.4,57.49666666666667,133.6444963049397,731.063829787234,50.469
2026-01-03 22:35:00,E4,20.52,68.51,20.44,1985,4.54,36.49,96.73489278752437,437.2246696035242,26.898000000000003
2026-01-03 22:40:00,E3,75.89,99.18,90.13,1514,10.34,88.39999999999999,19.949927526683357,146.42166344294003,71.71
2026-01-03 22:45:00,E4,39.17,55.79,51.79,2780,6.68,48.916666666666664,70.97268317589992,416.1676646706587,39.782
2026-01-03 22:50:00,E2,96.13,86.43,10.23,1233,11.33,64.26333333333334,12.826380942473735,108.82612533097969,51.46
2026-01-03 22:55:00,E3,51.86,57.45,11.44,2146,9.23,40.25,41.38064018511377,232.50270855904657,32.326
2026-01-03 23:00:00,E4,45.41,26.32,69.22,6099,7.32,46.98333333333333,134.30962343096235,833.1967213114754,41.117
2026-01-03 23:05:00,E3,42.13,40.88,27.39,390,7.18,36.800000000000004,9.257061476382624,54.317548746518106,30.468000000000004
2026-01-03 23:10:00,E3,60.78,74.84,58.19,3227,10.54,64.60333333333334,53.093122737742675,306.16698292220116,52.76699999999999
2026-01-03 23:15:00,E4,16.56,8.73,69.01,7277,6.71,31.433333333333337,439.4323671497585,1084.500745156483,28.758999999999997
2026-01-03 23:20:00,E4,84.3,25.78,65.69,3607,11.24,58.589999999999996,42.78766310794781,320.9074733096085,52.40099999999999
2026-01-03 23:25:00,E1,46.46,29.06,29.21,2603,7.53,34.91,56.02668962548429,345.6839309428951,30.019
2026-01-03 23:30:00,E1,57.0,29.47,98.86,5160,9.14,61.776666666666664,90.52631578947368,564.5514223194748,54.480000000000004
2026-01-03 23:35:00,E4,71.84,52.11,77.88,4584,11.17,67.27666666666666,63.808463251670375,410.38495971351836,57.571999999999996
2026-01-03 23:40:00,E1,89.34,55.2,43.25,1776,11.83,62.59666666666667,19.879113498992613,150.12679628064242,53.183
2026-01-03 23:45:00,E3,80.42,87.91,56.78,1806,11.95,75.03666666666666,22.45710022382492,151.12970711297072,61.132
2026-01-03 23:50:00,E4,46.2,79.5,32.45,7568,9.99,52.71666666666667,163.8095238095238,757.5575575575575,41.493
2026-01-03 23:55:00,E4,76.57,45.03,73.15,404,9.06,64.91666666666667,5.2762178398850725,44.59161147902869,55.733999999999995
2026-01-04 00:00:00,E1,28.68,74.78,46.59,1972,8.83,50.01666666666667,68.75871687587168,223.3295583238958,39.303000000000004
2026-01-04 00:05:00,E2,97.18,14.05,93.16,7901,12.86,68.13,81.30273718872195,614.3856920684293,62.483999999999995
2026-01-04 00:10:00,E1,99.78,57.45,64.66,1063,10.8,73.96333333333334,10.653437562637803,98.42592592592592,62.982
2026-01-04 00:15:00,E3,45.4,52.95,98.91,5334,9.89,65.75333333333333,117.48898678414098,539.3326592517694,55.861
2026-01-04 00:20:00,E2,73.45,20.2,87.22,5152,9.9,60.29,70.142954390742,520.4040404040404,54.221
2026-01-04 00:25:00,E1,74.07,54.9,64.63,4955,9.21,64.53333333333333,66.89617928986095,538.0021715526601,54.43199999999999
2026-01-04 00:30:00,E1,69.28,9.1,22.18,119,10.84,33.52,1.7176674364896074,10.977859778597786,31.426
2026-01-04 00:35:00,E1,74.83,25.77,69.54,7309,9.29,56.71333333333333,97.67472938660966,786.7599569429494,50.323
2026-01-04 00:40:00,E1,20.43,52.95,61.51,184,6.45,44.96333333333333,9.006363191385217,28.527131782945737,36.461999999999996
2026-01-04 00:45:00,E4,72.93,17.92,96.76,4483,9.1,62.53666666666667,61.46990264637323,492.6373626373627,56.311
2026-01-04 00:50:00,E2,40.26,6.42,67.85,1907,6.1,38.17666666666667,47.367113760556386,312.62295081967216,34.937
2026-01-04 00:55:00,E2,26.8,19.12,59.63,2622,4.83,35.18333333333334,97.83582089552239,542.8571428571429,30.719
2026-01-04 01:00:00,E2,93.81,92.13,90.43,1174,9.7,92.12333333333333,12.514657286003624,121.03092783505156,75.638
2026-01-04 01:05:00,E2,54.98,99.49,12.13,6651,7.47,55.53333333333333,120.97126227719171,890.3614457831326,41.525
2026-01-04 01:10:00,E1,54.49,21.74,17.71,6600,8.02,31.313333333333333,121.1231418608919,822.9426433915212,27.612
2026-01-04 01:15:00,E3,52.56,44.29,79.53,362,8.86,58.79333333333333,6.887366818873668,40.85778781038375,50.257
2026-01-04 01:20:00,E4,27.38,78.85,53.47,1302,7.91,53.23333333333333,47.55295836376918,164.60176991150442,41.607
2026-01-04 01:25:00,E4,69.85,83.55,25.56,6733,7.7,59.65333333333333,96.39226914817466,874.4155844155844,46.873
2026-01-04 01:30:00,E4,88.87,76.91,43.46,5946,9.38,69.74666666666667,66.90671767750646,633.9019189765457,56.957
2026-01-04 01:35:00,E1,77.61,61.17,44.93,1873,10.75,61.23666666666667,24.13348795258343,174.2325581395349,51.145999999999994
2026-01-04 01:40:00,E3,73.9,48.55,65.11,4171,9.37,62.52,56.44113667117726,445.1440768409819,53.287
2026-01-04 01:45:00,E3,99.27,78.15,64.9,7914,10.05,80.77333333333334,79.72197038380176,787.4626865671642,66.891
2026-01-04 01:50:00,E1,79.68,16.56,92.97,2831,11.48,63.07,35.52961847389558,246.60278745644598,57.403
2026-01-04 01:55:00,E3,89.87,36.27,85.2,7429,9.67,70.44666666666667,82.66384778012684,768.2523267838676,61.709
2026-01-04 02:00:00,E4,70.97,12.15,73.93,862,8.4,52.35,12.145977173453572,102.61904761904762,47.580000000000005
2026-01-04 02:05:00,E2,68.41,8.49,16.89,5855,8.73,31.263333333333332,85.58690249963456,670.6758304696449,29.034
2026-01-04 02:10:00,E2,65.19,68.65,13.61,2155,9.3,49.15,33.057217364626474,231.72043010752685,39.23
2026-01-04 02:15:00,E2,67.29,58.48,20.72,2272,8.77,48.830000000000005,33.76430375984544,259.0649942987457,39.853
2026-01-04 02:20:00,E2,78.26,54.38,97.14,6135,11.38,76.59333333333335,78.39253769486326,539.103690685413,65.77199999999999
2026-01-04 02:25:00,E3,80.39,86.48,75.06,7835,10.85,80.64333333333333,97.46237094165942,722.1198156682028,66.101
2026-01-04 02:30:00,E2,81.87,86.17,83.71,5676,10.72,83.91666666666667,69.32942469769146,529.4776119402985,69.052
2026-01-04 02:35:00,E4,84.81,13.61,73.79,7257,11.9,57.403333333333336,85.56773965334277,609.8319327731092,52.68200000000001
2026-01-04 02:40:00,E2,38.9,68.34,38.65,4567,5.75,48.63,117.40359897172237,794.2608695652174,38.083
2026-01-04 02:45:00,E3,37.46,95.85,57.15,4226,8.01,63.48666666666667,112.81366791243994,527.5905118601748,49.154999999999994
2026-01-04 02:50:00,E3,12.85,29.31,45.14,3060,5.52,29.099999999999998,238.13229571984436,554.3478260869566,24.363
2026-01-04 02:55:00,E2,28.77,69.08,46.59,7903,5.31,48.14666666666667,274.69586374695865,1488.3239171374767,37.486000000000004
2026-01-04 03:00:00,E3,30.99,68.43,89.17,7026,5.33,62.86333333333334,226.71829622458858,1318.1988742964352,50.800000000000004
2026-01-04 03:05:00,E4,26.79,39.81,70.11,4661,5.39,45.56999999999999,173.98282941396045,864.7495361781076,38.11
2026-01-04 03:10:00,E3,93.95,54.41,39.91,7490,12.25,62.75666666666667,79.72325705162321,611.4285714285714,53.49
2026-01-04 03:15:00,E1,40.64,38.07,91.43,2988,6.35,56.71333333333334,73.52362204724409,470.55118110236225,48.505
2026-01-04 03:20:00,E1,34.91,48.52,89.27,7036,8.88,57.56666666666666,201.5468347178459,792.3423423423422,48.734
2026-01-04 03:25:00,E1,79.31,45.29,78.12,2317,9.36,67.57333333333334,29.214474845542806,247.54273504273505,58.159
2026-01-04 03:30:00,E3,16.62,23.84,16.2,630,6.02,18.886666666666667,37.90613718411552,104.65116279069768,15.818
2026-01-04 03:35:00,E1,90.81,26.01,90.93,7008,10.76,69.25,77.17211760819293,651.3011152416357,61.876000000000005
2026-01-04 03:40:00,E3,62.43,30.03,24.54,2821,10.91,39.0,45.186609002082335,258.57011915673695,34.279
2026-01-04 03:45:00,E3,18.04,78.87,81.79,6158,6.78,59.56666666666666,341.3525498891353,908.259587020649,47.079
2026-01-04 03:50:00,E3,29.09,13.73,97.73,1443,6.29,46.85,49.604675146098316,229.41176470588235,42.050000000000004
2026-01-04 03:55:00,E4,53.81,8.34,85.51,2248,7.78,49.220000000000006,41.776621445827914,288.9460154241645,45.019999999999996
2026-01-04 04:00:00,E3,31.55,22.89,42.89,7275,6.4,32.443333333333335,230.5863708399366,1136.71875,28.189999999999998
2026-01-04 04:05:00,E2,27.22,53.04,23.36,4928,6.32,34.54,181.04335047759002,779.746835443038,27.046
2026-01-04 04:10:00,E2,59.13,19.75,16.48,6072,8.38,31.786666666666665,102.68899036022323,724.5823389021479,28.308999999999997
2026-01-04 04:15:00,E3,98.59,36.41,35.95,3978,12.08,56.98333333333333,40.34891976873922,329.3046357615894,50.05999999999999
2026-01-04 04:20:00,E3,53.35,68.99,49.77,253,9.21,57.370000000000005,4.742268041237113,27.470141150922906,46.57599999999999
2026-01-04 04:25:00,E3,65.24,71.74,19.76,7406,9.91,52.24666666666666,113.51931330472104,747.3259334006054,41.83
2026-01-04 04:30:00,E3,67.82,45.34,20.61,2233,10.75,44.589999999999996,32.925390740194636,207.72093023255815,37.74699999999999
2026-01-04 04:35:00,E1,51.37,65.59,13.56,4201,7.04,43.50666666666667,81.77924858867044,596.7329545454545,34.005
2026-01-04 04:40:00,E2,96.98,30.93,20.33,3935,9.63,49.413333333333334,40.57537636626108,408.61889927310483,43.305
2026-01-04 04:45:00,E2,13.6,51.99,74.46,5866,5.22,46.68333333333334,431.3235294117647,1123.7547892720306,37.86
2026-01-04 04:50:00,E3,75.47,13.29,51.97,4456,10.24,46.91,59.043328474890686,435.15625,42.938
2026-01-04 04:55:00,E3,84.02,66.4,72.98,5303,11.54,74.46666666666668,63.115924779814335,459.53206239168117,62.68800000000001
2026-01-04 05:00:00,E4,40.34,85.3,24.98,6129,6.55,50.20666666666667,151.93356470004957,935.7251908396947,37.966
2026-01-04 05:05:00,E4,38.72,11.6,21.82,200,9.13,24.046666666666667,5.1652892561983474,21.905805038335156,22.308
2026-01-04 05:10:00,E3,48.05,60.26,64.5,998,7.77,57.60333333333333,20.77003121748179,128.44272844272845,47.370999999999995
2026-01-04 05:15:00,E3,63.8,6.43,33.5,4908,8.81,34.57666666666666,76.92789968652038,557.094211123723,32.238
2026-01-04 05:20:00,E1,55.45,53.69,76.34,498,6.9,61.826666666666675,8.981064021641117,72.17391304347825,51.65500000000001
2026-01-04 05:25:00,E1,96.31,63.34,29.42,6882,11.01,63.02333333333333,71.45675423112864,625.0681198910082,52.589
2026-01-04 05:30:00,E1,70.39,67.95,64.94,4860,10.17,67.76,69.04389828100582,477.8761061946903,56.223
2026-01-04 05:35:00,E3,76.38,75.52,93.84,3343,10.71,81.91333333333333,43.76800209478922,312.13818860877683,68.312
2026-01-04 05:40:00,E4,73.58,41.57,26.98,4296,11.47,47.376666666666665,58.38543082359337,374.54228421970356,40.775999999999996
2026-01-04 05:45:00,E2,42.72,88.26,47.57,2131,7.49,59.51666666666667,49.88295880149813,284.51268357810414,46.236999999999995
2026-01-04 05:50:00,E2,98.01,68.1,49.18,4492,10.1,71.76333333333334,45.83205795327007,444.7524752475248,59.797
2026-01-04 05:55:00,E1,10.07,67.27,11.42,5402,5.25,29.58666666666667,536.4448857994041,1028.952380952381,20.951
2026-01-04 06:00:00,E1,88.66,36.99,61.97,607,11.21,62.54,6.846379427024589,54.148082069580724,54.829
2026-01-04 06:05:00,E1,86.8,21.52,79.6,3628,9.77,62.63999999999999,41.79723502304147,371.3408393039918,56.178000000000004
2026-01-04 06:10:00,E3,33.95,56.74,10.86,1177,8.05,33.85,34.66863033873343,146.2111801242236,26.401
2026-01-04 06:15:00,E3,84.69,44.54,58.43,1921,9.67,62.553333333333335,22.68272523320345,198.6556359875905,53.77799999999999
2026-01-04 06:20:00,E1,64.55,97.85,83.3,6626,8.55,81.89999999999999,102.64910921766074,774.9707602339181,65.63499999999999
2026-01-04 06:25:00,E1,41.25,6.35,44.47,7330,7.62,30.689999999999998,177.6969696969697,961.9422572178478,28.509999999999998
2026-01-04 06:30:00,E2,69.53,9.74,19.37,979,7.73,32.88,14.080253128146124,126.64941785252263,30.163999999999998
2026-01-04 06:35:00,E2,29.44,15.33,50.63,107,8.56,31.8,3.6345108695652173,12.5,28.799000000000003
2026-01-04 06:40:00,E4,20.81,54.9,55.23,3748,7.23,43.64666666666667,180.10571840461319,518.3955739972337,35.238
2026-01-04 06:45:00,E3,80.77,97.71,69.75,7917,10.63,82.74333333333333,98.0190664850811,744.7789275634995,66.824
2026-01-04 06:50:00,E3,65.94,65.25,13.27,7456,10.98,48.153333333333336,113.07249014255385,679.0528233151184,39.009
2026-01-04 06:55:00,E4,92.76,76.04,50.97,4909,13.02,73.25666666666667,52.92151789564467,377.0353302611367,60.931
2026-01-04 07:00:00,E4,39.03,48.31,39.66,2608,7.55,42.333333333333336,66.8203945682808,345.43046357615896,34.778999999999996
2026-01-04 07:05:00,E4,68.87,79.76,22.25,4790,11.53,56.96,69.55132859009728,415.4379878577624,45.593999999999994
2026-01-04 07:10:00,E3,26.35,96.83,83.52,7121,7.66,68.89999999999999,270.24667931688805,929.6344647519583,53.858999999999995
2026-01-04 07:15:00,E3,88.48,11.34,34.99,7327,9.58,44.93666666666667,82.80967450271247,764.8225469728601,41.224999999999994
2026-01-04 07:20:00,E3,61.99,91.21,78.27,7809,9.72,77.15666666666665,125.9719309566059,803.395061728395,62.263999999999996
2026-01-04 07:25:00,E2,21.37,39.14,99.39,3090,5.69,53.300000000000004,144.59522695367338,543.0579964850615,45.193999999999996
2026-01-04 07:30:00,E3,16.15,28.69,77.92,3121,4.2,40.92,193.25077399380805,743.0952380952381,34.79900000000001
2026-01-04 07:35:00,E2,16.71,32.78,37.19,5380,5.68,28.893333333333334,321.9628964691801,947.1830985915493,23.862
2026-01-04 07:40:00,E4,41.42,25.24,17.87,3243,8.91,28.176666666666666,78.29550941574118,363.973063973064,24.617
2026-01-04 07:45:00,E3,52.57,40.49,35.59,3606,9.97,42.88333333333333,68.59425527867604,361.68505516549646,36.54
2026-01-04 07:50:00,E2,63.08,7.42,21.63,2408,9.15,30.709999999999997,38.17374762206722,263.1693989071038,28.727000000000004
2026-01-04 07:55:00,E3,57.48,53.69,78.38,3260,10.4,63.18333333333333,56.71537926235212,313.46153846153845,53.57599999999999
2026-01-04 08:00:00,E4,46.47,95.34,57.5,3494,8.79,66.43666666666667,75.18829352270282,397.4971558589306,52.017
2026-01-04 08:05:00,E1,11.63,83.57,58.85,5735,5.89,51.349999999999994,493.1212381771281,973.6842105263158,39.036
2026-01-04 08:10:00,E3,49.9,75.22,27.2,6615,9.39,50.77333333333333,132.56513026052104,704.4728434504792,40.052
2026-01-04 08:15:00,E4,69.63,48.26,42.68,3173,8.67,53.52333333333333,45.56943846043372,365.9746251441753,45.079
2026-01-04 08:20:00,E4,54.43,73.29,88.79,6932,7.96,72.17,127.35623736909793,870.8542713567839,59.216
2026-01-04 08:25:00,E3,49.55,72.21,30.06,4724,8.96,50.60666666666666,95.3380423814329,527.2321428571428,40.117
2026-01-04 08:30:00,E1,88.48,62.53,93.7,2212,9.17,81.57,25.0,241.22137404580153,68.994
2026-01-04 08:35:00,E4,52.71,19.6,36.59,7126,10.28,36.300000000000004,135.1925630810093,693.1906614785993,32.766
2026-01-04 08:40:00,E4,95.33,13.74,57.7,2168,12.45,55.589999999999996,22.74205391796916,174.13654618473896,51.147
2026-01-04 08:45:00,E1,15.32,77.25,79.3,5973,6.55,57.29,389.88250652741516,911.908396946565,45.146
2026-01-04 08:50:00,E1,84.34,23.54,58.77,4725,8.89,55.550000000000004,56.023239269622955,531.496062992126,49.419
2026-01-04 08:55:00,E3,53.91,8.37,63.33,5186,10.12,41.87,96.19736598033761,512.4505928853755,38.87
2026-01-04 09:00:00,E4,93.39,51.34,91.11,1334,11.04,78.61333333333334,14.284184602205803,120.83333333333334,67.826
2026-01-04 09:05:00,E3,66.8,89.49,66.26,6043,8.13,74.18333333333334,90.46407185628743,743.2964329643296,59.442
2026-01-04 09:10:00,E3,80.03,11.8,67.37,5366,9.63,53.06666666666666,67.04985630388605,557.2170301142263,48.506
2026-01-04 09:15:00,E3,42.57,35.85,75.94,7771,7.71,51.45333333333334,182.54639417430116,1007.911802853437,44.265
2026-01-04 09:20:00,E1,30.4,88.07,96.02,1771,5.37,71.49666666666667,58.256578947368425,329.7951582867784,56.614
2026-01-04 09:25:00,E2,61.25,41.16,17.11,2223,9.12,39.839999999999996,36.29387755102041,243.75000000000003,33.564
2026-01-04 09:30:00,E3,58.93,28.19,28.28,6073,9.5,38.46666666666667,103.05447140675378,639.2631578947369,33.701
2026-01-04 09:35:00,E3,22.44,79.6,17.35,1999,7.81,39.79666666666666,89.08199643493761,255.9539052496799,29.419
2026-01-04 09:40:00,E1,18.25,36.77,22.62,4828,7.62,25.88,264.54794520547944,633.5958005249344,21.139000000000003
2026-01-04 09:45:00,E1,15.38,20.74,14.54,4949,5.61,16.886666666666667,321.7815344603381,882.174688057041,14.245999999999999
2026-01-04 09:50:00,E3,46.59,56.28,66.26,6757,7.09,56.376666666666665,145.03112255848893,953.0324400564175,46.529
2026-01-04 09:55:00,E1,83.04,30.34,42.12,3342,8.59,51.833333333333336,40.24566473988439,389.0570430733411,45.334
2026-01-04 10:00:00,E3,65.88,54.48,46.79,7723,9.28,55.71666666666666,117.22829386763814,832.219827586207,46.553000000000004
2026-01-04 10:05:00,E2,51.45,84.62,77.02,7503,6.61,71.02999999999999,145.83090379008746,1135.0983358547655,56.787000000000006
2026-01-04 10:10:00,E1,97.45,83.85,13.72,4828,9.67,65.00666666666667,49.543355566957416,499.27611168562566,52.05499999999999
2026-01-04 10:15:00,E2,36.36,33.58,47.14,5563,5.54,39.026666666666664,152.997799779978,1004.1516245487364,32.873999999999995
2026-01-04 10:20:00,E4,62.5,94.14,21.41,7872,8.57,59.349999999999994,125.952,918.5530921820304,45.715
2026-01-04 10:25:00,E3,71.43,60.81,37.46,1096,10.48,56.56666666666667,15.343693126137476,104.58015267175573,46.925
2026-01-04 10:30:00,E2,38.58,46.28,28.57,3287,7.28,37.81,85.19958527734578,451.510989010989,30.856999999999996
2026-01-04 10:35:00,E3,57.58,7.41,14.94,2999,10.62,26.64333333333333,52.08405696422369,282.39171374764595,25.361999999999995
2026-01-04 10:40:00,E3,89.6,90.71,65.03,5422,10.53,81.78,60.51339285714286,514.9097815764483,66.637
2026-01-04 10:45:00,E3,37.11,57.38,66.24,6696,8.49,53.576666666666675,180.43654001616815,788.6925795053004,44.178999999999995
2026-01-04 10:50:00,E4,16.01,56.65,25.0,4010,6.35,32.553333333333335,250.46845721424108,631.496062992126,24.903
2026-01-04 10:55:00,E3,42.29,62.71,87.72,2524,7.91,64.24,59.68314022227477,319.0897597977244,53.127
2026-01-04 11:00:00,E1,71.9,90.3,63.98,810,11.14,75.39333333333333,11.265646731571627,72.71095152603232,61.052
2026-01-04 11:05:00,E1,48.74,43.28,92.02,7189,10.17,61.34666666666667,147.49692244562988,706.8829891838741,52.918
2026-01-04 11:10:00,E3,92.48,31.95,33.55,4878,9.26,52.660000000000004,52.746539792387544,526.7818574514039,46.050999999999995
2026-01-04 11:15:00,E1,24.43,20.45,16.69,1860,6.18,20.52333333333333,76.13589848546869,300.97087378640776,17.662000000000003
